[2025-11-19 05:45:48] local.ERROR: Maximum execution time of 30 seconds exceeded {"exception":"[object] (Symfony\\Component\\ErrorHandler\\Error\\FatalError(code: 0): Maximum execution time of 30 seconds exceeded at D:\\SEMESTER 3 TEKNIK INFORMATIKA\\PROYEK-3-PBO\\APK-MANAJEMEN-DOSEN\\devOps\\devOps\\vendor\\laravel\\framework\\src\\Illuminate\\Database\\Connectors\\Connector.php:67)
[stacktrace]
#0 {main}
"} 
[2025-11-19 05:49:39] local.ERROR: Maximum execution time of 30 seconds exceeded {"exception":"[object] (Symfony\\Component\\ErrorHandler\\Error\\FatalError(code: 0): Maximum execution time of 30 seconds exceeded at D:\\SEMESTER 3 TEKNIK INFORMATIKA\\PROYEK-3-PBO\\APK-MANAJEMEN-DOSEN\\devOps\\devOps\\vendor\\laravel\\framework\\src\\Illuminate\\Database\\Connectors\\Connector.php:67)
[stacktrace]
#0 {main}
"} 
[2025-11-19 05:53:41] local.ERROR: Maximum execution time of 30 seconds exceeded {"exception":"[object] (Symfony\\Component\\ErrorHandler\\Error\\FatalError(code: 0): Maximum execution time of 30 seconds exceeded at D:\\SEMESTER 3 TEKNIK INFORMATIKA\\PROYEK-3-PBO\\APK-MANAJEMEN-DOSEN\\devOps\\devOps\\vendor\\laravel\\framework\\src\\Illuminate\\Database\\Connectors\\Connector.php:67)
[stacktrace]
#0 {main}
"} 
[2025-11-19 05:58:13] local.ERROR: Vite manifest not found at: D:\SEMESTER 3 TEKNIK INFORMATIKA\PROYEK-3-PBO\APK-MANAJEMEN-DOSEN\devOps\devOps\public\build/manifest.json (View: D:\SEMESTER 3 TEKNIK INFORMATIKA\PROYEK-3-PBO\APK-MANAJEMEN-DOSEN\devOps\devOps\resources\views\auth\login.blade.php) {"exception":"[object] (Illuminate\\View\\ViewException(code: 0): Vite manifest not found at: D:\\SEMESTER 3 TEKNIK INFORMATIKA\\PROYEK-3-PBO\\APK-MANAJEMEN-DOSEN\\devOps\\devOps\\public\\build/manifest.json (View: D:\\SEMESTER 3 TEKNIK INFORMATIKA\\PROYEK-3-PBO\\APK-MANAJEMEN-DOSEN\\devOps\\devOps\\resources\\views\\auth\\login.blade.php) at D:\\SEMESTER 3 TEKNIK INFORMATIKA\\PROYEK-3-PBO\\APK-MANAJEMEN-DOSEN\\devOps\\devOps\\vendor\\laravel\\framework\\src\\Illuminate\\Foundation\\Vite.php:946)
[stacktrace]
#0 D:\\SEMESTER 3 TEKNIK INFORMATIKA\\PROYEK-3-PBO\\APK-MANAJEMEN-DOSEN\\devOps\\devOps\\vendor\\laravel\\framework\\src\\Illuminate\\View\\Engines\\PhpEngine.php(59): Illuminate\\View\\Engines\\CompilerEngine->handleViewException()
#1 D:\\SEMESTER 3 TEKNIK INFORMATIKA\\PROYEK-3-PBO\\APK-MANAJEMEN-DOSEN\\devOps\\devOps\\vendor\\laravel\\framework\\src\\Illuminate\\View\\Engines\\CompilerEngine.php(76): Illuminate\\View\\Engines\\PhpEngine->evaluatePath()
#2 D:\\SEMESTER 3 TEKNIK INFORMATIKA\\PROYEK-3-PBO\\APK-MANAJEMEN-DOSEN\\devOps\\devOps\\vendor\\laravel\\framework\\src\\Illuminate\\View\\View.php(208): Illuminate\\View\\Engines\\CompilerEngine->get()
#3 D:\\SEMESTER 3 TEKNIK INFORMATIKA\\PROYEK-3-PBO\\APK-MANAJEMEN-DOSEN\\devOps\\devOps\\vendor\\laravel\\framework\\src\\Illuminate\\View\\View.php(191): Illuminate\\View\\View->getContents()
#4 D:\\SEMESTER 3 TEKNIK INFORMATIKA\\PROYEK-3-PBO\\APK-MANAJEMEN-DOSEN\\devOps\\devOps\\vendor\\laravel\\framework\\src\\Illuminate\\View\\View.php(160): Illuminate\\View\\View->renderContents()
#5 D:\\SEMESTER 3 TEKNIK INFORMATIKA\\PROYEK-3-PBO\\APK-MANAJEMEN-DOSEN\\devOps\\devOps\\vendor\\laravel\\framework\\src\\Illuminate\\Http\\Response.php(78): Illuminate\\View\\View->render()
#6 D:\\SEMESTER 3 TEKNIK INFORMATIKA\\PROYEK-3-PBO\\APK-MANAJEMEN-DOSEN\\devOps\\devOps\\vendor\\laravel\\framework\\src\\Illuminate\\Http\\Response.php(34): Illuminate\\Http\\Response->setContent()
#7 D:\\SEMESTER 3 TEKNIK INFORMATIKA\\PROYEK-3-PBO\\APK-MANAJEMEN-DOSEN\\devOps\\devOps\\vendor\\laravel\\framework\\src\\Illuminate\\Routing\\Router.php(939): Illuminate\\Http\\Response->__construct()
#8 D:\\SEMESTER 3 TEKNIK INFORMATIKA\\PROYEK-3-PBO\\APK-MANAJEMEN-DOSEN\\devOps\\devOps\\vendor\\laravel\\framework\\src\\Illuminate\\Routing\\Router.php(906): Illuminate\\Routing\\Router::toResponse()
#9 D:\\SEMESTER 3 TEKNIK INFORMATIKA\\PROYEK-3-PBO\\APK-MANAJEMEN-DOSEN\\devOps\\devOps\\vendor\\laravel\\framework\\src\\Illuminate\\Routing\\Router.php(821): Illuminate\\Routing\\Router->prepareResponse()
#10 D:\\SEMESTER 3 TEKNIK INFORMATIKA\\PROYEK-3-PBO\\APK-MANAJEMEN-DOSEN\\devOps\\devOps\\vendor\\laravel\\framework\\src\\Illuminate\\Pipeline\\Pipeline.php(180): Illuminate\\Routing\\Router->{closure:Illuminate\\Routing\\Router::runRouteWithinStack():821}()
#11 D:\\SEMESTER 3 TEKNIK INFORMATIKA\\PROYEK-3-PBO\\APK-MANAJEMEN-DOSEN\\devOps\\devOps\\vendor\\laravel\\framework\\src\\Illuminate\\Foundation\\Http\\Middleware\\VerifyCsrfToken.php(87): Illuminate\\Pipeline\\Pipeline->{closure:Illuminate\\Pipeline\\Pipeline::prepareDestination():178}()
#12 D:\\SEMESTER 3 TEKNIK INFORMATIKA\\PROYEK-3-PBO\\APK-MANAJEMEN-DOSEN\\devOps\\devOps\\vendor\\laravel\\framework\\src\\Illuminate\\Pipeline\\Pipeline.php(219): Illuminate\\Foundation\\Http\\Middleware\\VerifyCsrfToken->handle()
#13 D:\\SEMESTER 3 TEKNIK INFORMATIKA\\PROYEK-3-PBO\\APK-MANAJEMEN-DOSEN\\devOps\\devOps\\vendor\\laravel\\framework\\src\\Illuminate\\Routing\\Middleware\\SubstituteBindings.php(50): Illuminate\\Pipeline\\Pipeline->{closure:{closure:Illuminate\\Pipeline\\Pipeline::carry():194}:195}()
#14 D:\\SEMESTER 3 TEKNIK INFORMATIKA\\PROYEK-3-PBO\\APK-MANAJEMEN-DOSEN\\devOps\\devOps\\vendor\\laravel\\framework\\src\\Illuminate\\Pipeline\\Pipeline.php(219): Illuminate\\Routing\\Middleware\\SubstituteBindings->handle()
#15 D:\\SEMESTER 3 TEKNIK INFORMATIKA\\PROYEK-3-PBO\\APK-MANAJEMEN-DOSEN\\devOps\\devOps\\vendor\\laravel\\framework\\src\\Illuminate\\Session\\Middleware\\AuthenticateSession.php(47): Illuminate\\Pipeline\\Pipeline->{closure:{closure:Illuminate\\Pipeline\\Pipeline::carry():194}:195}()
#16 D:\\SEMESTER 3 TEKNIK INFORMATIKA\\PROYEK-3-PBO\\APK-MANAJEMEN-DOSEN\\devOps\\devOps\\vendor\\laravel\\framework\\src\\Illuminate\\Pipeline\\Pipeline.php(219): Illuminate\\Session\\Middleware\\AuthenticateSession->handle()
#17 D:\\SEMESTER 3 TEKNIK INFORMATIKA\\PROYEK-3-PBO\\APK-MANAJEMEN-DOSEN\\devOps\\devOps\\vendor\\laravel\\framework\\src\\Illuminate\\Foundation\\Http\\Middleware\\VerifyCsrfToken.php(87): Illuminate\\Pipeline\\Pipeline->{closure:{closure:Illuminate\\Pipeline\\Pipeline::carry():194}:195}()
#18 D:\\SEMESTER 3 TEKNIK INFORMATIKA\\PROYEK-3-PBO\\APK-MANAJEMEN-DOSEN\\devOps\\devOps\\vendor\\laravel\\framework\\src\\Illuminate\\Pipeline\\Pipeline.php(219): Illuminate\\Foundation\\Http\\Middleware\\VerifyCsrfToken->handle()
#19 D:\\SEMESTER 3 TEKNIK INFORMATIKA\\PROYEK-3-PBO\\APK-MANAJEMEN-DOSEN\\devOps\\devOps\\vendor\\laravel\\framework\\src\\Illuminate\\View\\Middleware\\ShareErrorsFromSession.php(48): Illuminate\\Pipeline\\Pipeline->{closure:{closure:Illuminate\\Pipeline\\Pipeline::carry():194}:195}()
#20 D:\\SEMESTER 3 TEKNIK INFORMATIKA\\PROYEK-3-PBO\\APK-MANAJEMEN-DOSEN\\devOps\\devOps\\vendor\\laravel\\framework\\src\\Illuminate\\Pipeline\\Pipeline.php(219): Illuminate\\View\\Middleware\\ShareErrorsFromSession->handle()
#21 D:\\SEMESTER 3 TEKNIK INFORMATIKA\\PROYEK-3-PBO\\APK-MANAJEMEN-DOSEN\\devOps\\devOps\\vendor\\laravel\\framework\\src\\Illuminate\\Session\\Middleware\\StartSession.php(120): Illuminate\\Pipeline\\Pipeline->{closure:{closure:Illuminate\\Pipeline\\Pipeline::carry():194}:195}()
#22 D:\\SEMESTER 3 TEKNIK INFORMATIKA\\PROYEK-3-PBO\\APK-MANAJEMEN-DOSEN\\devOps\\devOps\\vendor\\laravel\\framework\\src\\Illuminate\\Session\\Middleware\\StartSession.php(63): Illuminate\\Session\\Middleware\\StartSession->handleStatefulRequest()
#23 D:\\SEMESTER 3 TEKNIK INFORMATIKA\\PROYEK-3-PBO\\APK-MANAJEMEN-DOSEN\\devOps\\devOps\\vendor\\laravel\\framework\\src\\Illuminate\\Pipeline\\Pipeline.php(219): Illuminate\\Session\\Middleware\\StartSession->handle()
#24 D:\\SEMESTER 3 TEKNIK INFORMATIKA\\PROYEK-3-PBO\\APK-MANAJEMEN-DOSEN\\devOps\\devOps\\vendor\\laravel\\framework\\src\\Illuminate\\Cookie\\Middleware\\AddQueuedCookiesToResponse.php(36): Illuminate\\Pipeline\\Pipeline->{closure:{closure:Illuminate\\Pipeline\\Pipeline::carry():194}:195}()
#25 D:\\SEMESTER 3 TEKNIK INFORMATIKA\\PROYEK-3-PBO\\APK-MANAJEMEN-DOSEN\\devOps\\devOps\\vendor\\laravel\\framework\\src\\Illuminate\\Pipeline\\Pipeline.php(219): Illuminate\\Cookie\\Middleware\\AddQueuedCookiesToResponse->handle()
#26 D:\\SEMESTER 3 TEKNIK INFORMATIKA\\PROYEK-3-PBO\\APK-MANAJEMEN-DOSEN\\devOps\\devOps\\vendor\\laravel\\framework\\src\\Illuminate\\Cookie\\Middleware\\EncryptCookies.php(74): Illuminate\\Pipeline\\Pipeline->{closure:{closure:Illuminate\\Pipeline\\Pipeline::carry():194}:195}()
#27 D:\\SEMESTER 3 TEKNIK INFORMATIKA\\PROYEK-3-PBO\\APK-MANAJEMEN-DOSEN\\devOps\\devOps\\vendor\\laravel\\framework\\src\\Illuminate\\Pipeline\\Pipeline.php(219): Illuminate\\Cookie\\Middleware\\EncryptCookies->handle()
#28 D:\\SEMESTER 3 TEKNIK INFORMATIKA\\PROYEK-3-PBO\\APK-MANAJEMEN-DOSEN\\devOps\\devOps\\vendor\\laravel\\framework\\src\\Illuminate\\Pipeline\\Pipeline.php(137): Illuminate\\Pipeline\\Pipeline->{closure:{closure:Illuminate\\Pipeline\\Pipeline::carry():194}:195}()
#29 D:\\SEMESTER 3 TEKNIK INFORMATIKA\\PROYEK-3-PBO\\APK-MANAJEMEN-DOSEN\\devOps\\devOps\\vendor\\laravel\\framework\\src\\Illuminate\\Routing\\Router.php(821): Illuminate\\Pipeline\\Pipeline->then()
#30 D:\\SEMESTER 3 TEKNIK INFORMATIKA\\PROYEK-3-PBO\\APK-MANAJEMEN-DOSEN\\devOps\\devOps\\vendor\\laravel\\framework\\src\\Illuminate\\Routing\\Router.php(800): Illuminate\\Routing\\Router->runRouteWithinStack()
#31 D:\\SEMESTER 3 TEKNIK INFORMATIKA\\PROYEK-3-PBO\\APK-MANAJEMEN-DOSEN\\devOps\\devOps\\vendor\\laravel\\framework\\src\\Illuminate\\Routing\\Router.php(764): Illuminate\\Routing\\Router->runRoute()
#32 D:\\SEMESTER 3 TEKNIK INFORMATIKA\\PROYEK-3-PBO\\APK-MANAJEMEN-DOSEN\\devOps\\devOps\\vendor\\laravel\\framework\\src\\Illuminate\\Routing\\Router.php(753): Illuminate\\Routing\\Router->dispatchToRoute()
#33 D:\\SEMESTER 3 TEKNIK INFORMATIKA\\PROYEK-3-PBO\\APK-MANAJEMEN-DOSEN\\devOps\\devOps\\vendor\\laravel\\framework\\src\\Illuminate\\Foundation\\Http\\Kernel.php(200): Illuminate\\Routing\\Router->dispatch()
#34 D:\\SEMESTER 3 TEKNIK INFORMATIKA\\PROYEK-3-PBO\\APK-MANAJEMEN-DOSEN\\devOps\\devOps\\vendor\\laravel\\framework\\src\\Illuminate\\Pipeline\\Pipeline.php(180): Illuminate\\Foundation\\Http\\Kernel->{closure:Illuminate\\Foundation\\Http\\Kernel::dispatchToRouter():197}()
#35 D:\\SEMESTER 3 TEKNIK INFORMATIKA\\PROYEK-3-PBO\\APK-MANAJEMEN-DOSEN\\devOps\\devOps\\vendor\\laravel\\framework\\src\\Illuminate\\Foundation\\Http\\Middleware\\TransformsRequest.php(21): Illuminate\\Pipeline\\Pipeline->{closure:Illuminate\\Pipeline\\Pipeline::prepareDestination():178}()
#36 D:\\SEMESTER 3 TEKNIK INFORMATIKA\\PROYEK-3-PBO\\APK-MANAJEMEN-DOSEN\\devOps\\devOps\\vendor\\laravel\\framework\\src\\Illuminate\\Foundation\\Http\\Middleware\\ConvertEmptyStringsToNull.php(31): Illuminate\\Foundation\\Http\\Middleware\\TransformsRequest->handle()
#37 D:\\SEMESTER 3 TEKNIK INFORMATIKA\\PROYEK-3-PBO\\APK-MANAJEMEN-DOSEN\\devOps\\devOps\\vendor\\laravel\\framework\\src\\Illuminate\\Pipeline\\Pipeline.php(219): Illuminate\\Foundation\\Http\\Middleware\\ConvertEmptyStringsToNull->handle()
#38 D:\\SEMESTER 3 TEKNIK INFORMATIKA\\PROYEK-3-PBO\\APK-MANAJEMEN-DOSEN\\devOps\\devOps\\vendor\\laravel\\framework\\src\\Illuminate\\Foundation\\Http\\Middleware\\TransformsRequest.php(21): Illuminate\\Pipeline\\Pipeline->{closure:{closure:Illuminate\\Pipeline\\Pipeline::carry():194}:195}()
#39 D:\\SEMESTER 3 TEKNIK INFORMATIKA\\PROYEK-3-PBO\\APK-MANAJEMEN-DOSEN\\devOps\\devOps\\vendor\\laravel\\framework\\src\\Illuminate\\Foundation\\Http\\Middleware\\TrimStrings.php(51): Illuminate\\Foundation\\Http\\Middleware\\TransformsRequest->handle()
#40 D:\\SEMESTER 3 TEKNIK INFORMATIKA\\PROYEK-3-PBO\\APK-MANAJEMEN-DOSEN\\devOps\\devOps\\vendor\\laravel\\framework\\src\\Illuminate\\Pipeline\\Pipeline.php(219): Illuminate\\Foundation\\Http\\Middleware\\TrimStrings->handle()
#41 D:\\SEMESTER 3 TEKNIK INFORMATIKA\\PROYEK-3-PBO\\APK-MANAJEMEN-DOSEN\\devOps\\devOps\\vendor\\laravel\\framework\\src\\Illuminate\\Http\\Middleware\\ValidatePostSize.php(27): Illuminate\\Pipeline\\Pipeline->{closure:{closure:Illuminate\\Pipeline\\Pipeline::carry():194}:195}()
#42 D:\\SEMESTER 3 TEKNIK INFORMATIKA\\PROYEK-3-PBO\\APK-MANAJEMEN-DOSEN\\devOps\\devOps\\vendor\\laravel\\framework\\src\\Illuminate\\Pipeline\\Pipeline.php(219): Illuminate\\Http\\Middleware\\ValidatePostSize->handle()
#43 D:\\SEMESTER 3 TEKNIK INFORMATIKA\\PROYEK-3-PBO\\APK-MANAJEMEN-DOSEN\\devOps\\devOps\\vendor\\laravel\\framework\\src\\Illuminate\\Foundation\\Http\\Middleware\\PreventRequestsDuringMaintenance.php(109): Illuminate\\Pipeline\\Pipeline->{closure:{closure:Illuminate\\Pipeline\\Pipeline::carry():194}:195}()
#44 D:\\SEMESTER 3 TEKNIK INFORMATIKA\\PROYEK-3-PBO\\APK-MANAJEMEN-DOSEN\\devOps\\devOps\\vendor\\laravel\\framework\\src\\Illuminate\\Pipeline\\Pipeline.php(219): Illuminate\\Foundation\\Http\\Middleware\\PreventRequestsDuringMaintenance->handle()
#45 D:\\SEMESTER 3 TEKNIK INFORMATIKA\\PROYEK-3-PBO\\APK-MANAJEMEN-DOSEN\\devOps\\devOps\\vendor\\laravel\\framework\\src\\Illuminate\\Http\\Middleware\\HandleCors.php(48): Illuminate\\Pipeline\\Pipeline->{closure:{closure:Illuminate\\Pipeline\\Pipeline::carry():194}:195}()
#46 D:\\SEMESTER 3 TEKNIK INFORMATIKA\\PROYEK-3-PBO\\APK-MANAJEMEN-DOSEN\\devOps\\devOps\\vendor\\laravel\\framework\\src\\Illuminate\\Pipeline\\Pipeline.php(219): Illuminate\\Http\\Middleware\\HandleCors->handle()
#47 D:\\SEMESTER 3 TEKNIK INFORMATIKA\\PROYEK-3-PBO\\APK-MANAJEMEN-DOSEN\\devOps\\devOps\\vendor\\laravel\\framework\\src\\Illuminate\\Http\\Middleware\\TrustProxies.php(58): Illuminate\\Pipeline\\Pipeline->{closure:{closure:Illuminate\\Pipeline\\Pipeline::carry():194}:195}()
#48 D:\\SEMESTER 3 TEKNIK INFORMATIKA\\PROYEK-3-PBO\\APK-MANAJEMEN-DOSEN\\devOps\\devOps\\vendor\\laravel\\framework\\src\\Illuminate\\Pipeline\\Pipeline.php(219): Illuminate\\Http\\Middleware\\TrustProxies->handle()
#49 D:\\SEMESTER 3 TEKNIK INFORMATIKA\\PROYEK-3-PBO\\APK-MANAJEMEN-DOSEN\\devOps\\devOps\\vendor\\laravel\\framework\\src\\Illuminate\\Foundation\\Http\\Middleware\\InvokeDeferredCallbacks.php(22): Illuminate\\Pipeline\\Pipeline->{closure:{closure:Illuminate\\Pipeline\\Pipeline::carry():194}:195}()
#50 D:\\SEMESTER 3 TEKNIK INFORMATIKA\\PROYEK-3-PBO\\APK-MANAJEMEN-DOSEN\\devOps\\devOps\\vendor\\laravel\\framework\\src\\Illuminate\\Pipeline\\Pipeline.php(219): Illuminate\\Foundation\\Http\\Middleware\\InvokeDeferredCallbacks->handle()
#51 D:\\SEMESTER 3 TEKNIK INFORMATIKA\\PROYEK-3-PBO\\APK-MANAJEMEN-DOSEN\\devOps\\devOps\\vendor\\laravel\\framework\\src\\Illuminate\\Http\\Middleware\\ValidatePathEncoding.php(26): Illuminate\\Pipeline\\Pipeline->{closure:{closure:Illuminate\\Pipeline\\Pipeline::carry():194}:195}()
#52 D:\\SEMESTER 3 TEKNIK INFORMATIKA\\PROYEK-3-PBO\\APK-MANAJEMEN-DOSEN\\devOps\\devOps\\vendor\\laravel\\framework\\src\\Illuminate\\Pipeline\\Pipeline.php(219): Illuminate\\Http\\Middleware\\ValidatePathEncoding->handle()
#53 D:\\SEMESTER 3 TEKNIK INFORMATIKA\\PROYEK-3-PBO\\APK-MANAJEMEN-DOSEN\\devOps\\devOps\\vendor\\laravel\\framework\\src\\Illuminate\\Pipeline\\Pipeline.php(137): Illuminate\\Pipeline\\Pipeline->{closure:{closure:Illuminate\\Pipeline\\Pipeline::carry():194}:195}()
#54 D:\\SEMESTER 3 TEKNIK INFORMATIKA\\PROYEK-3-PBO\\APK-MANAJEMEN-DOSEN\\devOps\\devOps\\vendor\\laravel\\framework\\src\\Illuminate\\Foundation\\Http\\Kernel.php(175): Illuminate\\Pipeline\\Pipeline->then()
#55 D:\\SEMESTER 3 TEKNIK INFORMATIKA\\PROYEK-3-PBO\\APK-MANAJEMEN-DOSEN\\devOps\\devOps\\vendor\\laravel\\framework\\src\\Illuminate\\Foundation\\Http\\Kernel.php(144): Illuminate\\Foundation\\Http\\Kernel->sendRequestThroughRouter()
#56 D:\\SEMESTER 3 TEKNIK INFORMATIKA\\PROYEK-3-PBO\\APK-MANAJEMEN-DOSEN\\devOps\\devOps\\vendor\\laravel\\framework\\src\\Illuminate\\Foundation\\Application.php(1220): Illuminate\\Foundation\\Http\\Kernel->handle()
#57 D:\\SEMESTER 3 TEKNIK INFORMATIKA\\PROYEK-3-PBO\\APK-MANAJEMEN-DOSEN\\devOps\\devOps\\public\\index.php(20): Illuminate\\Foundation\\Application->handleRequest()
#58 D:\\SEMESTER 3 TEKNIK INFORMATIKA\\PROYEK-3-PBO\\APK-MANAJEMEN-DOSEN\\devOps\\devOps\\vendor\\laravel\\framework\\src\\Illuminate\\Foundation\\resources\\server.php(23): require_once('...')
#59 {main}

[previous exception] [object] (Illuminate\\Foundation\\ViteManifestNotFoundException(code: 0): Vite manifest not found at: D:\\SEMESTER 3 TEKNIK INFORMATIKA\\PROYEK-3-PBO\\APK-MANAJEMEN-DOSEN\\devOps\\devOps\\public\\build/manifest.json at D:\\SEMESTER 3 TEKNIK INFORMATIKA\\PROYEK-3-PBO\\APK-MANAJEMEN-DOSEN\\devOps\\devOps\\vendor\\laravel\\framework\\src\\Illuminate\\Foundation\\Vite.php:946)
[stacktrace]
#0 D:\\SEMESTER 3 TEKNIK INFORMATIKA\\PROYEK-3-PBO\\APK-MANAJEMEN-DOSEN\\devOps\\devOps\\vendor\\laravel\\framework\\src\\Illuminate\\Foundation\\Vite.php(384): Illuminate\\Foundation\\Vite->manifest()
#1 D:\\SEMESTER 3 TEKNIK INFORMATIKA\\PROYEK-3-PBO\\APK-MANAJEMEN-DOSEN\\devOps\\devOps\\storage\\framework\\views\\054dbb4d3decd198721ccb62d71a7120.php(10): Illuminate\\Foundation\\Vite->__invoke()
#2 D:\\SEMESTER 3 TEKNIK INFORMATIKA\\PROYEK-3-PBO\\APK-MANAJEMEN-DOSEN\\devOps\\devOps\\vendor\\laravel\\framework\\src\\Illuminate\\Filesystem\\Filesystem.php(123): require('...')
#3 D:\\SEMESTER 3 TEKNIK INFORMATIKA\\PROYEK-3-PBO\\APK-MANAJEMEN-DOSEN\\devOps\\devOps\\vendor\\laravel\\framework\\src\\Illuminate\\Filesystem\\Filesystem.php(124): Illuminate\\Filesystem\\Filesystem::{closure:Illuminate\\Filesystem\\Filesystem::getRequire():120}()
#4 D:\\SEMESTER 3 TEKNIK INFORMATIKA\\PROYEK-3-PBO\\APK-MANAJEMEN-DOSEN\\devOps\\devOps\\vendor\\laravel\\framework\\src\\Illuminate\\View\\Engines\\PhpEngine.php(57): Illuminate\\Filesystem\\Filesystem->getRequire()
#5 D:\\SEMESTER 3 TEKNIK INFORMATIKA\\PROYEK-3-PBO\\APK-MANAJEMEN-DOSEN\\devOps\\devOps\\vendor\\laravel\\framework\\src\\Illuminate\\View\\Engines\\CompilerEngine.php(76): Illuminate\\View\\Engines\\PhpEngine->evaluatePath()
#6 D:\\SEMESTER 3 TEKNIK INFORMATIKA\\PROYEK-3-PBO\\APK-MANAJEMEN-DOSEN\\devOps\\devOps\\vendor\\laravel\\framework\\src\\Illuminate\\View\\View.php(208): Illuminate\\View\\Engines\\CompilerEngine->get()
#7 D:\\SEMESTER 3 TEKNIK INFORMATIKA\\PROYEK-3-PBO\\APK-MANAJEMEN-DOSEN\\devOps\\devOps\\vendor\\laravel\\framework\\src\\Illuminate\\View\\View.php(191): Illuminate\\View\\View->getContents()
#8 D:\\SEMESTER 3 TEKNIK INFORMATIKA\\PROYEK-3-PBO\\APK-MANAJEMEN-DOSEN\\devOps\\devOps\\vendor\\laravel\\framework\\src\\Illuminate\\View\\View.php(160): Illuminate\\View\\View->renderContents()
#9 D:\\SEMESTER 3 TEKNIK INFORMATIKA\\PROYEK-3-PBO\\APK-MANAJEMEN-DOSEN\\devOps\\devOps\\vendor\\laravel\\framework\\src\\Illuminate\\Http\\Response.php(78): Illuminate\\View\\View->render()
#10 D:\\SEMESTER 3 TEKNIK INFORMATIKA\\PROYEK-3-PBO\\APK-MANAJEMEN-DOSEN\\devOps\\devOps\\vendor\\laravel\\framework\\src\\Illuminate\\Http\\Response.php(34): Illuminate\\Http\\Response->setContent()
#11 D:\\SEMESTER 3 TEKNIK INFORMATIKA\\PROYEK-3-PBO\\APK-MANAJEMEN-DOSEN\\devOps\\devOps\\vendor\\laravel\\framework\\src\\Illuminate\\Routing\\Router.php(939): Illuminate\\Http\\Response->__construct()
#12 D:\\SEMESTER 3 TEKNIK INFORMATIKA\\PROYEK-3-PBO\\APK-MANAJEMEN-DOSEN\\devOps\\devOps\\vendor\\laravel\\framework\\src\\Illuminate\\Routing\\Router.php(906): Illuminate\\Routing\\Router::toResponse()
#13 D:\\SEMESTER 3 TEKNIK INFORMATIKA\\PROYEK-3-PBO\\APK-MANAJEMEN-DOSEN\\devOps\\devOps\\vendor\\laravel\\framework\\src\\Illuminate\\Routing\\Router.php(821): Illuminate\\Routing\\Router->prepareResponse()
#14 D:\\SEMESTER 3 TEKNIK INFORMATIKA\\PROYEK-3-PBO\\APK-MANAJEMEN-DOSEN\\devOps\\devOps\\vendor\\laravel\\framework\\src\\Illuminate\\Pipeline\\Pipeline.php(180): Illuminate\\Routing\\Router->{closure:Illuminate\\Routing\\Router::runRouteWithinStack():821}()
#15 D:\\SEMESTER 3 TEKNIK INFORMATIKA\\PROYEK-3-PBO\\APK-MANAJEMEN-DOSEN\\devOps\\devOps\\vendor\\laravel\\framework\\src\\Illuminate\\Foundation\\Http\\Middleware\\VerifyCsrfToken.php(87): Illuminate\\Pipeline\\Pipeline->{closure:Illuminate\\Pipeline\\Pipeline::prepareDestination():178}()
#16 D:\\SEMESTER 3 TEKNIK INFORMATIKA\\PROYEK-3-PBO\\APK-MANAJEMEN-DOSEN\\devOps\\devOps\\vendor\\laravel\\framework\\src\\Illuminate\\Pipeline\\Pipeline.php(219): Illuminate\\Foundation\\Http\\Middleware\\VerifyCsrfToken->handle()
#17 D:\\SEMESTER 3 TEKNIK INFORMATIKA\\PROYEK-3-PBO\\APK-MANAJEMEN-DOSEN\\devOps\\devOps\\vendor\\laravel\\framework\\src\\Illuminate\\Routing\\Middleware\\SubstituteBindings.php(50): Illuminate\\Pipeline\\Pipeline->{closure:{closure:Illuminate\\Pipeline\\Pipeline::carry():194}:195}()
#18 D:\\SEMESTER 3 TEKNIK INFORMATIKA\\PROYEK-3-PBO\\APK-MANAJEMEN-DOSEN\\devOps\\devOps\\vendor\\laravel\\framework\\src\\Illuminate\\Pipeline\\Pipeline.php(219): Illuminate\\Routing\\Middleware\\SubstituteBindings->handle()
#19 D:\\SEMESTER 3 TEKNIK INFORMATIKA\\PROYEK-3-PBO\\APK-MANAJEMEN-DOSEN\\devOps\\devOps\\vendor\\laravel\\framework\\src\\Illuminate\\Session\\Middleware\\AuthenticateSession.php(47): Illuminate\\Pipeline\\Pipeline->{closure:{closure:Illuminate\\Pipeline\\Pipeline::carry():194}:195}()
#20 D:\\SEMESTER 3 TEKNIK INFORMATIKA\\PROYEK-3-PBO\\APK-MANAJEMEN-DOSEN\\devOps\\devOps\\vendor\\laravel\\framework\\src\\Illuminate\\Pipeline\\Pipeline.php(219): Illuminate\\Session\\Middleware\\AuthenticateSession->handle()
#21 D:\\SEMESTER 3 TEKNIK INFORMATIKA\\PROYEK-3-PBO\\APK-MANAJEMEN-DOSEN\\devOps\\devOps\\vendor\\laravel\\framework\\src\\Illuminate\\Foundation\\Http\\Middleware\\VerifyCsrfToken.php(87): Illuminate\\Pipeline\\Pipeline->{closure:{closure:Illuminate\\Pipeline\\Pipeline::carry():194}:195}()
#22 D:\\SEMESTER 3 TEKNIK INFORMATIKA\\PROYEK-3-PBO\\APK-MANAJEMEN-DOSEN\\devOps\\devOps\\vendor\\laravel\\framework\\src\\Illuminate\\Pipeline\\Pipeline.php(219): Illuminate\\Foundation\\Http\\Middleware\\VerifyCsrfToken->handle()
#23 D:\\SEMESTER 3 TEKNIK INFORMATIKA\\PROYEK-3-PBO\\APK-MANAJEMEN-DOSEN\\devOps\\devOps\\vendor\\laravel\\framework\\src\\Illuminate\\View\\Middleware\\ShareErrorsFromSession.php(48): Illuminate\\Pipeline\\Pipeline->{closure:{closure:Illuminate\\Pipeline\\Pipeline::carry():194}:195}()
#24 D:\\SEMESTER 3 TEKNIK INFORMATIKA\\PROYEK-3-PBO\\APK-MANAJEMEN-DOSEN\\devOps\\devOps\\vendor\\laravel\\framework\\src\\Illuminate\\Pipeline\\Pipeline.php(219): Illuminate\\View\\Middleware\\ShareErrorsFromSession->handle()
#25 D:\\SEMESTER 3 TEKNIK INFORMATIKA\\PROYEK-3-PBO\\APK-MANAJEMEN-DOSEN\\devOps\\devOps\\vendor\\laravel\\framework\\src\\Illuminate\\Session\\Middleware\\StartSession.php(120): Illuminate\\Pipeline\\Pipeline->{closure:{closure:Illuminate\\Pipeline\\Pipeline::carry():194}:195}()
#26 D:\\SEMESTER 3 TEKNIK INFORMATIKA\\PROYEK-3-PBO\\APK-MANAJEMEN-DOSEN\\devOps\\devOps\\vendor\\laravel\\framework\\src\\Illuminate\\Session\\Middleware\\StartSession.php(63): Illuminate\\Session\\Middleware\\StartSession->handleStatefulRequest()
#27 D:\\SEMESTER 3 TEKNIK INFORMATIKA\\PROYEK-3-PBO\\APK-MANAJEMEN-DOSEN\\devOps\\devOps\\vendor\\laravel\\framework\\src\\Illuminate\\Pipeline\\Pipeline.php(219): Illuminate\\Session\\Middleware\\StartSession->handle()
#28 D:\\SEMESTER 3 TEKNIK INFORMATIKA\\PROYEK-3-PBO\\APK-MANAJEMEN-DOSEN\\devOps\\devOps\\vendor\\laravel\\framework\\src\\Illuminate\\Cookie\\Middleware\\AddQueuedCookiesToResponse.php(36): Illuminate\\Pipeline\\Pipeline->{closure:{closure:Illuminate\\Pipeline\\Pipeline::carry():194}:195}()
#29 D:\\SEMESTER 3 TEKNIK INFORMATIKA\\PROYEK-3-PBO\\APK-MANAJEMEN-DOSEN\\devOps\\devOps\\vendor\\laravel\\framework\\src\\Illuminate\\Pipeline\\Pipeline.php(219): Illuminate\\Cookie\\Middleware\\AddQueuedCookiesToResponse->handle()
#30 D:\\SEMESTER 3 TEKNIK INFORMATIKA\\PROYEK-3-PBO\\APK-MANAJEMEN-DOSEN\\devOps\\devOps\\vendor\\laravel\\framework\\src\\Illuminate\\Cookie\\Middleware\\EncryptCookies.php(74): Illuminate\\Pipeline\\Pipeline->{closure:{closure:Illuminate\\Pipeline\\Pipeline::carry():194}:195}()
#31 D:\\SEMESTER 3 TEKNIK INFORMATIKA\\PROYEK-3-PBO\\APK-MANAJEMEN-DOSEN\\devOps\\devOps\\vendor\\laravel\\framework\\src\\Illuminate\\Pipeline\\Pipeline.php(219): Illuminate\\Cookie\\Middleware\\EncryptCookies->handle()
#32 D:\\SEMESTER 3 TEKNIK INFORMATIKA\\PROYEK-3-PBO\\APK-MANAJEMEN-DOSEN\\devOps\\devOps\\vendor\\laravel\\framework\\src\\Illuminate\\Pipeline\\Pipeline.php(137): Illuminate\\Pipeline\\Pipeline->{closure:{closure:Illuminate\\Pipeline\\Pipeline::carry():194}:195}()
#33 D:\\SEMESTER 3 TEKNIK INFORMATIKA\\PROYEK-3-PBO\\APK-MANAJEMEN-DOSEN\\devOps\\devOps\\vendor\\laravel\\framework\\src\\Illuminate\\Routing\\Router.php(821): Illuminate\\Pipeline\\Pipeline->then()
#34 D:\\SEMESTER 3 TEKNIK INFORMATIKA\\PROYEK-3-PBO\\APK-MANAJEMEN-DOSEN\\devOps\\devOps\\vendor\\laravel\\framework\\src\\Illuminate\\Routing\\Router.php(800): Illuminate\\Routing\\Router->runRouteWithinStack()
#35 D:\\SEMESTER 3 TEKNIK INFORMATIKA\\PROYEK-3-PBO\\APK-MANAJEMEN-DOSEN\\devOps\\devOps\\vendor\\laravel\\framework\\src\\Illuminate\\Routing\\Router.php(764): Illuminate\\Routing\\Router->runRoute()
#36 D:\\SEMESTER 3 TEKNIK INFORMATIKA\\PROYEK-3-PBO\\APK-MANAJEMEN-DOSEN\\devOps\\devOps\\vendor\\laravel\\framework\\src\\Illuminate\\Routing\\Router.php(753): Illuminate\\Routing\\Router->dispatchToRoute()
#37 D:\\SEMESTER 3 TEKNIK INFORMATIKA\\PROYEK-3-PBO\\APK-MANAJEMEN-DOSEN\\devOps\\devOps\\vendor\\laravel\\framework\\src\\Illuminate\\Foundation\\Http\\Kernel.php(200): Illuminate\\Routing\\Router->dispatch()
#38 D:\\SEMESTER 3 TEKNIK INFORMATIKA\\PROYEK-3-PBO\\APK-MANAJEMEN-DOSEN\\devOps\\devOps\\vendor\\laravel\\framework\\src\\Illuminate\\Pipeline\\Pipeline.php(180): Illuminate\\Foundation\\Http\\Kernel->{closure:Illuminate\\Foundation\\Http\\Kernel::dispatchToRouter():197}()
#39 D:\\SEMESTER 3 TEKNIK INFORMATIKA\\PROYEK-3-PBO\\APK-MANAJEMEN-DOSEN\\devOps\\devOps\\vendor\\laravel\\framework\\src\\Illuminate\\Foundation\\Http\\Middleware\\TransformsRequest.php(21): Illuminate\\Pipeline\\Pipeline->{closure:Illuminate\\Pipeline\\Pipeline::prepareDestination():178}()
#40 D:\\SEMESTER 3 TEKNIK INFORMATIKA\\PROYEK-3-PBO\\APK-MANAJEMEN-DOSEN\\devOps\\devOps\\vendor\\laravel\\framework\\src\\Illuminate\\Foundation\\Http\\Middleware\\ConvertEmptyStringsToNull.php(31): Illuminate\\Foundation\\Http\\Middleware\\TransformsRequest->handle()
#41 D:\\SEMESTER 3 TEKNIK INFORMATIKA\\PROYEK-3-PBO\\APK-MANAJEMEN-DOSEN\\devOps\\devOps\\vendor\\laravel\\framework\\src\\Illuminate\\Pipeline\\Pipeline.php(219): Illuminate\\Foundation\\Http\\Middleware\\ConvertEmptyStringsToNull->handle()
#42 D:\\SEMESTER 3 TEKNIK INFORMATIKA\\PROYEK-3-PBO\\APK-MANAJEMEN-DOSEN\\devOps\\devOps\\vendor\\laravel\\framework\\src\\Illuminate\\Foundation\\Http\\Middleware\\TransformsRequest.php(21): Illuminate\\Pipeline\\Pipeline->{closure:{closure:Illuminate\\Pipeline\\Pipeline::carry():194}:195}()
#43 D:\\SEMESTER 3 TEKNIK INFORMATIKA\\PROYEK-3-PBO\\APK-MANAJEMEN-DOSEN\\devOps\\devOps\\vendor\\laravel\\framework\\src\\Illuminate\\Foundation\\Http\\Middleware\\TrimStrings.php(51): Illuminate\\Foundation\\Http\\Middleware\\TransformsRequest->handle()
#44 D:\\SEMESTER 3 TEKNIK INFORMATIKA\\PROYEK-3-PBO\\APK-MANAJEMEN-DOSEN\\devOps\\devOps\\vendor\\laravel\\framework\\src\\Illuminate\\Pipeline\\Pipeline.php(219): Illuminate\\Foundation\\Http\\Middleware\\TrimStrings->handle()
#45 D:\\SEMESTER 3 TEKNIK INFORMATIKA\\PROYEK-3-PBO\\APK-MANAJEMEN-DOSEN\\devOps\\devOps\\vendor\\laravel\\framework\\src\\Illuminate\\Http\\Middleware\\ValidatePostSize.php(27): Illuminate\\Pipeline\\Pipeline->{closure:{closure:Illuminate\\Pipeline\\Pipeline::carry():194}:195}()
#46 D:\\SEMESTER 3 TEKNIK INFORMATIKA\\PROYEK-3-PBO\\APK-MANAJEMEN-DOSEN\\devOps\\devOps\\vendor\\laravel\\framework\\src\\Illuminate\\Pipeline\\Pipeline.php(219): Illuminate\\Http\\Middleware\\ValidatePostSize->handle()
#47 D:\\SEMESTER 3 TEKNIK INFORMATIKA\\PROYEK-3-PBO\\APK-MANAJEMEN-DOSEN\\devOps\\devOps\\vendor\\laravel\\framework\\src\\Illuminate\\Foundation\\Http\\Middleware\\PreventRequestsDuringMaintenance.php(109): Illuminate\\Pipeline\\Pipeline->{closure:{closure:Illuminate\\Pipeline\\Pipeline::carry():194}:195}()
#48 D:\\SEMESTER 3 TEKNIK INFORMATIKA\\PROYEK-3-PBO\\APK-MANAJEMEN-DOSEN\\devOps\\devOps\\vendor\\laravel\\framework\\src\\Illuminate\\Pipeline\\Pipeline.php(219): Illuminate\\Foundation\\Http\\Middleware\\PreventRequestsDuringMaintenance->handle()
#49 D:\\SEMESTER 3 TEKNIK INFORMATIKA\\PROYEK-3-PBO\\APK-MANAJEMEN-DOSEN\\devOps\\devOps\\vendor\\laravel\\framework\\src\\Illuminate\\Http\\Middleware\\HandleCors.php(48): Illuminate\\Pipeline\\Pipeline->{closure:{closure:Illuminate\\Pipeline\\Pipeline::carry():194}:195}()
#50 D:\\SEMESTER 3 TEKNIK INFORMATIKA\\PROYEK-3-PBO\\APK-MANAJEMEN-DOSEN\\devOps\\devOps\\vendor\\laravel\\framework\\src\\Illuminate\\Pipeline\\Pipeline.php(219): Illuminate\\Http\\Middleware\\HandleCors->handle()
#51 D:\\SEMESTER 3 TEKNIK INFORMATIKA\\PROYEK-3-PBO\\APK-MANAJEMEN-DOSEN\\devOps\\devOps\\vendor\\laravel\\framework\\src\\Illuminate\\Http\\Middleware\\TrustProxies.php(58): Illuminate\\Pipeline\\Pipeline->{closure:{closure:Illuminate\\Pipeline\\Pipeline::carry():194}:195}()
#52 D:\\SEMESTER 3 TEKNIK INFORMATIKA\\PROYEK-3-PBO\\APK-MANAJEMEN-DOSEN\\devOps\\devOps\\vendor\\laravel\\framework\\src\\Illuminate\\Pipeline\\Pipeline.php(219): Illuminate\\Http\\Middleware\\TrustProxies->handle()
#53 D:\\SEMESTER 3 TEKNIK INFORMATIKA\\PROYEK-3-PBO\\APK-MANAJEMEN-DOSEN\\devOps\\devOps\\vendor\\laravel\\framework\\src\\Illuminate\\Foundation\\Http\\Middleware\\InvokeDeferredCallbacks.php(22): Illuminate\\Pipeline\\Pipeline->{closure:{closure:Illuminate\\Pipeline\\Pipeline::carry():194}:195}()
#54 D:\\SEMESTER 3 TEKNIK INFORMATIKA\\PROYEK-3-PBO\\APK-MANAJEMEN-DOSEN\\devOps\\devOps\\vendor\\laravel\\framework\\src\\Illuminate\\Pipeline\\Pipeline.php(219): Illuminate\\Foundation\\Http\\Middleware\\InvokeDeferredCallbacks->handle()
#55 D:\\SEMESTER 3 TEKNIK INFORMATIKA\\PROYEK-3-PBO\\APK-MANAJEMEN-DOSEN\\devOps\\devOps\\vendor\\laravel\\framework\\src\\Illuminate\\Http\\Middleware\\ValidatePathEncoding.php(26): Illuminate\\Pipeline\\Pipeline->{closure:{closure:Illuminate\\Pipeline\\Pipeline::carry():194}:195}()
#56 D:\\SEMESTER 3 TEKNIK INFORMATIKA\\PROYEK-3-PBO\\APK-MANAJEMEN-DOSEN\\devOps\\devOps\\vendor\\laravel\\framework\\src\\Illuminate\\Pipeline\\Pipeline.php(219): Illuminate\\Http\\Middleware\\ValidatePathEncoding->handle()
#57 D:\\SEMESTER 3 TEKNIK INFORMATIKA\\PROYEK-3-PBO\\APK-MANAJEMEN-DOSEN\\devOps\\devOps\\vendor\\laravel\\framework\\src\\Illuminate\\Pipeline\\Pipeline.php(137): Illuminate\\Pipeline\\Pipeline->{closure:{closure:Illuminate\\Pipeline\\Pipeline::carry():194}:195}()
#58 D:\\SEMESTER 3 TEKNIK INFORMATIKA\\PROYEK-3-PBO\\APK-MANAJEMEN-DOSEN\\devOps\\devOps\\vendor\\laravel\\framework\\src\\Illuminate\\Foundation\\Http\\Kernel.php(175): Illuminate\\Pipeline\\Pipeline->then()
#59 D:\\SEMESTER 3 TEKNIK INFORMATIKA\\PROYEK-3-PBO\\APK-MANAJEMEN-DOSEN\\devOps\\devOps\\vendor\\laravel\\framework\\src\\Illuminate\\Foundation\\Http\\Kernel.php(144): Illuminate\\Foundation\\Http\\Kernel->sendRequestThroughRouter()
#60 D:\\SEMESTER 3 TEKNIK INFORMATIKA\\PROYEK-3-PBO\\APK-MANAJEMEN-DOSEN\\devOps\\devOps\\vendor\\laravel\\framework\\src\\Illuminate\\Foundation\\Application.php(1220): Illuminate\\Foundation\\Http\\Kernel->handle()
#61 D:\\SEMESTER 3 TEKNIK INFORMATIKA\\PROYEK-3-PBO\\APK-MANAJEMEN-DOSEN\\devOps\\devOps\\public\\index.php(20): Illuminate\\Foundation\\Application->handleRequest()
#62 D:\\SEMESTER 3 TEKNIK INFORMATIKA\\PROYEK-3-PBO\\APK-MANAJEMEN-DOSEN\\devOps\\devOps\\vendor\\laravel\\framework\\src\\Illuminate\\Foundation\\resources\\server.php(23): require_once('...')
#63 {main}
"} 
[2025-11-19 05:59:26] local.ERROR: Maximum execution time of 30 seconds exceeded {"exception":"[object] (Symfony\\Component\\ErrorHandler\\Error\\FatalError(code: 0): Maximum execution time of 30 seconds exceeded at D:\\SEMESTER 3 TEKNIK INFORMATIKA\\PROYEK-3-PBO\\APK-MANAJEMEN-DOSEN\\devOps\\devOps\\vendor\\laravel\\framework\\src\\Illuminate\\Database\\Connectors\\Connector.php:67)
[stacktrace]
#0 {main}
"} 
[2025-11-19 06:02:28] local.ERROR: This password does not use the Bcrypt algorithm. {"exception":"[object] (RuntimeException(code: 0): This password does not use the Bcrypt algorithm. at D:\\SEMESTER 3 TEKNIK INFORMATIKA\\PROYEK-3-PBO\\APK-MANAJEMEN-DOSEN\\devOps\\devOps\\vendor\\laravel\\framework\\src\\Illuminate\\Hashing\\BcryptHasher.php:88)
[stacktrace]
#0 D:\\SEMESTER 3 TEKNIK INFORMATIKA\\PROYEK-3-PBO\\APK-MANAJEMEN-DOSEN\\devOps\\devOps\\vendor\\laravel\\framework\\src\\Illuminate\\Hashing\\HashManager.php(76): Illuminate\\Hashing\\BcryptHasher->check()
#1 D:\\SEMESTER 3 TEKNIK INFORMATIKA\\PROYEK-3-PBO\\APK-MANAJEMEN-DOSEN\\devOps\\devOps\\vendor\\laravel\\framework\\src\\Illuminate\\Support\\Facades\\Facade.php(363): Illuminate\\Hashing\\HashManager->check()
#2 D:\\SEMESTER 3 TEKNIK INFORMATIKA\\PROYEK-3-PBO\\APK-MANAJEMEN-DOSEN\\devOps\\devOps\\app\\Http\\Controllers\\AuthController.php(35): Illuminate\\Support\\Facades\\Facade::__callStatic()
#3 D:\\SEMESTER 3 TEKNIK INFORMATIKA\\PROYEK-3-PBO\\APK-MANAJEMEN-DOSEN\\devOps\\devOps\\vendor\\laravel\\framework\\src\\Illuminate\\Routing\\ControllerDispatcher.php(46): App\\Http\\Controllers\\AuthController->login()
#4 D:\\SEMESTER 3 TEKNIK INFORMATIKA\\PROYEK-3-PBO\\APK-MANAJEMEN-DOSEN\\devOps\\devOps\\vendor\\laravel\\framework\\src\\Illuminate\\Routing\\Route.php(265): Illuminate\\Routing\\ControllerDispatcher->dispatch()
#5 D:\\SEMESTER 3 TEKNIK INFORMATIKA\\PROYEK-3-PBO\\APK-MANAJEMEN-DOSEN\\devOps\\devOps\\vendor\\laravel\\framework\\src\\Illuminate\\Routing\\Route.php(211): Illuminate\\Routing\\Route->runController()
#6 D:\\SEMESTER 3 TEKNIK INFORMATIKA\\PROYEK-3-PBO\\APK-MANAJEMEN-DOSEN\\devOps\\devOps\\vendor\\laravel\\framework\\src\\Illuminate\\Routing\\Router.php(822): Illuminate\\Routing\\Route->run()
#7 D:\\SEMESTER 3 TEKNIK INFORMATIKA\\PROYEK-3-PBO\\APK-MANAJEMEN-DOSEN\\devOps\\devOps\\vendor\\laravel\\framework\\src\\Illuminate\\Pipeline\\Pipeline.php(180): Illuminate\\Routing\\Router->{closure:Illuminate\\Routing\\Router::runRouteWithinStack():821}()
#8 D:\\SEMESTER 3 TEKNIK INFORMATIKA\\PROYEK-3-PBO\\APK-MANAJEMEN-DOSEN\\devOps\\devOps\\vendor\\laravel\\framework\\src\\Illuminate\\Foundation\\Http\\Middleware\\VerifyCsrfToken.php(87): Illuminate\\Pipeline\\Pipeline->{closure:Illuminate\\Pipeline\\Pipeline::prepareDestination():178}()
#9 D:\\SEMESTER 3 TEKNIK INFORMATIKA\\PROYEK-3-PBO\\APK-MANAJEMEN-DOSEN\\devOps\\devOps\\vendor\\laravel\\framework\\src\\Illuminate\\Pipeline\\Pipeline.php(219): Illuminate\\Foundation\\Http\\Middleware\\VerifyCsrfToken->handle()
#10 D:\\SEMESTER 3 TEKNIK INFORMATIKA\\PROYEK-3-PBO\\APK-MANAJEMEN-DOSEN\\devOps\\devOps\\vendor\\laravel\\framework\\src\\Illuminate\\Routing\\Middleware\\SubstituteBindings.php(50): Illuminate\\Pipeline\\Pipeline->{closure:{closure:Illuminate\\Pipeline\\Pipeline::carry():194}:195}()
#11 D:\\SEMESTER 3 TEKNIK INFORMATIKA\\PROYEK-3-PBO\\APK-MANAJEMEN-DOSEN\\devOps\\devOps\\vendor\\laravel\\framework\\src\\Illuminate\\Pipeline\\Pipeline.php(219): Illuminate\\Routing\\Middleware\\SubstituteBindings->handle()
#12 D:\\SEMESTER 3 TEKNIK INFORMATIKA\\PROYEK-3-PBO\\APK-MANAJEMEN-DOSEN\\devOps\\devOps\\vendor\\laravel\\framework\\src\\Illuminate\\Session\\Middleware\\AuthenticateSession.php(47): Illuminate\\Pipeline\\Pipeline->{closure:{closure:Illuminate\\Pipeline\\Pipeline::carry():194}:195}()
#13 D:\\SEMESTER 3 TEKNIK INFORMATIKA\\PROYEK-3-PBO\\APK-MANAJEMEN-DOSEN\\devOps\\devOps\\vendor\\laravel\\framework\\src\\Illuminate\\Pipeline\\Pipeline.php(219): Illuminate\\Session\\Middleware\\AuthenticateSession->handle()
#14 D:\\SEMESTER 3 TEKNIK INFORMATIKA\\PROYEK-3-PBO\\APK-MANAJEMEN-DOSEN\\devOps\\devOps\\vendor\\laravel\\framework\\src\\Illuminate\\Foundation\\Http\\Middleware\\VerifyCsrfToken.php(87): Illuminate\\Pipeline\\Pipeline->{closure:{closure:Illuminate\\Pipeline\\Pipeline::carry():194}:195}()
#15 D:\\SEMESTER 3 TEKNIK INFORMATIKA\\PROYEK-3-PBO\\APK-MANAJEMEN-DOSEN\\devOps\\devOps\\vendor\\laravel\\framework\\src\\Illuminate\\Pipeline\\Pipeline.php(219): Illuminate\\Foundation\\Http\\Middleware\\VerifyCsrfToken->handle()
#16 D:\\SEMESTER 3 TEKNIK INFORMATIKA\\PROYEK-3-PBO\\APK-MANAJEMEN-DOSEN\\devOps\\devOps\\vendor\\laravel\\framework\\src\\Illuminate\\View\\Middleware\\ShareErrorsFromSession.php(48): Illuminate\\Pipeline\\Pipeline->{closure:{closure:Illuminate\\Pipeline\\Pipeline::carry():194}:195}()
#17 D:\\SEMESTER 3 TEKNIK INFORMATIKA\\PROYEK-3-PBO\\APK-MANAJEMEN-DOSEN\\devOps\\devOps\\vendor\\laravel\\framework\\src\\Illuminate\\Pipeline\\Pipeline.php(219): Illuminate\\View\\Middleware\\ShareErrorsFromSession->handle()
#18 D:\\SEMESTER 3 TEKNIK INFORMATIKA\\PROYEK-3-PBO\\APK-MANAJEMEN-DOSEN\\devOps\\devOps\\vendor\\laravel\\framework\\src\\Illuminate\\Session\\Middleware\\StartSession.php(120): Illuminate\\Pipeline\\Pipeline->{closure:{closure:Illuminate\\Pipeline\\Pipeline::carry():194}:195}()
#19 D:\\SEMESTER 3 TEKNIK INFORMATIKA\\PROYEK-3-PBO\\APK-MANAJEMEN-DOSEN\\devOps\\devOps\\vendor\\laravel\\framework\\src\\Illuminate\\Session\\Middleware\\StartSession.php(63): Illuminate\\Session\\Middleware\\StartSession->handleStatefulRequest()
#20 D:\\SEMESTER 3 TEKNIK INFORMATIKA\\PROYEK-3-PBO\\APK-MANAJEMEN-DOSEN\\devOps\\devOps\\vendor\\laravel\\framework\\src\\Illuminate\\Pipeline\\Pipeline.php(219): Illuminate\\Session\\Middleware\\StartSession->handle()
#21 D:\\SEMESTER 3 TEKNIK INFORMATIKA\\PROYEK-3-PBO\\APK-MANAJEMEN-DOSEN\\devOps\\devOps\\vendor\\laravel\\framework\\src\\Illuminate\\Cookie\\Middleware\\AddQueuedCookiesToResponse.php(36): Illuminate\\Pipeline\\Pipeline->{closure:{closure:Illuminate\\Pipeline\\Pipeline::carry():194}:195}()
#22 D:\\SEMESTER 3 TEKNIK INFORMATIKA\\PROYEK-3-PBO\\APK-MANAJEMEN-DOSEN\\devOps\\devOps\\vendor\\laravel\\framework\\src\\Illuminate\\Pipeline\\Pipeline.php(219): Illuminate\\Cookie\\Middleware\\AddQueuedCookiesToResponse->handle()
#23 D:\\SEMESTER 3 TEKNIK INFORMATIKA\\PROYEK-3-PBO\\APK-MANAJEMEN-DOSEN\\devOps\\devOps\\vendor\\laravel\\framework\\src\\Illuminate\\Cookie\\Middleware\\EncryptCookies.php(74): Illuminate\\Pipeline\\Pipeline->{closure:{closure:Illuminate\\Pipeline\\Pipeline::carry():194}:195}()
#24 D:\\SEMESTER 3 TEKNIK INFORMATIKA\\PROYEK-3-PBO\\APK-MANAJEMEN-DOSEN\\devOps\\devOps\\vendor\\laravel\\framework\\src\\Illuminate\\Pipeline\\Pipeline.php(219): Illuminate\\Cookie\\Middleware\\EncryptCookies->handle()
#25 D:\\SEMESTER 3 TEKNIK INFORMATIKA\\PROYEK-3-PBO\\APK-MANAJEMEN-DOSEN\\devOps\\devOps\\vendor\\laravel\\framework\\src\\Illuminate\\Pipeline\\Pipeline.php(137): Illuminate\\Pipeline\\Pipeline->{closure:{closure:Illuminate\\Pipeline\\Pipeline::carry():194}:195}()
#26 D:\\SEMESTER 3 TEKNIK INFORMATIKA\\PROYEK-3-PBO\\APK-MANAJEMEN-DOSEN\\devOps\\devOps\\vendor\\laravel\\framework\\src\\Illuminate\\Routing\\Router.php(821): Illuminate\\Pipeline\\Pipeline->then()
#27 D:\\SEMESTER 3 TEKNIK INFORMATIKA\\PROYEK-3-PBO\\APK-MANAJEMEN-DOSEN\\devOps\\devOps\\vendor\\laravel\\framework\\src\\Illuminate\\Routing\\Router.php(800): Illuminate\\Routing\\Router->runRouteWithinStack()
#28 D:\\SEMESTER 3 TEKNIK INFORMATIKA\\PROYEK-3-PBO\\APK-MANAJEMEN-DOSEN\\devOps\\devOps\\vendor\\laravel\\framework\\src\\Illuminate\\Routing\\Router.php(764): Illuminate\\Routing\\Router->runRoute()
#29 D:\\SEMESTER 3 TEKNIK INFORMATIKA\\PROYEK-3-PBO\\APK-MANAJEMEN-DOSEN\\devOps\\devOps\\vendor\\laravel\\framework\\src\\Illuminate\\Routing\\Router.php(753): Illuminate\\Routing\\Router->dispatchToRoute()
#30 D:\\SEMESTER 3 TEKNIK INFORMATIKA\\PROYEK-3-PBO\\APK-MANAJEMEN-DOSEN\\devOps\\devOps\\vendor\\laravel\\framework\\src\\Illuminate\\Foundation\\Http\\Kernel.php(200): Illuminate\\Routing\\Router->dispatch()
#31 D:\\SEMESTER 3 TEKNIK INFORMATIKA\\PROYEK-3-PBO\\APK-MANAJEMEN-DOSEN\\devOps\\devOps\\vendor\\laravel\\framework\\src\\Illuminate\\Pipeline\\Pipeline.php(180): Illuminate\\Foundation\\Http\\Kernel->{closure:Illuminate\\Foundation\\Http\\Kernel::dispatchToRouter():197}()
#32 D:\\SEMESTER 3 TEKNIK INFORMATIKA\\PROYEK-3-PBO\\APK-MANAJEMEN-DOSEN\\devOps\\devOps\\vendor\\laravel\\framework\\src\\Illuminate\\Foundation\\Http\\Middleware\\TransformsRequest.php(21): Illuminate\\Pipeline\\Pipeline->{closure:Illuminate\\Pipeline\\Pipeline::prepareDestination():178}()
#33 D:\\SEMESTER 3 TEKNIK INFORMATIKA\\PROYEK-3-PBO\\APK-MANAJEMEN-DOSEN\\devOps\\devOps\\vendor\\laravel\\framework\\src\\Illuminate\\Foundation\\Http\\Middleware\\ConvertEmptyStringsToNull.php(31): Illuminate\\Foundation\\Http\\Middleware\\TransformsRequest->handle()
#34 D:\\SEMESTER 3 TEKNIK INFORMATIKA\\PROYEK-3-PBO\\APK-MANAJEMEN-DOSEN\\devOps\\devOps\\vendor\\laravel\\framework\\src\\Illuminate\\Pipeline\\Pipeline.php(219): Illuminate\\Foundation\\Http\\Middleware\\ConvertEmptyStringsToNull->handle()
#35 D:\\SEMESTER 3 TEKNIK INFORMATIKA\\PROYEK-3-PBO\\APK-MANAJEMEN-DOSEN\\devOps\\devOps\\vendor\\laravel\\framework\\src\\Illuminate\\Foundation\\Http\\Middleware\\TransformsRequest.php(21): Illuminate\\Pipeline\\Pipeline->{closure:{closure:Illuminate\\Pipeline\\Pipeline::carry():194}:195}()
#36 D:\\SEMESTER 3 TEKNIK INFORMATIKA\\PROYEK-3-PBO\\APK-MANAJEMEN-DOSEN\\devOps\\devOps\\vendor\\laravel\\framework\\src\\Illuminate\\Foundation\\Http\\Middleware\\TrimStrings.php(51): Illuminate\\Foundation\\Http\\Middleware\\TransformsRequest->handle()
#37 D:\\SEMESTER 3 TEKNIK INFORMATIKA\\PROYEK-3-PBO\\APK-MANAJEMEN-DOSEN\\devOps\\devOps\\vendor\\laravel\\framework\\src\\Illuminate\\Pipeline\\Pipeline.php(219): Illuminate\\Foundation\\Http\\Middleware\\TrimStrings->handle()
#38 D:\\SEMESTER 3 TEKNIK INFORMATIKA\\PROYEK-3-PBO\\APK-MANAJEMEN-DOSEN\\devOps\\devOps\\vendor\\laravel\\framework\\src\\Illuminate\\Http\\Middleware\\ValidatePostSize.php(27): Illuminate\\Pipeline\\Pipeline->{closure:{closure:Illuminate\\Pipeline\\Pipeline::carry():194}:195}()
#39 D:\\SEMESTER 3 TEKNIK INFORMATIKA\\PROYEK-3-PBO\\APK-MANAJEMEN-DOSEN\\devOps\\devOps\\vendor\\laravel\\framework\\src\\Illuminate\\Pipeline\\Pipeline.php(219): Illuminate\\Http\\Middleware\\ValidatePostSize->handle()
#40 D:\\SEMESTER 3 TEKNIK INFORMATIKA\\PROYEK-3-PBO\\APK-MANAJEMEN-DOSEN\\devOps\\devOps\\vendor\\laravel\\framework\\src\\Illuminate\\Foundation\\Http\\Middleware\\PreventRequestsDuringMaintenance.php(109): Illuminate\\Pipeline\\Pipeline->{closure:{closure:Illuminate\\Pipeline\\Pipeline::carry():194}:195}()
#41 D:\\SEMESTER 3 TEKNIK INFORMATIKA\\PROYEK-3-PBO\\APK-MANAJEMEN-DOSEN\\devOps\\devOps\\vendor\\laravel\\framework\\src\\Illuminate\\Pipeline\\Pipeline.php(219): Illuminate\\Foundation\\Http\\Middleware\\PreventRequestsDuringMaintenance->handle()
#42 D:\\SEMESTER 3 TEKNIK INFORMATIKA\\PROYEK-3-PBO\\APK-MANAJEMEN-DOSEN\\devOps\\devOps\\vendor\\laravel\\framework\\src\\Illuminate\\Http\\Middleware\\HandleCors.php(48): Illuminate\\Pipeline\\Pipeline->{closure:{closure:Illuminate\\Pipeline\\Pipeline::carry():194}:195}()
#43 D:\\SEMESTER 3 TEKNIK INFORMATIKA\\PROYEK-3-PBO\\APK-MANAJEMEN-DOSEN\\devOps\\devOps\\vendor\\laravel\\framework\\src\\Illuminate\\Pipeline\\Pipeline.php(219): Illuminate\\Http\\Middleware\\HandleCors->handle()
#44 D:\\SEMESTER 3 TEKNIK INFORMATIKA\\PROYEK-3-PBO\\APK-MANAJEMEN-DOSEN\\devOps\\devOps\\vendor\\laravel\\framework\\src\\Illuminate\\Http\\Middleware\\TrustProxies.php(58): Illuminate\\Pipeline\\Pipeline->{closure:{closure:Illuminate\\Pipeline\\Pipeline::carry():194}:195}()
#45 D:\\SEMESTER 3 TEKNIK INFORMATIKA\\PROYEK-3-PBO\\APK-MANAJEMEN-DOSEN\\devOps\\devOps\\vendor\\laravel\\framework\\src\\Illuminate\\Pipeline\\Pipeline.php(219): Illuminate\\Http\\Middleware\\TrustProxies->handle()
#46 D:\\SEMESTER 3 TEKNIK INFORMATIKA\\PROYEK-3-PBO\\APK-MANAJEMEN-DOSEN\\devOps\\devOps\\vendor\\laravel\\framework\\src\\Illuminate\\Foundation\\Http\\Middleware\\InvokeDeferredCallbacks.php(22): Illuminate\\Pipeline\\Pipeline->{closure:{closure:Illuminate\\Pipeline\\Pipeline::carry():194}:195}()
#47 D:\\SEMESTER 3 TEKNIK INFORMATIKA\\PROYEK-3-PBO\\APK-MANAJEMEN-DOSEN\\devOps\\devOps\\vendor\\laravel\\framework\\src\\Illuminate\\Pipeline\\Pipeline.php(219): Illuminate\\Foundation\\Http\\Middleware\\InvokeDeferredCallbacks->handle()
#48 D:\\SEMESTER 3 TEKNIK INFORMATIKA\\PROYEK-3-PBO\\APK-MANAJEMEN-DOSEN\\devOps\\devOps\\vendor\\laravel\\framework\\src\\Illuminate\\Http\\Middleware\\ValidatePathEncoding.php(26): Illuminate\\Pipeline\\Pipeline->{closure:{closure:Illuminate\\Pipeline\\Pipeline::carry():194}:195}()
#49 D:\\SEMESTER 3 TEKNIK INFORMATIKA\\PROYEK-3-PBO\\APK-MANAJEMEN-DOSEN\\devOps\\devOps\\vendor\\laravel\\framework\\src\\Illuminate\\Pipeline\\Pipeline.php(219): Illuminate\\Http\\Middleware\\ValidatePathEncoding->handle()
#50 D:\\SEMESTER 3 TEKNIK INFORMATIKA\\PROYEK-3-PBO\\APK-MANAJEMEN-DOSEN\\devOps\\devOps\\vendor\\laravel\\framework\\src\\Illuminate\\Pipeline\\Pipeline.php(137): Illuminate\\Pipeline\\Pipeline->{closure:{closure:Illuminate\\Pipeline\\Pipeline::carry():194}:195}()
#51 D:\\SEMESTER 3 TEKNIK INFORMATIKA\\PROYEK-3-PBO\\APK-MANAJEMEN-DOSEN\\devOps\\devOps\\vendor\\laravel\\framework\\src\\Illuminate\\Foundation\\Http\\Kernel.php(175): Illuminate\\Pipeline\\Pipeline->then()
#52 D:\\SEMESTER 3 TEKNIK INFORMATIKA\\PROYEK-3-PBO\\APK-MANAJEMEN-DOSEN\\devOps\\devOps\\vendor\\laravel\\framework\\src\\Illuminate\\Foundation\\Http\\Kernel.php(144): Illuminate\\Foundation\\Http\\Kernel->sendRequestThroughRouter()
#53 D:\\SEMESTER 3 TEKNIK INFORMATIKA\\PROYEK-3-PBO\\APK-MANAJEMEN-DOSEN\\devOps\\devOps\\vendor\\laravel\\framework\\src\\Illuminate\\Foundation\\Application.php(1220): Illuminate\\Foundation\\Http\\Kernel->handle()
#54 D:\\SEMESTER 3 TEKNIK INFORMATIKA\\PROYEK-3-PBO\\APK-MANAJEMEN-DOSEN\\devOps\\devOps\\public\\index.php(20): Illuminate\\Foundation\\Application->handleRequest()
#55 D:\\SEMESTER 3 TEKNIK INFORMATIKA\\PROYEK-3-PBO\\APK-MANAJEMEN-DOSEN\\devOps\\devOps\\vendor\\laravel\\framework\\src\\Illuminate\\Foundation\\resources\\server.php(23): require_once('...')
#56 {main}
"} 
[2025-11-19 06:03:29] local.ERROR: This password does not use the Bcrypt algorithm. {"exception":"[object] (RuntimeException(code: 0): This password does not use the Bcrypt algorithm. at D:\\SEMESTER 3 TEKNIK INFORMATIKA\\PROYEK-3-PBO\\APK-MANAJEMEN-DOSEN\\devOps\\devOps\\vendor\\laravel\\framework\\src\\Illuminate\\Hashing\\BcryptHasher.php:88)
[stacktrace]
#0 D:\\SEMESTER 3 TEKNIK INFORMATIKA\\PROYEK-3-PBO\\APK-MANAJEMEN-DOSEN\\devOps\\devOps\\vendor\\laravel\\framework\\src\\Illuminate\\Hashing\\HashManager.php(76): Illuminate\\Hashing\\BcryptHasher->check()
#1 D:\\SEMESTER 3 TEKNIK INFORMATIKA\\PROYEK-3-PBO\\APK-MANAJEMEN-DOSEN\\devOps\\devOps\\vendor\\laravel\\framework\\src\\Illuminate\\Support\\Facades\\Facade.php(363): Illuminate\\Hashing\\HashManager->check()
#2 D:\\SEMESTER 3 TEKNIK INFORMATIKA\\PROYEK-3-PBO\\APK-MANAJEMEN-DOSEN\\devOps\\devOps\\app\\Http\\Controllers\\AuthController.php(35): Illuminate\\Support\\Facades\\Facade::__callStatic()
#3 D:\\SEMESTER 3 TEKNIK INFORMATIKA\\PROYEK-3-PBO\\APK-MANAJEMEN-DOSEN\\devOps\\devOps\\vendor\\laravel\\framework\\src\\Illuminate\\Routing\\ControllerDispatcher.php(46): App\\Http\\Controllers\\AuthController->login()
#4 D:\\SEMESTER 3 TEKNIK INFORMATIKA\\PROYEK-3-PBO\\APK-MANAJEMEN-DOSEN\\devOps\\devOps\\vendor\\laravel\\framework\\src\\Illuminate\\Routing\\Route.php(265): Illuminate\\Routing\\ControllerDispatcher->dispatch()
#5 D:\\SEMESTER 3 TEKNIK INFORMATIKA\\PROYEK-3-PBO\\APK-MANAJEMEN-DOSEN\\devOps\\devOps\\vendor\\laravel\\framework\\src\\Illuminate\\Routing\\Route.php(211): Illuminate\\Routing\\Route->runController()
#6 D:\\SEMESTER 3 TEKNIK INFORMATIKA\\PROYEK-3-PBO\\APK-MANAJEMEN-DOSEN\\devOps\\devOps\\vendor\\laravel\\framework\\src\\Illuminate\\Routing\\Router.php(822): Illuminate\\Routing\\Route->run()
#7 D:\\SEMESTER 3 TEKNIK INFORMATIKA\\PROYEK-3-PBO\\APK-MANAJEMEN-DOSEN\\devOps\\devOps\\vendor\\laravel\\framework\\src\\Illuminate\\Pipeline\\Pipeline.php(180): Illuminate\\Routing\\Router->{closure:Illuminate\\Routing\\Router::runRouteWithinStack():821}()
#8 D:\\SEMESTER 3 TEKNIK INFORMATIKA\\PROYEK-3-PBO\\APK-MANAJEMEN-DOSEN\\devOps\\devOps\\vendor\\laravel\\framework\\src\\Illuminate\\Foundation\\Http\\Middleware\\VerifyCsrfToken.php(87): Illuminate\\Pipeline\\Pipeline->{closure:Illuminate\\Pipeline\\Pipeline::prepareDestination():178}()
#9 D:\\SEMESTER 3 TEKNIK INFORMATIKA\\PROYEK-3-PBO\\APK-MANAJEMEN-DOSEN\\devOps\\devOps\\vendor\\laravel\\framework\\src\\Illuminate\\Pipeline\\Pipeline.php(219): Illuminate\\Foundation\\Http\\Middleware\\VerifyCsrfToken->handle()
#10 D:\\SEMESTER 3 TEKNIK INFORMATIKA\\PROYEK-3-PBO\\APK-MANAJEMEN-DOSEN\\devOps\\devOps\\vendor\\laravel\\framework\\src\\Illuminate\\Routing\\Middleware\\SubstituteBindings.php(50): Illuminate\\Pipeline\\Pipeline->{closure:{closure:Illuminate\\Pipeline\\Pipeline::carry():194}:195}()
#11 D:\\SEMESTER 3 TEKNIK INFORMATIKA\\PROYEK-3-PBO\\APK-MANAJEMEN-DOSEN\\devOps\\devOps\\vendor\\laravel\\framework\\src\\Illuminate\\Pipeline\\Pipeline.php(219): Illuminate\\Routing\\Middleware\\SubstituteBindings->handle()
#12 D:\\SEMESTER 3 TEKNIK INFORMATIKA\\PROYEK-3-PBO\\APK-MANAJEMEN-DOSEN\\devOps\\devOps\\vendor\\laravel\\framework\\src\\Illuminate\\Session\\Middleware\\AuthenticateSession.php(47): Illuminate\\Pipeline\\Pipeline->{closure:{closure:Illuminate\\Pipeline\\Pipeline::carry():194}:195}()
#13 D:\\SEMESTER 3 TEKNIK INFORMATIKA\\PROYEK-3-PBO\\APK-MANAJEMEN-DOSEN\\devOps\\devOps\\vendor\\laravel\\framework\\src\\Illuminate\\Pipeline\\Pipeline.php(219): Illuminate\\Session\\Middleware\\AuthenticateSession->handle()
#14 D:\\SEMESTER 3 TEKNIK INFORMATIKA\\PROYEK-3-PBO\\APK-MANAJEMEN-DOSEN\\devOps\\devOps\\vendor\\laravel\\framework\\src\\Illuminate\\Foundation\\Http\\Middleware\\VerifyCsrfToken.php(87): Illuminate\\Pipeline\\Pipeline->{closure:{closure:Illuminate\\Pipeline\\Pipeline::carry():194}:195}()
#15 D:\\SEMESTER 3 TEKNIK INFORMATIKA\\PROYEK-3-PBO\\APK-MANAJEMEN-DOSEN\\devOps\\devOps\\vendor\\laravel\\framework\\src\\Illuminate\\Pipeline\\Pipeline.php(219): Illuminate\\Foundation\\Http\\Middleware\\VerifyCsrfToken->handle()
#16 D:\\SEMESTER 3 TEKNIK INFORMATIKA\\PROYEK-3-PBO\\APK-MANAJEMEN-DOSEN\\devOps\\devOps\\vendor\\laravel\\framework\\src\\Illuminate\\View\\Middleware\\ShareErrorsFromSession.php(48): Illuminate\\Pipeline\\Pipeline->{closure:{closure:Illuminate\\Pipeline\\Pipeline::carry():194}:195}()
#17 D:\\SEMESTER 3 TEKNIK INFORMATIKA\\PROYEK-3-PBO\\APK-MANAJEMEN-DOSEN\\devOps\\devOps\\vendor\\laravel\\framework\\src\\Illuminate\\Pipeline\\Pipeline.php(219): Illuminate\\View\\Middleware\\ShareErrorsFromSession->handle()
#18 D:\\SEMESTER 3 TEKNIK INFORMATIKA\\PROYEK-3-PBO\\APK-MANAJEMEN-DOSEN\\devOps\\devOps\\vendor\\laravel\\framework\\src\\Illuminate\\Session\\Middleware\\StartSession.php(120): Illuminate\\Pipeline\\Pipeline->{closure:{closure:Illuminate\\Pipeline\\Pipeline::carry():194}:195}()
#19 D:\\SEMESTER 3 TEKNIK INFORMATIKA\\PROYEK-3-PBO\\APK-MANAJEMEN-DOSEN\\devOps\\devOps\\vendor\\laravel\\framework\\src\\Illuminate\\Session\\Middleware\\StartSession.php(63): Illuminate\\Session\\Middleware\\StartSession->handleStatefulRequest()
#20 D:\\SEMESTER 3 TEKNIK INFORMATIKA\\PROYEK-3-PBO\\APK-MANAJEMEN-DOSEN\\devOps\\devOps\\vendor\\laravel\\framework\\src\\Illuminate\\Pipeline\\Pipeline.php(219): Illuminate\\Session\\Middleware\\StartSession->handle()
#21 D:\\SEMESTER 3 TEKNIK INFORMATIKA\\PROYEK-3-PBO\\APK-MANAJEMEN-DOSEN\\devOps\\devOps\\vendor\\laravel\\framework\\src\\Illuminate\\Cookie\\Middleware\\AddQueuedCookiesToResponse.php(36): Illuminate\\Pipeline\\Pipeline->{closure:{closure:Illuminate\\Pipeline\\Pipeline::carry():194}:195}()
#22 D:\\SEMESTER 3 TEKNIK INFORMATIKA\\PROYEK-3-PBO\\APK-MANAJEMEN-DOSEN\\devOps\\devOps\\vendor\\laravel\\framework\\src\\Illuminate\\Pipeline\\Pipeline.php(219): Illuminate\\Cookie\\Middleware\\AddQueuedCookiesToResponse->handle()
#23 D:\\SEMESTER 3 TEKNIK INFORMATIKA\\PROYEK-3-PBO\\APK-MANAJEMEN-DOSEN\\devOps\\devOps\\vendor\\laravel\\framework\\src\\Illuminate\\Cookie\\Middleware\\EncryptCookies.php(74): Illuminate\\Pipeline\\Pipeline->{closure:{closure:Illuminate\\Pipeline\\Pipeline::carry():194}:195}()
#24 D:\\SEMESTER 3 TEKNIK INFORMATIKA\\PROYEK-3-PBO\\APK-MANAJEMEN-DOSEN\\devOps\\devOps\\vendor\\laravel\\framework\\src\\Illuminate\\Pipeline\\Pipeline.php(219): Illuminate\\Cookie\\Middleware\\EncryptCookies->handle()
#25 D:\\SEMESTER 3 TEKNIK INFORMATIKA\\PROYEK-3-PBO\\APK-MANAJEMEN-DOSEN\\devOps\\devOps\\vendor\\laravel\\framework\\src\\Illuminate\\Pipeline\\Pipeline.php(137): Illuminate\\Pipeline\\Pipeline->{closure:{closure:Illuminate\\Pipeline\\Pipeline::carry():194}:195}()
#26 D:\\SEMESTER 3 TEKNIK INFORMATIKA\\PROYEK-3-PBO\\APK-MANAJEMEN-DOSEN\\devOps\\devOps\\vendor\\laravel\\framework\\src\\Illuminate\\Routing\\Router.php(821): Illuminate\\Pipeline\\Pipeline->then()
#27 D:\\SEMESTER 3 TEKNIK INFORMATIKA\\PROYEK-3-PBO\\APK-MANAJEMEN-DOSEN\\devOps\\devOps\\vendor\\laravel\\framework\\src\\Illuminate\\Routing\\Router.php(800): Illuminate\\Routing\\Router->runRouteWithinStack()
#28 D:\\SEMESTER 3 TEKNIK INFORMATIKA\\PROYEK-3-PBO\\APK-MANAJEMEN-DOSEN\\devOps\\devOps\\vendor\\laravel\\framework\\src\\Illuminate\\Routing\\Router.php(764): Illuminate\\Routing\\Router->runRoute()
#29 D:\\SEMESTER 3 TEKNIK INFORMATIKA\\PROYEK-3-PBO\\APK-MANAJEMEN-DOSEN\\devOps\\devOps\\vendor\\laravel\\framework\\src\\Illuminate\\Routing\\Router.php(753): Illuminate\\Routing\\Router->dispatchToRoute()
#30 D:\\SEMESTER 3 TEKNIK INFORMATIKA\\PROYEK-3-PBO\\APK-MANAJEMEN-DOSEN\\devOps\\devOps\\vendor\\laravel\\framework\\src\\Illuminate\\Foundation\\Http\\Kernel.php(200): Illuminate\\Routing\\Router->dispatch()
#31 D:\\SEMESTER 3 TEKNIK INFORMATIKA\\PROYEK-3-PBO\\APK-MANAJEMEN-DOSEN\\devOps\\devOps\\vendor\\laravel\\framework\\src\\Illuminate\\Pipeline\\Pipeline.php(180): Illuminate\\Foundation\\Http\\Kernel->{closure:Illuminate\\Foundation\\Http\\Kernel::dispatchToRouter():197}()
#32 D:\\SEMESTER 3 TEKNIK INFORMATIKA\\PROYEK-3-PBO\\APK-MANAJEMEN-DOSEN\\devOps\\devOps\\vendor\\laravel\\framework\\src\\Illuminate\\Foundation\\Http\\Middleware\\TransformsRequest.php(21): Illuminate\\Pipeline\\Pipeline->{closure:Illuminate\\Pipeline\\Pipeline::prepareDestination():178}()
#33 D:\\SEMESTER 3 TEKNIK INFORMATIKA\\PROYEK-3-PBO\\APK-MANAJEMEN-DOSEN\\devOps\\devOps\\vendor\\laravel\\framework\\src\\Illuminate\\Foundation\\Http\\Middleware\\ConvertEmptyStringsToNull.php(31): Illuminate\\Foundation\\Http\\Middleware\\TransformsRequest->handle()
#34 D:\\SEMESTER 3 TEKNIK INFORMATIKA\\PROYEK-3-PBO\\APK-MANAJEMEN-DOSEN\\devOps\\devOps\\vendor\\laravel\\framework\\src\\Illuminate\\Pipeline\\Pipeline.php(219): Illuminate\\Foundation\\Http\\Middleware\\ConvertEmptyStringsToNull->handle()
#35 D:\\SEMESTER 3 TEKNIK INFORMATIKA\\PROYEK-3-PBO\\APK-MANAJEMEN-DOSEN\\devOps\\devOps\\vendor\\laravel\\framework\\src\\Illuminate\\Foundation\\Http\\Middleware\\TransformsRequest.php(21): Illuminate\\Pipeline\\Pipeline->{closure:{closure:Illuminate\\Pipeline\\Pipeline::carry():194}:195}()
#36 D:\\SEMESTER 3 TEKNIK INFORMATIKA\\PROYEK-3-PBO\\APK-MANAJEMEN-DOSEN\\devOps\\devOps\\vendor\\laravel\\framework\\src\\Illuminate\\Foundation\\Http\\Middleware\\TrimStrings.php(51): Illuminate\\Foundation\\Http\\Middleware\\TransformsRequest->handle()
#37 D:\\SEMESTER 3 TEKNIK INFORMATIKA\\PROYEK-3-PBO\\APK-MANAJEMEN-DOSEN\\devOps\\devOps\\vendor\\laravel\\framework\\src\\Illuminate\\Pipeline\\Pipeline.php(219): Illuminate\\Foundation\\Http\\Middleware\\TrimStrings->handle()
#38 D:\\SEMESTER 3 TEKNIK INFORMATIKA\\PROYEK-3-PBO\\APK-MANAJEMEN-DOSEN\\devOps\\devOps\\vendor\\laravel\\framework\\src\\Illuminate\\Http\\Middleware\\ValidatePostSize.php(27): Illuminate\\Pipeline\\Pipeline->{closure:{closure:Illuminate\\Pipeline\\Pipeline::carry():194}:195}()
#39 D:\\SEMESTER 3 TEKNIK INFORMATIKA\\PROYEK-3-PBO\\APK-MANAJEMEN-DOSEN\\devOps\\devOps\\vendor\\laravel\\framework\\src\\Illuminate\\Pipeline\\Pipeline.php(219): Illuminate\\Http\\Middleware\\ValidatePostSize->handle()
#40 D:\\SEMESTER 3 TEKNIK INFORMATIKA\\PROYEK-3-PBO\\APK-MANAJEMEN-DOSEN\\devOps\\devOps\\vendor\\laravel\\framework\\src\\Illuminate\\Foundation\\Http\\Middleware\\PreventRequestsDuringMaintenance.php(109): Illuminate\\Pipeline\\Pipeline->{closure:{closure:Illuminate\\Pipeline\\Pipeline::carry():194}:195}()
#41 D:\\SEMESTER 3 TEKNIK INFORMATIKA\\PROYEK-3-PBO\\APK-MANAJEMEN-DOSEN\\devOps\\devOps\\vendor\\laravel\\framework\\src\\Illuminate\\Pipeline\\Pipeline.php(219): Illuminate\\Foundation\\Http\\Middleware\\PreventRequestsDuringMaintenance->handle()
#42 D:\\SEMESTER 3 TEKNIK INFORMATIKA\\PROYEK-3-PBO\\APK-MANAJEMEN-DOSEN\\devOps\\devOps\\vendor\\laravel\\framework\\src\\Illuminate\\Http\\Middleware\\HandleCors.php(48): Illuminate\\Pipeline\\Pipeline->{closure:{closure:Illuminate\\Pipeline\\Pipeline::carry():194}:195}()
#43 D:\\SEMESTER 3 TEKNIK INFORMATIKA\\PROYEK-3-PBO\\APK-MANAJEMEN-DOSEN\\devOps\\devOps\\vendor\\laravel\\framework\\src\\Illuminate\\Pipeline\\Pipeline.php(219): Illuminate\\Http\\Middleware\\HandleCors->handle()
#44 D:\\SEMESTER 3 TEKNIK INFORMATIKA\\PROYEK-3-PBO\\APK-MANAJEMEN-DOSEN\\devOps\\devOps\\vendor\\laravel\\framework\\src\\Illuminate\\Http\\Middleware\\TrustProxies.php(58): Illuminate\\Pipeline\\Pipeline->{closure:{closure:Illuminate\\Pipeline\\Pipeline::carry():194}:195}()
#45 D:\\SEMESTER 3 TEKNIK INFORMATIKA\\PROYEK-3-PBO\\APK-MANAJEMEN-DOSEN\\devOps\\devOps\\vendor\\laravel\\framework\\src\\Illuminate\\Pipeline\\Pipeline.php(219): Illuminate\\Http\\Middleware\\TrustProxies->handle()
#46 D:\\SEMESTER 3 TEKNIK INFORMATIKA\\PROYEK-3-PBO\\APK-MANAJEMEN-DOSEN\\devOps\\devOps\\vendor\\laravel\\framework\\src\\Illuminate\\Foundation\\Http\\Middleware\\InvokeDeferredCallbacks.php(22): Illuminate\\Pipeline\\Pipeline->{closure:{closure:Illuminate\\Pipeline\\Pipeline::carry():194}:195}()
#47 D:\\SEMESTER 3 TEKNIK INFORMATIKA\\PROYEK-3-PBO\\APK-MANAJEMEN-DOSEN\\devOps\\devOps\\vendor\\laravel\\framework\\src\\Illuminate\\Pipeline\\Pipeline.php(219): Illuminate\\Foundation\\Http\\Middleware\\InvokeDeferredCallbacks->handle()
#48 D:\\SEMESTER 3 TEKNIK INFORMATIKA\\PROYEK-3-PBO\\APK-MANAJEMEN-DOSEN\\devOps\\devOps\\vendor\\laravel\\framework\\src\\Illuminate\\Http\\Middleware\\ValidatePathEncoding.php(26): Illuminate\\Pipeline\\Pipeline->{closure:{closure:Illuminate\\Pipeline\\Pipeline::carry():194}:195}()
#49 D:\\SEMESTER 3 TEKNIK INFORMATIKA\\PROYEK-3-PBO\\APK-MANAJEMEN-DOSEN\\devOps\\devOps\\vendor\\laravel\\framework\\src\\Illuminate\\Pipeline\\Pipeline.php(219): Illuminate\\Http\\Middleware\\ValidatePathEncoding->handle()
#50 D:\\SEMESTER 3 TEKNIK INFORMATIKA\\PROYEK-3-PBO\\APK-MANAJEMEN-DOSEN\\devOps\\devOps\\vendor\\laravel\\framework\\src\\Illuminate\\Pipeline\\Pipeline.php(137): Illuminate\\Pipeline\\Pipeline->{closure:{closure:Illuminate\\Pipeline\\Pipeline::carry():194}:195}()
#51 D:\\SEMESTER 3 TEKNIK INFORMATIKA\\PROYEK-3-PBO\\APK-MANAJEMEN-DOSEN\\devOps\\devOps\\vendor\\laravel\\framework\\src\\Illuminate\\Foundation\\Http\\Kernel.php(175): Illuminate\\Pipeline\\Pipeline->then()
#52 D:\\SEMESTER 3 TEKNIK INFORMATIKA\\PROYEK-3-PBO\\APK-MANAJEMEN-DOSEN\\devOps\\devOps\\vendor\\laravel\\framework\\src\\Illuminate\\Foundation\\Http\\Kernel.php(144): Illuminate\\Foundation\\Http\\Kernel->sendRequestThroughRouter()
#53 D:\\SEMESTER 3 TEKNIK INFORMATIKA\\PROYEK-3-PBO\\APK-MANAJEMEN-DOSEN\\devOps\\devOps\\vendor\\laravel\\framework\\src\\Illuminate\\Foundation\\Application.php(1220): Illuminate\\Foundation\\Http\\Kernel->handle()
#54 D:\\SEMESTER 3 TEKNIK INFORMATIKA\\PROYEK-3-PBO\\APK-MANAJEMEN-DOSEN\\devOps\\devOps\\public\\index.php(20): Illuminate\\Foundation\\Application->handleRequest()
#55 D:\\SEMESTER 3 TEKNIK INFORMATIKA\\PROYEK-3-PBO\\APK-MANAJEMEN-DOSEN\\devOps\\devOps\\vendor\\laravel\\framework\\src\\Illuminate\\Foundation\\resources\\server.php(23): require_once('...')
#56 {main}
"} 
[2025-11-19 06:04:43] local.ERROR: This password does not use the Bcrypt algorithm. {"exception":"[object] (RuntimeException(code: 0): This password does not use the Bcrypt algorithm. at D:\\SEMESTER 3 TEKNIK INFORMATIKA\\PROYEK-3-PBO\\APK-MANAJEMEN-DOSEN\\devOps\\devOps\\vendor\\laravel\\framework\\src\\Illuminate\\Hashing\\BcryptHasher.php:88)
[stacktrace]
#0 D:\\SEMESTER 3 TEKNIK INFORMATIKA\\PROYEK-3-PBO\\APK-MANAJEMEN-DOSEN\\devOps\\devOps\\vendor\\laravel\\framework\\src\\Illuminate\\Hashing\\HashManager.php(76): Illuminate\\Hashing\\BcryptHasher->check()
#1 D:\\SEMESTER 3 TEKNIK INFORMATIKA\\PROYEK-3-PBO\\APK-MANAJEMEN-DOSEN\\devOps\\devOps\\vendor\\laravel\\framework\\src\\Illuminate\\Support\\Facades\\Facade.php(363): Illuminate\\Hashing\\HashManager->check()
#2 D:\\SEMESTER 3 TEKNIK INFORMATIKA\\PROYEK-3-PBO\\APK-MANAJEMEN-DOSEN\\devOps\\devOps\\app\\Http\\Controllers\\AuthController.php(35): Illuminate\\Support\\Facades\\Facade::__callStatic()
#3 D:\\SEMESTER 3 TEKNIK INFORMATIKA\\PROYEK-3-PBO\\APK-MANAJEMEN-DOSEN\\devOps\\devOps\\vendor\\laravel\\framework\\src\\Illuminate\\Routing\\ControllerDispatcher.php(46): App\\Http\\Controllers\\AuthController->login()
#4 D:\\SEMESTER 3 TEKNIK INFORMATIKA\\PROYEK-3-PBO\\APK-MANAJEMEN-DOSEN\\devOps\\devOps\\vendor\\laravel\\framework\\src\\Illuminate\\Routing\\Route.php(265): Illuminate\\Routing\\ControllerDispatcher->dispatch()
#5 D:\\SEMESTER 3 TEKNIK INFORMATIKA\\PROYEK-3-PBO\\APK-MANAJEMEN-DOSEN\\devOps\\devOps\\vendor\\laravel\\framework\\src\\Illuminate\\Routing\\Route.php(211): Illuminate\\Routing\\Route->runController()
#6 D:\\SEMESTER 3 TEKNIK INFORMATIKA\\PROYEK-3-PBO\\APK-MANAJEMEN-DOSEN\\devOps\\devOps\\vendor\\laravel\\framework\\src\\Illuminate\\Routing\\Router.php(822): Illuminate\\Routing\\Route->run()
#7 D:\\SEMESTER 3 TEKNIK INFORMATIKA\\PROYEK-3-PBO\\APK-MANAJEMEN-DOSEN\\devOps\\devOps\\vendor\\laravel\\framework\\src\\Illuminate\\Pipeline\\Pipeline.php(180): Illuminate\\Routing\\Router->{closure:Illuminate\\Routing\\Router::runRouteWithinStack():821}()
#8 D:\\SEMESTER 3 TEKNIK INFORMATIKA\\PROYEK-3-PBO\\APK-MANAJEMEN-DOSEN\\devOps\\devOps\\vendor\\laravel\\framework\\src\\Illuminate\\Foundation\\Http\\Middleware\\VerifyCsrfToken.php(87): Illuminate\\Pipeline\\Pipeline->{closure:Illuminate\\Pipeline\\Pipeline::prepareDestination():178}()
#9 D:\\SEMESTER 3 TEKNIK INFORMATIKA\\PROYEK-3-PBO\\APK-MANAJEMEN-DOSEN\\devOps\\devOps\\vendor\\laravel\\framework\\src\\Illuminate\\Pipeline\\Pipeline.php(219): Illuminate\\Foundation\\Http\\Middleware\\VerifyCsrfToken->handle()
#10 D:\\SEMESTER 3 TEKNIK INFORMATIKA\\PROYEK-3-PBO\\APK-MANAJEMEN-DOSEN\\devOps\\devOps\\vendor\\laravel\\framework\\src\\Illuminate\\Routing\\Middleware\\SubstituteBindings.php(50): Illuminate\\Pipeline\\Pipeline->{closure:{closure:Illuminate\\Pipeline\\Pipeline::carry():194}:195}()
#11 D:\\SEMESTER 3 TEKNIK INFORMATIKA\\PROYEK-3-PBO\\APK-MANAJEMEN-DOSEN\\devOps\\devOps\\vendor\\laravel\\framework\\src\\Illuminate\\Pipeline\\Pipeline.php(219): Illuminate\\Routing\\Middleware\\SubstituteBindings->handle()
#12 D:\\SEMESTER 3 TEKNIK INFORMATIKA\\PROYEK-3-PBO\\APK-MANAJEMEN-DOSEN\\devOps\\devOps\\vendor\\laravel\\framework\\src\\Illuminate\\Session\\Middleware\\AuthenticateSession.php(47): Illuminate\\Pipeline\\Pipeline->{closure:{closure:Illuminate\\Pipeline\\Pipeline::carry():194}:195}()
#13 D:\\SEMESTER 3 TEKNIK INFORMATIKA\\PROYEK-3-PBO\\APK-MANAJEMEN-DOSEN\\devOps\\devOps\\vendor\\laravel\\framework\\src\\Illuminate\\Pipeline\\Pipeline.php(219): Illuminate\\Session\\Middleware\\AuthenticateSession->handle()
#14 D:\\SEMESTER 3 TEKNIK INFORMATIKA\\PROYEK-3-PBO\\APK-MANAJEMEN-DOSEN\\devOps\\devOps\\vendor\\laravel\\framework\\src\\Illuminate\\Foundation\\Http\\Middleware\\VerifyCsrfToken.php(87): Illuminate\\Pipeline\\Pipeline->{closure:{closure:Illuminate\\Pipeline\\Pipeline::carry():194}:195}()
#15 D:\\SEMESTER 3 TEKNIK INFORMATIKA\\PROYEK-3-PBO\\APK-MANAJEMEN-DOSEN\\devOps\\devOps\\vendor\\laravel\\framework\\src\\Illuminate\\Pipeline\\Pipeline.php(219): Illuminate\\Foundation\\Http\\Middleware\\VerifyCsrfToken->handle()
#16 D:\\SEMESTER 3 TEKNIK INFORMATIKA\\PROYEK-3-PBO\\APK-MANAJEMEN-DOSEN\\devOps\\devOps\\vendor\\laravel\\framework\\src\\Illuminate\\View\\Middleware\\ShareErrorsFromSession.php(48): Illuminate\\Pipeline\\Pipeline->{closure:{closure:Illuminate\\Pipeline\\Pipeline::carry():194}:195}()
#17 D:\\SEMESTER 3 TEKNIK INFORMATIKA\\PROYEK-3-PBO\\APK-MANAJEMEN-DOSEN\\devOps\\devOps\\vendor\\laravel\\framework\\src\\Illuminate\\Pipeline\\Pipeline.php(219): Illuminate\\View\\Middleware\\ShareErrorsFromSession->handle()
#18 D:\\SEMESTER 3 TEKNIK INFORMATIKA\\PROYEK-3-PBO\\APK-MANAJEMEN-DOSEN\\devOps\\devOps\\vendor\\laravel\\framework\\src\\Illuminate\\Session\\Middleware\\StartSession.php(120): Illuminate\\Pipeline\\Pipeline->{closure:{closure:Illuminate\\Pipeline\\Pipeline::carry():194}:195}()
#19 D:\\SEMESTER 3 TEKNIK INFORMATIKA\\PROYEK-3-PBO\\APK-MANAJEMEN-DOSEN\\devOps\\devOps\\vendor\\laravel\\framework\\src\\Illuminate\\Session\\Middleware\\StartSession.php(63): Illuminate\\Session\\Middleware\\StartSession->handleStatefulRequest()
#20 D:\\SEMESTER 3 TEKNIK INFORMATIKA\\PROYEK-3-PBO\\APK-MANAJEMEN-DOSEN\\devOps\\devOps\\vendor\\laravel\\framework\\src\\Illuminate\\Pipeline\\Pipeline.php(219): Illuminate\\Session\\Middleware\\StartSession->handle()
#21 D:\\SEMESTER 3 TEKNIK INFORMATIKA\\PROYEK-3-PBO\\APK-MANAJEMEN-DOSEN\\devOps\\devOps\\vendor\\laravel\\framework\\src\\Illuminate\\Cookie\\Middleware\\AddQueuedCookiesToResponse.php(36): Illuminate\\Pipeline\\Pipeline->{closure:{closure:Illuminate\\Pipeline\\Pipeline::carry():194}:195}()
#22 D:\\SEMESTER 3 TEKNIK INFORMATIKA\\PROYEK-3-PBO\\APK-MANAJEMEN-DOSEN\\devOps\\devOps\\vendor\\laravel\\framework\\src\\Illuminate\\Pipeline\\Pipeline.php(219): Illuminate\\Cookie\\Middleware\\AddQueuedCookiesToResponse->handle()
#23 D:\\SEMESTER 3 TEKNIK INFORMATIKA\\PROYEK-3-PBO\\APK-MANAJEMEN-DOSEN\\devOps\\devOps\\vendor\\laravel\\framework\\src\\Illuminate\\Cookie\\Middleware\\EncryptCookies.php(74): Illuminate\\Pipeline\\Pipeline->{closure:{closure:Illuminate\\Pipeline\\Pipeline::carry():194}:195}()
#24 D:\\SEMESTER 3 TEKNIK INFORMATIKA\\PROYEK-3-PBO\\APK-MANAJEMEN-DOSEN\\devOps\\devOps\\vendor\\laravel\\framework\\src\\Illuminate\\Pipeline\\Pipeline.php(219): Illuminate\\Cookie\\Middleware\\EncryptCookies->handle()
#25 D:\\SEMESTER 3 TEKNIK INFORMATIKA\\PROYEK-3-PBO\\APK-MANAJEMEN-DOSEN\\devOps\\devOps\\vendor\\laravel\\framework\\src\\Illuminate\\Pipeline\\Pipeline.php(137): Illuminate\\Pipeline\\Pipeline->{closure:{closure:Illuminate\\Pipeline\\Pipeline::carry():194}:195}()
#26 D:\\SEMESTER 3 TEKNIK INFORMATIKA\\PROYEK-3-PBO\\APK-MANAJEMEN-DOSEN\\devOps\\devOps\\vendor\\laravel\\framework\\src\\Illuminate\\Routing\\Router.php(821): Illuminate\\Pipeline\\Pipeline->then()
#27 D:\\SEMESTER 3 TEKNIK INFORMATIKA\\PROYEK-3-PBO\\APK-MANAJEMEN-DOSEN\\devOps\\devOps\\vendor\\laravel\\framework\\src\\Illuminate\\Routing\\Router.php(800): Illuminate\\Routing\\Router->runRouteWithinStack()
#28 D:\\SEMESTER 3 TEKNIK INFORMATIKA\\PROYEK-3-PBO\\APK-MANAJEMEN-DOSEN\\devOps\\devOps\\vendor\\laravel\\framework\\src\\Illuminate\\Routing\\Router.php(764): Illuminate\\Routing\\Router->runRoute()
#29 D:\\SEMESTER 3 TEKNIK INFORMATIKA\\PROYEK-3-PBO\\APK-MANAJEMEN-DOSEN\\devOps\\devOps\\vendor\\laravel\\framework\\src\\Illuminate\\Routing\\Router.php(753): Illuminate\\Routing\\Router->dispatchToRoute()
#30 D:\\SEMESTER 3 TEKNIK INFORMATIKA\\PROYEK-3-PBO\\APK-MANAJEMEN-DOSEN\\devOps\\devOps\\vendor\\laravel\\framework\\src\\Illuminate\\Foundation\\Http\\Kernel.php(200): Illuminate\\Routing\\Router->dispatch()
#31 D:\\SEMESTER 3 TEKNIK INFORMATIKA\\PROYEK-3-PBO\\APK-MANAJEMEN-DOSEN\\devOps\\devOps\\vendor\\laravel\\framework\\src\\Illuminate\\Pipeline\\Pipeline.php(180): Illuminate\\Foundation\\Http\\Kernel->{closure:Illuminate\\Foundation\\Http\\Kernel::dispatchToRouter():197}()
#32 D:\\SEMESTER 3 TEKNIK INFORMATIKA\\PROYEK-3-PBO\\APK-MANAJEMEN-DOSEN\\devOps\\devOps\\vendor\\laravel\\framework\\src\\Illuminate\\Foundation\\Http\\Middleware\\TransformsRequest.php(21): Illuminate\\Pipeline\\Pipeline->{closure:Illuminate\\Pipeline\\Pipeline::prepareDestination():178}()
#33 D:\\SEMESTER 3 TEKNIK INFORMATIKA\\PROYEK-3-PBO\\APK-MANAJEMEN-DOSEN\\devOps\\devOps\\vendor\\laravel\\framework\\src\\Illuminate\\Foundation\\Http\\Middleware\\ConvertEmptyStringsToNull.php(31): Illuminate\\Foundation\\Http\\Middleware\\TransformsRequest->handle()
#34 D:\\SEMESTER 3 TEKNIK INFORMATIKA\\PROYEK-3-PBO\\APK-MANAJEMEN-DOSEN\\devOps\\devOps\\vendor\\laravel\\framework\\src\\Illuminate\\Pipeline\\Pipeline.php(219): Illuminate\\Foundation\\Http\\Middleware\\ConvertEmptyStringsToNull->handle()
#35 D:\\SEMESTER 3 TEKNIK INFORMATIKA\\PROYEK-3-PBO\\APK-MANAJEMEN-DOSEN\\devOps\\devOps\\vendor\\laravel\\framework\\src\\Illuminate\\Foundation\\Http\\Middleware\\TransformsRequest.php(21): Illuminate\\Pipeline\\Pipeline->{closure:{closure:Illuminate\\Pipeline\\Pipeline::carry():194}:195}()
#36 D:\\SEMESTER 3 TEKNIK INFORMATIKA\\PROYEK-3-PBO\\APK-MANAJEMEN-DOSEN\\devOps\\devOps\\vendor\\laravel\\framework\\src\\Illuminate\\Foundation\\Http\\Middleware\\TrimStrings.php(51): Illuminate\\Foundation\\Http\\Middleware\\TransformsRequest->handle()
#37 D:\\SEMESTER 3 TEKNIK INFORMATIKA\\PROYEK-3-PBO\\APK-MANAJEMEN-DOSEN\\devOps\\devOps\\vendor\\laravel\\framework\\src\\Illuminate\\Pipeline\\Pipeline.php(219): Illuminate\\Foundation\\Http\\Middleware\\TrimStrings->handle()
#38 D:\\SEMESTER 3 TEKNIK INFORMATIKA\\PROYEK-3-PBO\\APK-MANAJEMEN-DOSEN\\devOps\\devOps\\vendor\\laravel\\framework\\src\\Illuminate\\Http\\Middleware\\ValidatePostSize.php(27): Illuminate\\Pipeline\\Pipeline->{closure:{closure:Illuminate\\Pipeline\\Pipeline::carry():194}:195}()
#39 D:\\SEMESTER 3 TEKNIK INFORMATIKA\\PROYEK-3-PBO\\APK-MANAJEMEN-DOSEN\\devOps\\devOps\\vendor\\laravel\\framework\\src\\Illuminate\\Pipeline\\Pipeline.php(219): Illuminate\\Http\\Middleware\\ValidatePostSize->handle()
#40 D:\\SEMESTER 3 TEKNIK INFORMATIKA\\PROYEK-3-PBO\\APK-MANAJEMEN-DOSEN\\devOps\\devOps\\vendor\\laravel\\framework\\src\\Illuminate\\Foundation\\Http\\Middleware\\PreventRequestsDuringMaintenance.php(109): Illuminate\\Pipeline\\Pipeline->{closure:{closure:Illuminate\\Pipeline\\Pipeline::carry():194}:195}()
#41 D:\\SEMESTER 3 TEKNIK INFORMATIKA\\PROYEK-3-PBO\\APK-MANAJEMEN-DOSEN\\devOps\\devOps\\vendor\\laravel\\framework\\src\\Illuminate\\Pipeline\\Pipeline.php(219): Illuminate\\Foundation\\Http\\Middleware\\PreventRequestsDuringMaintenance->handle()
#42 D:\\SEMESTER 3 TEKNIK INFORMATIKA\\PROYEK-3-PBO\\APK-MANAJEMEN-DOSEN\\devOps\\devOps\\vendor\\laravel\\framework\\src\\Illuminate\\Http\\Middleware\\HandleCors.php(48): Illuminate\\Pipeline\\Pipeline->{closure:{closure:Illuminate\\Pipeline\\Pipeline::carry():194}:195}()
#43 D:\\SEMESTER 3 TEKNIK INFORMATIKA\\PROYEK-3-PBO\\APK-MANAJEMEN-DOSEN\\devOps\\devOps\\vendor\\laravel\\framework\\src\\Illuminate\\Pipeline\\Pipeline.php(219): Illuminate\\Http\\Middleware\\HandleCors->handle()
#44 D:\\SEMESTER 3 TEKNIK INFORMATIKA\\PROYEK-3-PBO\\APK-MANAJEMEN-DOSEN\\devOps\\devOps\\vendor\\laravel\\framework\\src\\Illuminate\\Http\\Middleware\\TrustProxies.php(58): Illuminate\\Pipeline\\Pipeline->{closure:{closure:Illuminate\\Pipeline\\Pipeline::carry():194}:195}()
#45 D:\\SEMESTER 3 TEKNIK INFORMATIKA\\PROYEK-3-PBO\\APK-MANAJEMEN-DOSEN\\devOps\\devOps\\vendor\\laravel\\framework\\src\\Illuminate\\Pipeline\\Pipeline.php(219): Illuminate\\Http\\Middleware\\TrustProxies->handle()
#46 D:\\SEMESTER 3 TEKNIK INFORMATIKA\\PROYEK-3-PBO\\APK-MANAJEMEN-DOSEN\\devOps\\devOps\\vendor\\laravel\\framework\\src\\Illuminate\\Foundation\\Http\\Middleware\\InvokeDeferredCallbacks.php(22): Illuminate\\Pipeline\\Pipeline->{closure:{closure:Illuminate\\Pipeline\\Pipeline::carry():194}:195}()
#47 D:\\SEMESTER 3 TEKNIK INFORMATIKA\\PROYEK-3-PBO\\APK-MANAJEMEN-DOSEN\\devOps\\devOps\\vendor\\laravel\\framework\\src\\Illuminate\\Pipeline\\Pipeline.php(219): Illuminate\\Foundation\\Http\\Middleware\\InvokeDeferredCallbacks->handle()
#48 D:\\SEMESTER 3 TEKNIK INFORMATIKA\\PROYEK-3-PBO\\APK-MANAJEMEN-DOSEN\\devOps\\devOps\\vendor\\laravel\\framework\\src\\Illuminate\\Http\\Middleware\\ValidatePathEncoding.php(26): Illuminate\\Pipeline\\Pipeline->{closure:{closure:Illuminate\\Pipeline\\Pipeline::carry():194}:195}()
#49 D:\\SEMESTER 3 TEKNIK INFORMATIKA\\PROYEK-3-PBO\\APK-MANAJEMEN-DOSEN\\devOps\\devOps\\vendor\\laravel\\framework\\src\\Illuminate\\Pipeline\\Pipeline.php(219): Illuminate\\Http\\Middleware\\ValidatePathEncoding->handle()
#50 D:\\SEMESTER 3 TEKNIK INFORMATIKA\\PROYEK-3-PBO\\APK-MANAJEMEN-DOSEN\\devOps\\devOps\\vendor\\laravel\\framework\\src\\Illuminate\\Pipeline\\Pipeline.php(137): Illuminate\\Pipeline\\Pipeline->{closure:{closure:Illuminate\\Pipeline\\Pipeline::carry():194}:195}()
#51 D:\\SEMESTER 3 TEKNIK INFORMATIKA\\PROYEK-3-PBO\\APK-MANAJEMEN-DOSEN\\devOps\\devOps\\vendor\\laravel\\framework\\src\\Illuminate\\Foundation\\Http\\Kernel.php(175): Illuminate\\Pipeline\\Pipeline->then()
#52 D:\\SEMESTER 3 TEKNIK INFORMATIKA\\PROYEK-3-PBO\\APK-MANAJEMEN-DOSEN\\devOps\\devOps\\vendor\\laravel\\framework\\src\\Illuminate\\Foundation\\Http\\Kernel.php(144): Illuminate\\Foundation\\Http\\Kernel->sendRequestThroughRouter()
#53 D:\\SEMESTER 3 TEKNIK INFORMATIKA\\PROYEK-3-PBO\\APK-MANAJEMEN-DOSEN\\devOps\\devOps\\vendor\\laravel\\framework\\src\\Illuminate\\Foundation\\Application.php(1220): Illuminate\\Foundation\\Http\\Kernel->handle()
#54 D:\\SEMESTER 3 TEKNIK INFORMATIKA\\PROYEK-3-PBO\\APK-MANAJEMEN-DOSEN\\devOps\\devOps\\public\\index.php(20): Illuminate\\Foundation\\Application->handleRequest()
#55 D:\\SEMESTER 3 TEKNIK INFORMATIKA\\PROYEK-3-PBO\\APK-MANAJEMEN-DOSEN\\devOps\\devOps\\vendor\\laravel\\framework\\src\\Illuminate\\Foundation\\resources\\server.php(23): require_once('...')
#56 {main}
"} 
[2025-11-19 06:17:39] local.ERROR: This password does not use the Bcrypt algorithm. {"exception":"[object] (RuntimeException(code: 0): This password does not use the Bcrypt algorithm. at D:\\SEMESTER 3 TEKNIK INFORMATIKA\\PROYEK-3-PBO\\APK-MANAJEMEN-DOSEN\\devOps\\devOps\\vendor\\laravel\\framework\\src\\Illuminate\\Hashing\\BcryptHasher.php:88)
[stacktrace]
#0 D:\\SEMESTER 3 TEKNIK INFORMATIKA\\PROYEK-3-PBO\\APK-MANAJEMEN-DOSEN\\devOps\\devOps\\vendor\\laravel\\framework\\src\\Illuminate\\Hashing\\HashManager.php(76): Illuminate\\Hashing\\BcryptHasher->check()
#1 D:\\SEMESTER 3 TEKNIK INFORMATIKA\\PROYEK-3-PBO\\APK-MANAJEMEN-DOSEN\\devOps\\devOps\\vendor\\laravel\\framework\\src\\Illuminate\\Support\\Facades\\Facade.php(363): Illuminate\\Hashing\\HashManager->check()
#2 D:\\SEMESTER 3 TEKNIK INFORMATIKA\\PROYEK-3-PBO\\APK-MANAJEMEN-DOSEN\\devOps\\devOps\\app\\Http\\Controllers\\AuthController.php(35): Illuminate\\Support\\Facades\\Facade::__callStatic()
#3 D:\\SEMESTER 3 TEKNIK INFORMATIKA\\PROYEK-3-PBO\\APK-MANAJEMEN-DOSEN\\devOps\\devOps\\vendor\\laravel\\framework\\src\\Illuminate\\Routing\\ControllerDispatcher.php(46): App\\Http\\Controllers\\AuthController->login()
#4 D:\\SEMESTER 3 TEKNIK INFORMATIKA\\PROYEK-3-PBO\\APK-MANAJEMEN-DOSEN\\devOps\\devOps\\vendor\\laravel\\framework\\src\\Illuminate\\Routing\\Route.php(265): Illuminate\\Routing\\ControllerDispatcher->dispatch()
#5 D:\\SEMESTER 3 TEKNIK INFORMATIKA\\PROYEK-3-PBO\\APK-MANAJEMEN-DOSEN\\devOps\\devOps\\vendor\\laravel\\framework\\src\\Illuminate\\Routing\\Route.php(211): Illuminate\\Routing\\Route->runController()
#6 D:\\SEMESTER 3 TEKNIK INFORMATIKA\\PROYEK-3-PBO\\APK-MANAJEMEN-DOSEN\\devOps\\devOps\\vendor\\laravel\\framework\\src\\Illuminate\\Routing\\Router.php(822): Illuminate\\Routing\\Route->run()
#7 D:\\SEMESTER 3 TEKNIK INFORMATIKA\\PROYEK-3-PBO\\APK-MANAJEMEN-DOSEN\\devOps\\devOps\\vendor\\laravel\\framework\\src\\Illuminate\\Pipeline\\Pipeline.php(180): Illuminate\\Routing\\Router->{closure:Illuminate\\Routing\\Router::runRouteWithinStack():821}()
#8 D:\\SEMESTER 3 TEKNIK INFORMATIKA\\PROYEK-3-PBO\\APK-MANAJEMEN-DOSEN\\devOps\\devOps\\vendor\\laravel\\framework\\src\\Illuminate\\Foundation\\Http\\Middleware\\VerifyCsrfToken.php(87): Illuminate\\Pipeline\\Pipeline->{closure:Illuminate\\Pipeline\\Pipeline::prepareDestination():178}()
#9 D:\\SEMESTER 3 TEKNIK INFORMATIKA\\PROYEK-3-PBO\\APK-MANAJEMEN-DOSEN\\devOps\\devOps\\vendor\\laravel\\framework\\src\\Illuminate\\Pipeline\\Pipeline.php(219): Illuminate\\Foundation\\Http\\Middleware\\VerifyCsrfToken->handle()
#10 D:\\SEMESTER 3 TEKNIK INFORMATIKA\\PROYEK-3-PBO\\APK-MANAJEMEN-DOSEN\\devOps\\devOps\\vendor\\laravel\\framework\\src\\Illuminate\\Routing\\Middleware\\SubstituteBindings.php(50): Illuminate\\Pipeline\\Pipeline->{closure:{closure:Illuminate\\Pipeline\\Pipeline::carry():194}:195}()
#11 D:\\SEMESTER 3 TEKNIK INFORMATIKA\\PROYEK-3-PBO\\APK-MANAJEMEN-DOSEN\\devOps\\devOps\\vendor\\laravel\\framework\\src\\Illuminate\\Pipeline\\Pipeline.php(219): Illuminate\\Routing\\Middleware\\SubstituteBindings->handle()
#12 D:\\SEMESTER 3 TEKNIK INFORMATIKA\\PROYEK-3-PBO\\APK-MANAJEMEN-DOSEN\\devOps\\devOps\\vendor\\laravel\\framework\\src\\Illuminate\\Session\\Middleware\\AuthenticateSession.php(47): Illuminate\\Pipeline\\Pipeline->{closure:{closure:Illuminate\\Pipeline\\Pipeline::carry():194}:195}()
#13 D:\\SEMESTER 3 TEKNIK INFORMATIKA\\PROYEK-3-PBO\\APK-MANAJEMEN-DOSEN\\devOps\\devOps\\vendor\\laravel\\framework\\src\\Illuminate\\Pipeline\\Pipeline.php(219): Illuminate\\Session\\Middleware\\AuthenticateSession->handle()
#14 D:\\SEMESTER 3 TEKNIK INFORMATIKA\\PROYEK-3-PBO\\APK-MANAJEMEN-DOSEN\\devOps\\devOps\\vendor\\laravel\\framework\\src\\Illuminate\\Foundation\\Http\\Middleware\\VerifyCsrfToken.php(87): Illuminate\\Pipeline\\Pipeline->{closure:{closure:Illuminate\\Pipeline\\Pipeline::carry():194}:195}()
#15 D:\\SEMESTER 3 TEKNIK INFORMATIKA\\PROYEK-3-PBO\\APK-MANAJEMEN-DOSEN\\devOps\\devOps\\vendor\\laravel\\framework\\src\\Illuminate\\Pipeline\\Pipeline.php(219): Illuminate\\Foundation\\Http\\Middleware\\VerifyCsrfToken->handle()
#16 D:\\SEMESTER 3 TEKNIK INFORMATIKA\\PROYEK-3-PBO\\APK-MANAJEMEN-DOSEN\\devOps\\devOps\\vendor\\laravel\\framework\\src\\Illuminate\\View\\Middleware\\ShareErrorsFromSession.php(48): Illuminate\\Pipeline\\Pipeline->{closure:{closure:Illuminate\\Pipeline\\Pipeline::carry():194}:195}()
#17 D:\\SEMESTER 3 TEKNIK INFORMATIKA\\PROYEK-3-PBO\\APK-MANAJEMEN-DOSEN\\devOps\\devOps\\vendor\\laravel\\framework\\src\\Illuminate\\Pipeline\\Pipeline.php(219): Illuminate\\View\\Middleware\\ShareErrorsFromSession->handle()
#18 D:\\SEMESTER 3 TEKNIK INFORMATIKA\\PROYEK-3-PBO\\APK-MANAJEMEN-DOSEN\\devOps\\devOps\\vendor\\laravel\\framework\\src\\Illuminate\\Session\\Middleware\\StartSession.php(120): Illuminate\\Pipeline\\Pipeline->{closure:{closure:Illuminate\\Pipeline\\Pipeline::carry():194}:195}()
#19 D:\\SEMESTER 3 TEKNIK INFORMATIKA\\PROYEK-3-PBO\\APK-MANAJEMEN-DOSEN\\devOps\\devOps\\vendor\\laravel\\framework\\src\\Illuminate\\Session\\Middleware\\StartSession.php(63): Illuminate\\Session\\Middleware\\StartSession->handleStatefulRequest()
#20 D:\\SEMESTER 3 TEKNIK INFORMATIKA\\PROYEK-3-PBO\\APK-MANAJEMEN-DOSEN\\devOps\\devOps\\vendor\\laravel\\framework\\src\\Illuminate\\Pipeline\\Pipeline.php(219): Illuminate\\Session\\Middleware\\StartSession->handle()
#21 D:\\SEMESTER 3 TEKNIK INFORMATIKA\\PROYEK-3-PBO\\APK-MANAJEMEN-DOSEN\\devOps\\devOps\\vendor\\laravel\\framework\\src\\Illuminate\\Cookie\\Middleware\\AddQueuedCookiesToResponse.php(36): Illuminate\\Pipeline\\Pipeline->{closure:{closure:Illuminate\\Pipeline\\Pipeline::carry():194}:195}()
#22 D:\\SEMESTER 3 TEKNIK INFORMATIKA\\PROYEK-3-PBO\\APK-MANAJEMEN-DOSEN\\devOps\\devOps\\vendor\\laravel\\framework\\src\\Illuminate\\Pipeline\\Pipeline.php(219): Illuminate\\Cookie\\Middleware\\AddQueuedCookiesToResponse->handle()
#23 D:\\SEMESTER 3 TEKNIK INFORMATIKA\\PROYEK-3-PBO\\APK-MANAJEMEN-DOSEN\\devOps\\devOps\\vendor\\laravel\\framework\\src\\Illuminate\\Cookie\\Middleware\\EncryptCookies.php(74): Illuminate\\Pipeline\\Pipeline->{closure:{closure:Illuminate\\Pipeline\\Pipeline::carry():194}:195}()
#24 D:\\SEMESTER 3 TEKNIK INFORMATIKA\\PROYEK-3-PBO\\APK-MANAJEMEN-DOSEN\\devOps\\devOps\\vendor\\laravel\\framework\\src\\Illuminate\\Pipeline\\Pipeline.php(219): Illuminate\\Cookie\\Middleware\\EncryptCookies->handle()
#25 D:\\SEMESTER 3 TEKNIK INFORMATIKA\\PROYEK-3-PBO\\APK-MANAJEMEN-DOSEN\\devOps\\devOps\\vendor\\laravel\\framework\\src\\Illuminate\\Pipeline\\Pipeline.php(137): Illuminate\\Pipeline\\Pipeline->{closure:{closure:Illuminate\\Pipeline\\Pipeline::carry():194}:195}()
#26 D:\\SEMESTER 3 TEKNIK INFORMATIKA\\PROYEK-3-PBO\\APK-MANAJEMEN-DOSEN\\devOps\\devOps\\vendor\\laravel\\framework\\src\\Illuminate\\Routing\\Router.php(821): Illuminate\\Pipeline\\Pipeline->then()
#27 D:\\SEMESTER 3 TEKNIK INFORMATIKA\\PROYEK-3-PBO\\APK-MANAJEMEN-DOSEN\\devOps\\devOps\\vendor\\laravel\\framework\\src\\Illuminate\\Routing\\Router.php(800): Illuminate\\Routing\\Router->runRouteWithinStack()
#28 D:\\SEMESTER 3 TEKNIK INFORMATIKA\\PROYEK-3-PBO\\APK-MANAJEMEN-DOSEN\\devOps\\devOps\\vendor\\laravel\\framework\\src\\Illuminate\\Routing\\Router.php(764): Illuminate\\Routing\\Router->runRoute()
#29 D:\\SEMESTER 3 TEKNIK INFORMATIKA\\PROYEK-3-PBO\\APK-MANAJEMEN-DOSEN\\devOps\\devOps\\vendor\\laravel\\framework\\src\\Illuminate\\Routing\\Router.php(753): Illuminate\\Routing\\Router->dispatchToRoute()
#30 D:\\SEMESTER 3 TEKNIK INFORMATIKA\\PROYEK-3-PBO\\APK-MANAJEMEN-DOSEN\\devOps\\devOps\\vendor\\laravel\\framework\\src\\Illuminate\\Foundation\\Http\\Kernel.php(200): Illuminate\\Routing\\Router->dispatch()
#31 D:\\SEMESTER 3 TEKNIK INFORMATIKA\\PROYEK-3-PBO\\APK-MANAJEMEN-DOSEN\\devOps\\devOps\\vendor\\laravel\\framework\\src\\Illuminate\\Pipeline\\Pipeline.php(180): Illuminate\\Foundation\\Http\\Kernel->{closure:Illuminate\\Foundation\\Http\\Kernel::dispatchToRouter():197}()
#32 D:\\SEMESTER 3 TEKNIK INFORMATIKA\\PROYEK-3-PBO\\APK-MANAJEMEN-DOSEN\\devOps\\devOps\\vendor\\laravel\\framework\\src\\Illuminate\\Foundation\\Http\\Middleware\\TransformsRequest.php(21): Illuminate\\Pipeline\\Pipeline->{closure:Illuminate\\Pipeline\\Pipeline::prepareDestination():178}()
#33 D:\\SEMESTER 3 TEKNIK INFORMATIKA\\PROYEK-3-PBO\\APK-MANAJEMEN-DOSEN\\devOps\\devOps\\vendor\\laravel\\framework\\src\\Illuminate\\Foundation\\Http\\Middleware\\ConvertEmptyStringsToNull.php(31): Illuminate\\Foundation\\Http\\Middleware\\TransformsRequest->handle()
#34 D:\\SEMESTER 3 TEKNIK INFORMATIKA\\PROYEK-3-PBO\\APK-MANAJEMEN-DOSEN\\devOps\\devOps\\vendor\\laravel\\framework\\src\\Illuminate\\Pipeline\\Pipeline.php(219): Illuminate\\Foundation\\Http\\Middleware\\ConvertEmptyStringsToNull->handle()
#35 D:\\SEMESTER 3 TEKNIK INFORMATIKA\\PROYEK-3-PBO\\APK-MANAJEMEN-DOSEN\\devOps\\devOps\\vendor\\laravel\\framework\\src\\Illuminate\\Foundation\\Http\\Middleware\\TransformsRequest.php(21): Illuminate\\Pipeline\\Pipeline->{closure:{closure:Illuminate\\Pipeline\\Pipeline::carry():194}:195}()
#36 D:\\SEMESTER 3 TEKNIK INFORMATIKA\\PROYEK-3-PBO\\APK-MANAJEMEN-DOSEN\\devOps\\devOps\\vendor\\laravel\\framework\\src\\Illuminate\\Foundation\\Http\\Middleware\\TrimStrings.php(51): Illuminate\\Foundation\\Http\\Middleware\\TransformsRequest->handle()
#37 D:\\SEMESTER 3 TEKNIK INFORMATIKA\\PROYEK-3-PBO\\APK-MANAJEMEN-DOSEN\\devOps\\devOps\\vendor\\laravel\\framework\\src\\Illuminate\\Pipeline\\Pipeline.php(219): Illuminate\\Foundation\\Http\\Middleware\\TrimStrings->handle()
#38 D:\\SEMESTER 3 TEKNIK INFORMATIKA\\PROYEK-3-PBO\\APK-MANAJEMEN-DOSEN\\devOps\\devOps\\vendor\\laravel\\framework\\src\\Illuminate\\Http\\Middleware\\ValidatePostSize.php(27): Illuminate\\Pipeline\\Pipeline->{closure:{closure:Illuminate\\Pipeline\\Pipeline::carry():194}:195}()
#39 D:\\SEMESTER 3 TEKNIK INFORMATIKA\\PROYEK-3-PBO\\APK-MANAJEMEN-DOSEN\\devOps\\devOps\\vendor\\laravel\\framework\\src\\Illuminate\\Pipeline\\Pipeline.php(219): Illuminate\\Http\\Middleware\\ValidatePostSize->handle()
#40 D:\\SEMESTER 3 TEKNIK INFORMATIKA\\PROYEK-3-PBO\\APK-MANAJEMEN-DOSEN\\devOps\\devOps\\vendor\\laravel\\framework\\src\\Illuminate\\Foundation\\Http\\Middleware\\PreventRequestsDuringMaintenance.php(109): Illuminate\\Pipeline\\Pipeline->{closure:{closure:Illuminate\\Pipeline\\Pipeline::carry():194}:195}()
#41 D:\\SEMESTER 3 TEKNIK INFORMATIKA\\PROYEK-3-PBO\\APK-MANAJEMEN-DOSEN\\devOps\\devOps\\vendor\\laravel\\framework\\src\\Illuminate\\Pipeline\\Pipeline.php(219): Illuminate\\Foundation\\Http\\Middleware\\PreventRequestsDuringMaintenance->handle()
#42 D:\\SEMESTER 3 TEKNIK INFORMATIKA\\PROYEK-3-PBO\\APK-MANAJEMEN-DOSEN\\devOps\\devOps\\vendor\\laravel\\framework\\src\\Illuminate\\Http\\Middleware\\HandleCors.php(48): Illuminate\\Pipeline\\Pipeline->{closure:{closure:Illuminate\\Pipeline\\Pipeline::carry():194}:195}()
#43 D:\\SEMESTER 3 TEKNIK INFORMATIKA\\PROYEK-3-PBO\\APK-MANAJEMEN-DOSEN\\devOps\\devOps\\vendor\\laravel\\framework\\src\\Illuminate\\Pipeline\\Pipeline.php(219): Illuminate\\Http\\Middleware\\HandleCors->handle()
#44 D:\\SEMESTER 3 TEKNIK INFORMATIKA\\PROYEK-3-PBO\\APK-MANAJEMEN-DOSEN\\devOps\\devOps\\vendor\\laravel\\framework\\src\\Illuminate\\Http\\Middleware\\TrustProxies.php(58): Illuminate\\Pipeline\\Pipeline->{closure:{closure:Illuminate\\Pipeline\\Pipeline::carry():194}:195}()
#45 D:\\SEMESTER 3 TEKNIK INFORMATIKA\\PROYEK-3-PBO\\APK-MANAJEMEN-DOSEN\\devOps\\devOps\\vendor\\laravel\\framework\\src\\Illuminate\\Pipeline\\Pipeline.php(219): Illuminate\\Http\\Middleware\\TrustProxies->handle()
#46 D:\\SEMESTER 3 TEKNIK INFORMATIKA\\PROYEK-3-PBO\\APK-MANAJEMEN-DOSEN\\devOps\\devOps\\vendor\\laravel\\framework\\src\\Illuminate\\Foundation\\Http\\Middleware\\InvokeDeferredCallbacks.php(22): Illuminate\\Pipeline\\Pipeline->{closure:{closure:Illuminate\\Pipeline\\Pipeline::carry():194}:195}()
#47 D:\\SEMESTER 3 TEKNIK INFORMATIKA\\PROYEK-3-PBO\\APK-MANAJEMEN-DOSEN\\devOps\\devOps\\vendor\\laravel\\framework\\src\\Illuminate\\Pipeline\\Pipeline.php(219): Illuminate\\Foundation\\Http\\Middleware\\InvokeDeferredCallbacks->handle()
#48 D:\\SEMESTER 3 TEKNIK INFORMATIKA\\PROYEK-3-PBO\\APK-MANAJEMEN-DOSEN\\devOps\\devOps\\vendor\\laravel\\framework\\src\\Illuminate\\Http\\Middleware\\ValidatePathEncoding.php(26): Illuminate\\Pipeline\\Pipeline->{closure:{closure:Illuminate\\Pipeline\\Pipeline::carry():194}:195}()
#49 D:\\SEMESTER 3 TEKNIK INFORMATIKA\\PROYEK-3-PBO\\APK-MANAJEMEN-DOSEN\\devOps\\devOps\\vendor\\laravel\\framework\\src\\Illuminate\\Pipeline\\Pipeline.php(219): Illuminate\\Http\\Middleware\\ValidatePathEncoding->handle()
#50 D:\\SEMESTER 3 TEKNIK INFORMATIKA\\PROYEK-3-PBO\\APK-MANAJEMEN-DOSEN\\devOps\\devOps\\vendor\\laravel\\framework\\src\\Illuminate\\Pipeline\\Pipeline.php(137): Illuminate\\Pipeline\\Pipeline->{closure:{closure:Illuminate\\Pipeline\\Pipeline::carry():194}:195}()
#51 D:\\SEMESTER 3 TEKNIK INFORMATIKA\\PROYEK-3-PBO\\APK-MANAJEMEN-DOSEN\\devOps\\devOps\\vendor\\laravel\\framework\\src\\Illuminate\\Foundation\\Http\\Kernel.php(175): Illuminate\\Pipeline\\Pipeline->then()
#52 D:\\SEMESTER 3 TEKNIK INFORMATIKA\\PROYEK-3-PBO\\APK-MANAJEMEN-DOSEN\\devOps\\devOps\\vendor\\laravel\\framework\\src\\Illuminate\\Foundation\\Http\\Kernel.php(144): Illuminate\\Foundation\\Http\\Kernel->sendRequestThroughRouter()
#53 D:\\SEMESTER 3 TEKNIK INFORMATIKA\\PROYEK-3-PBO\\APK-MANAJEMEN-DOSEN\\devOps\\devOps\\vendor\\laravel\\framework\\src\\Illuminate\\Foundation\\Application.php(1220): Illuminate\\Foundation\\Http\\Kernel->handle()
#54 D:\\SEMESTER 3 TEKNIK INFORMATIKA\\PROYEK-3-PBO\\APK-MANAJEMEN-DOSEN\\devOps\\devOps\\public\\index.php(20): Illuminate\\Foundation\\Application->handleRequest()
#55 D:\\SEMESTER 3 TEKNIK INFORMATIKA\\PROYEK-3-PBO\\APK-MANAJEMEN-DOSEN\\devOps\\devOps\\vendor\\laravel\\framework\\src\\Illuminate\\Foundation\\resources\\server.php(23): require_once('...')
#56 {main}
"} 
[2025-11-19 06:30:18] local.ERROR: This password does not use the Bcrypt algorithm. {"exception":"[object] (RuntimeException(code: 0): This password does not use the Bcrypt algorithm. at D:\\SEMESTER 3 TEKNIK INFORMATIKA\\PROYEK-3-PBO\\APK-MANAJEMEN-DOSEN\\devOps\\devOps\\vendor\\laravel\\framework\\src\\Illuminate\\Hashing\\BcryptHasher.php:88)
[stacktrace]
#0 D:\\SEMESTER 3 TEKNIK INFORMATIKA\\PROYEK-3-PBO\\APK-MANAJEMEN-DOSEN\\devOps\\devOps\\vendor\\laravel\\framework\\src\\Illuminate\\Hashing\\HashManager.php(76): Illuminate\\Hashing\\BcryptHasher->check()
#1 D:\\SEMESTER 3 TEKNIK INFORMATIKA\\PROYEK-3-PBO\\APK-MANAJEMEN-DOSEN\\devOps\\devOps\\vendor\\laravel\\framework\\src\\Illuminate\\Support\\Facades\\Facade.php(363): Illuminate\\Hashing\\HashManager->check()
#2 D:\\SEMESTER 3 TEKNIK INFORMATIKA\\PROYEK-3-PBO\\APK-MANAJEMEN-DOSEN\\devOps\\devOps\\app\\Http\\Controllers\\AuthController.php(35): Illuminate\\Support\\Facades\\Facade::__callStatic()
#3 D:\\SEMESTER 3 TEKNIK INFORMATIKA\\PROYEK-3-PBO\\APK-MANAJEMEN-DOSEN\\devOps\\devOps\\vendor\\laravel\\framework\\src\\Illuminate\\Routing\\ControllerDispatcher.php(46): App\\Http\\Controllers\\AuthController->login()
#4 D:\\SEMESTER 3 TEKNIK INFORMATIKA\\PROYEK-3-PBO\\APK-MANAJEMEN-DOSEN\\devOps\\devOps\\vendor\\laravel\\framework\\src\\Illuminate\\Routing\\Route.php(265): Illuminate\\Routing\\ControllerDispatcher->dispatch()
#5 D:\\SEMESTER 3 TEKNIK INFORMATIKA\\PROYEK-3-PBO\\APK-MANAJEMEN-DOSEN\\devOps\\devOps\\vendor\\laravel\\framework\\src\\Illuminate\\Routing\\Route.php(211): Illuminate\\Routing\\Route->runController()
#6 D:\\SEMESTER 3 TEKNIK INFORMATIKA\\PROYEK-3-PBO\\APK-MANAJEMEN-DOSEN\\devOps\\devOps\\vendor\\laravel\\framework\\src\\Illuminate\\Routing\\Router.php(822): Illuminate\\Routing\\Route->run()
#7 D:\\SEMESTER 3 TEKNIK INFORMATIKA\\PROYEK-3-PBO\\APK-MANAJEMEN-DOSEN\\devOps\\devOps\\vendor\\laravel\\framework\\src\\Illuminate\\Pipeline\\Pipeline.php(180): Illuminate\\Routing\\Router->{closure:Illuminate\\Routing\\Router::runRouteWithinStack():821}()
#8 D:\\SEMESTER 3 TEKNIK INFORMATIKA\\PROYEK-3-PBO\\APK-MANAJEMEN-DOSEN\\devOps\\devOps\\vendor\\laravel\\framework\\src\\Illuminate\\Foundation\\Http\\Middleware\\VerifyCsrfToken.php(87): Illuminate\\Pipeline\\Pipeline->{closure:Illuminate\\Pipeline\\Pipeline::prepareDestination():178}()
#9 D:\\SEMESTER 3 TEKNIK INFORMATIKA\\PROYEK-3-PBO\\APK-MANAJEMEN-DOSEN\\devOps\\devOps\\vendor\\laravel\\framework\\src\\Illuminate\\Pipeline\\Pipeline.php(219): Illuminate\\Foundation\\Http\\Middleware\\VerifyCsrfToken->handle()
#10 D:\\SEMESTER 3 TEKNIK INFORMATIKA\\PROYEK-3-PBO\\APK-MANAJEMEN-DOSEN\\devOps\\devOps\\vendor\\laravel\\framework\\src\\Illuminate\\Routing\\Middleware\\SubstituteBindings.php(50): Illuminate\\Pipeline\\Pipeline->{closure:{closure:Illuminate\\Pipeline\\Pipeline::carry():194}:195}()
#11 D:\\SEMESTER 3 TEKNIK INFORMATIKA\\PROYEK-3-PBO\\APK-MANAJEMEN-DOSEN\\devOps\\devOps\\vendor\\laravel\\framework\\src\\Illuminate\\Pipeline\\Pipeline.php(219): Illuminate\\Routing\\Middleware\\SubstituteBindings->handle()
#12 D:\\SEMESTER 3 TEKNIK INFORMATIKA\\PROYEK-3-PBO\\APK-MANAJEMEN-DOSEN\\devOps\\devOps\\vendor\\laravel\\framework\\src\\Illuminate\\Session\\Middleware\\AuthenticateSession.php(47): Illuminate\\Pipeline\\Pipeline->{closure:{closure:Illuminate\\Pipeline\\Pipeline::carry():194}:195}()
#13 D:\\SEMESTER 3 TEKNIK INFORMATIKA\\PROYEK-3-PBO\\APK-MANAJEMEN-DOSEN\\devOps\\devOps\\vendor\\laravel\\framework\\src\\Illuminate\\Pipeline\\Pipeline.php(219): Illuminate\\Session\\Middleware\\AuthenticateSession->handle()
#14 D:\\SEMESTER 3 TEKNIK INFORMATIKA\\PROYEK-3-PBO\\APK-MANAJEMEN-DOSEN\\devOps\\devOps\\vendor\\laravel\\framework\\src\\Illuminate\\Foundation\\Http\\Middleware\\VerifyCsrfToken.php(87): Illuminate\\Pipeline\\Pipeline->{closure:{closure:Illuminate\\Pipeline\\Pipeline::carry():194}:195}()
#15 D:\\SEMESTER 3 TEKNIK INFORMATIKA\\PROYEK-3-PBO\\APK-MANAJEMEN-DOSEN\\devOps\\devOps\\vendor\\laravel\\framework\\src\\Illuminate\\Pipeline\\Pipeline.php(219): Illuminate\\Foundation\\Http\\Middleware\\VerifyCsrfToken->handle()
#16 D:\\SEMESTER 3 TEKNIK INFORMATIKA\\PROYEK-3-PBO\\APK-MANAJEMEN-DOSEN\\devOps\\devOps\\vendor\\laravel\\framework\\src\\Illuminate\\View\\Middleware\\ShareErrorsFromSession.php(48): Illuminate\\Pipeline\\Pipeline->{closure:{closure:Illuminate\\Pipeline\\Pipeline::carry():194}:195}()
#17 D:\\SEMESTER 3 TEKNIK INFORMATIKA\\PROYEK-3-PBO\\APK-MANAJEMEN-DOSEN\\devOps\\devOps\\vendor\\laravel\\framework\\src\\Illuminate\\Pipeline\\Pipeline.php(219): Illuminate\\View\\Middleware\\ShareErrorsFromSession->handle()
#18 D:\\SEMESTER 3 TEKNIK INFORMATIKA\\PROYEK-3-PBO\\APK-MANAJEMEN-DOSEN\\devOps\\devOps\\vendor\\laravel\\framework\\src\\Illuminate\\Session\\Middleware\\StartSession.php(120): Illuminate\\Pipeline\\Pipeline->{closure:{closure:Illuminate\\Pipeline\\Pipeline::carry():194}:195}()
#19 D:\\SEMESTER 3 TEKNIK INFORMATIKA\\PROYEK-3-PBO\\APK-MANAJEMEN-DOSEN\\devOps\\devOps\\vendor\\laravel\\framework\\src\\Illuminate\\Session\\Middleware\\StartSession.php(63): Illuminate\\Session\\Middleware\\StartSession->handleStatefulRequest()
#20 D:\\SEMESTER 3 TEKNIK INFORMATIKA\\PROYEK-3-PBO\\APK-MANAJEMEN-DOSEN\\devOps\\devOps\\vendor\\laravel\\framework\\src\\Illuminate\\Pipeline\\Pipeline.php(219): Illuminate\\Session\\Middleware\\StartSession->handle()
#21 D:\\SEMESTER 3 TEKNIK INFORMATIKA\\PROYEK-3-PBO\\APK-MANAJEMEN-DOSEN\\devOps\\devOps\\vendor\\laravel\\framework\\src\\Illuminate\\Cookie\\Middleware\\AddQueuedCookiesToResponse.php(36): Illuminate\\Pipeline\\Pipeline->{closure:{closure:Illuminate\\Pipeline\\Pipeline::carry():194}:195}()
#22 D:\\SEMESTER 3 TEKNIK INFORMATIKA\\PROYEK-3-PBO\\APK-MANAJEMEN-DOSEN\\devOps\\devOps\\vendor\\laravel\\framework\\src\\Illuminate\\Pipeline\\Pipeline.php(219): Illuminate\\Cookie\\Middleware\\AddQueuedCookiesToResponse->handle()
#23 D:\\SEMESTER 3 TEKNIK INFORMATIKA\\PROYEK-3-PBO\\APK-MANAJEMEN-DOSEN\\devOps\\devOps\\vendor\\laravel\\framework\\src\\Illuminate\\Cookie\\Middleware\\EncryptCookies.php(74): Illuminate\\Pipeline\\Pipeline->{closure:{closure:Illuminate\\Pipeline\\Pipeline::carry():194}:195}()
#24 D:\\SEMESTER 3 TEKNIK INFORMATIKA\\PROYEK-3-PBO\\APK-MANAJEMEN-DOSEN\\devOps\\devOps\\vendor\\laravel\\framework\\src\\Illuminate\\Pipeline\\Pipeline.php(219): Illuminate\\Cookie\\Middleware\\EncryptCookies->handle()
#25 D:\\SEMESTER 3 TEKNIK INFORMATIKA\\PROYEK-3-PBO\\APK-MANAJEMEN-DOSEN\\devOps\\devOps\\vendor\\laravel\\framework\\src\\Illuminate\\Pipeline\\Pipeline.php(137): Illuminate\\Pipeline\\Pipeline->{closure:{closure:Illuminate\\Pipeline\\Pipeline::carry():194}:195}()
#26 D:\\SEMESTER 3 TEKNIK INFORMATIKA\\PROYEK-3-PBO\\APK-MANAJEMEN-DOSEN\\devOps\\devOps\\vendor\\laravel\\framework\\src\\Illuminate\\Routing\\Router.php(821): Illuminate\\Pipeline\\Pipeline->then()
#27 D:\\SEMESTER 3 TEKNIK INFORMATIKA\\PROYEK-3-PBO\\APK-MANAJEMEN-DOSEN\\devOps\\devOps\\vendor\\laravel\\framework\\src\\Illuminate\\Routing\\Router.php(800): Illuminate\\Routing\\Router->runRouteWithinStack()
#28 D:\\SEMESTER 3 TEKNIK INFORMATIKA\\PROYEK-3-PBO\\APK-MANAJEMEN-DOSEN\\devOps\\devOps\\vendor\\laravel\\framework\\src\\Illuminate\\Routing\\Router.php(764): Illuminate\\Routing\\Router->runRoute()
#29 D:\\SEMESTER 3 TEKNIK INFORMATIKA\\PROYEK-3-PBO\\APK-MANAJEMEN-DOSEN\\devOps\\devOps\\vendor\\laravel\\framework\\src\\Illuminate\\Routing\\Router.php(753): Illuminate\\Routing\\Router->dispatchToRoute()
#30 D:\\SEMESTER 3 TEKNIK INFORMATIKA\\PROYEK-3-PBO\\APK-MANAJEMEN-DOSEN\\devOps\\devOps\\vendor\\laravel\\framework\\src\\Illuminate\\Foundation\\Http\\Kernel.php(200): Illuminate\\Routing\\Router->dispatch()
#31 D:\\SEMESTER 3 TEKNIK INFORMATIKA\\PROYEK-3-PBO\\APK-MANAJEMEN-DOSEN\\devOps\\devOps\\vendor\\laravel\\framework\\src\\Illuminate\\Pipeline\\Pipeline.php(180): Illuminate\\Foundation\\Http\\Kernel->{closure:Illuminate\\Foundation\\Http\\Kernel::dispatchToRouter():197}()
#32 D:\\SEMESTER 3 TEKNIK INFORMATIKA\\PROYEK-3-PBO\\APK-MANAJEMEN-DOSEN\\devOps\\devOps\\vendor\\laravel\\framework\\src\\Illuminate\\Foundation\\Http\\Middleware\\TransformsRequest.php(21): Illuminate\\Pipeline\\Pipeline->{closure:Illuminate\\Pipeline\\Pipeline::prepareDestination():178}()
#33 D:\\SEMESTER 3 TEKNIK INFORMATIKA\\PROYEK-3-PBO\\APK-MANAJEMEN-DOSEN\\devOps\\devOps\\vendor\\laravel\\framework\\src\\Illuminate\\Foundation\\Http\\Middleware\\ConvertEmptyStringsToNull.php(31): Illuminate\\Foundation\\Http\\Middleware\\TransformsRequest->handle()
#34 D:\\SEMESTER 3 TEKNIK INFORMATIKA\\PROYEK-3-PBO\\APK-MANAJEMEN-DOSEN\\devOps\\devOps\\vendor\\laravel\\framework\\src\\Illuminate\\Pipeline\\Pipeline.php(219): Illuminate\\Foundation\\Http\\Middleware\\ConvertEmptyStringsToNull->handle()
#35 D:\\SEMESTER 3 TEKNIK INFORMATIKA\\PROYEK-3-PBO\\APK-MANAJEMEN-DOSEN\\devOps\\devOps\\vendor\\laravel\\framework\\src\\Illuminate\\Foundation\\Http\\Middleware\\TransformsRequest.php(21): Illuminate\\Pipeline\\Pipeline->{closure:{closure:Illuminate\\Pipeline\\Pipeline::carry():194}:195}()
#36 D:\\SEMESTER 3 TEKNIK INFORMATIKA\\PROYEK-3-PBO\\APK-MANAJEMEN-DOSEN\\devOps\\devOps\\vendor\\laravel\\framework\\src\\Illuminate\\Foundation\\Http\\Middleware\\TrimStrings.php(51): Illuminate\\Foundation\\Http\\Middleware\\TransformsRequest->handle()
#37 D:\\SEMESTER 3 TEKNIK INFORMATIKA\\PROYEK-3-PBO\\APK-MANAJEMEN-DOSEN\\devOps\\devOps\\vendor\\laravel\\framework\\src\\Illuminate\\Pipeline\\Pipeline.php(219): Illuminate\\Foundation\\Http\\Middleware\\TrimStrings->handle()
#38 D:\\SEMESTER 3 TEKNIK INFORMATIKA\\PROYEK-3-PBO\\APK-MANAJEMEN-DOSEN\\devOps\\devOps\\vendor\\laravel\\framework\\src\\Illuminate\\Http\\Middleware\\ValidatePostSize.php(27): Illuminate\\Pipeline\\Pipeline->{closure:{closure:Illuminate\\Pipeline\\Pipeline::carry():194}:195}()
#39 D:\\SEMESTER 3 TEKNIK INFORMATIKA\\PROYEK-3-PBO\\APK-MANAJEMEN-DOSEN\\devOps\\devOps\\vendor\\laravel\\framework\\src\\Illuminate\\Pipeline\\Pipeline.php(219): Illuminate\\Http\\Middleware\\ValidatePostSize->handle()
#40 D:\\SEMESTER 3 TEKNIK INFORMATIKA\\PROYEK-3-PBO\\APK-MANAJEMEN-DOSEN\\devOps\\devOps\\vendor\\laravel\\framework\\src\\Illuminate\\Foundation\\Http\\Middleware\\PreventRequestsDuringMaintenance.php(109): Illuminate\\Pipeline\\Pipeline->{closure:{closure:Illuminate\\Pipeline\\Pipeline::carry():194}:195}()
#41 D:\\SEMESTER 3 TEKNIK INFORMATIKA\\PROYEK-3-PBO\\APK-MANAJEMEN-DOSEN\\devOps\\devOps\\vendor\\laravel\\framework\\src\\Illuminate\\Pipeline\\Pipeline.php(219): Illuminate\\Foundation\\Http\\Middleware\\PreventRequestsDuringMaintenance->handle()
#42 D:\\SEMESTER 3 TEKNIK INFORMATIKA\\PROYEK-3-PBO\\APK-MANAJEMEN-DOSEN\\devOps\\devOps\\vendor\\laravel\\framework\\src\\Illuminate\\Http\\Middleware\\HandleCors.php(48): Illuminate\\Pipeline\\Pipeline->{closure:{closure:Illuminate\\Pipeline\\Pipeline::carry():194}:195}()
#43 D:\\SEMESTER 3 TEKNIK INFORMATIKA\\PROYEK-3-PBO\\APK-MANAJEMEN-DOSEN\\devOps\\devOps\\vendor\\laravel\\framework\\src\\Illuminate\\Pipeline\\Pipeline.php(219): Illuminate\\Http\\Middleware\\HandleCors->handle()
#44 D:\\SEMESTER 3 TEKNIK INFORMATIKA\\PROYEK-3-PBO\\APK-MANAJEMEN-DOSEN\\devOps\\devOps\\vendor\\laravel\\framework\\src\\Illuminate\\Http\\Middleware\\TrustProxies.php(58): Illuminate\\Pipeline\\Pipeline->{closure:{closure:Illuminate\\Pipeline\\Pipeline::carry():194}:195}()
#45 D:\\SEMESTER 3 TEKNIK INFORMATIKA\\PROYEK-3-PBO\\APK-MANAJEMEN-DOSEN\\devOps\\devOps\\vendor\\laravel\\framework\\src\\Illuminate\\Pipeline\\Pipeline.php(219): Illuminate\\Http\\Middleware\\TrustProxies->handle()
#46 D:\\SEMESTER 3 TEKNIK INFORMATIKA\\PROYEK-3-PBO\\APK-MANAJEMEN-DOSEN\\devOps\\devOps\\vendor\\laravel\\framework\\src\\Illuminate\\Foundation\\Http\\Middleware\\InvokeDeferredCallbacks.php(22): Illuminate\\Pipeline\\Pipeline->{closure:{closure:Illuminate\\Pipeline\\Pipeline::carry():194}:195}()
#47 D:\\SEMESTER 3 TEKNIK INFORMATIKA\\PROYEK-3-PBO\\APK-MANAJEMEN-DOSEN\\devOps\\devOps\\vendor\\laravel\\framework\\src\\Illuminate\\Pipeline\\Pipeline.php(219): Illuminate\\Foundation\\Http\\Middleware\\InvokeDeferredCallbacks->handle()
#48 D:\\SEMESTER 3 TEKNIK INFORMATIKA\\PROYEK-3-PBO\\APK-MANAJEMEN-DOSEN\\devOps\\devOps\\vendor\\laravel\\framework\\src\\Illuminate\\Http\\Middleware\\ValidatePathEncoding.php(26): Illuminate\\Pipeline\\Pipeline->{closure:{closure:Illuminate\\Pipeline\\Pipeline::carry():194}:195}()
#49 D:\\SEMESTER 3 TEKNIK INFORMATIKA\\PROYEK-3-PBO\\APK-MANAJEMEN-DOSEN\\devOps\\devOps\\vendor\\laravel\\framework\\src\\Illuminate\\Pipeline\\Pipeline.php(219): Illuminate\\Http\\Middleware\\ValidatePathEncoding->handle()
#50 D:\\SEMESTER 3 TEKNIK INFORMATIKA\\PROYEK-3-PBO\\APK-MANAJEMEN-DOSEN\\devOps\\devOps\\vendor\\laravel\\framework\\src\\Illuminate\\Pipeline\\Pipeline.php(137): Illuminate\\Pipeline\\Pipeline->{closure:{closure:Illuminate\\Pipeline\\Pipeline::carry():194}:195}()
#51 D:\\SEMESTER 3 TEKNIK INFORMATIKA\\PROYEK-3-PBO\\APK-MANAJEMEN-DOSEN\\devOps\\devOps\\vendor\\laravel\\framework\\src\\Illuminate\\Foundation\\Http\\Kernel.php(175): Illuminate\\Pipeline\\Pipeline->then()
#52 D:\\SEMESTER 3 TEKNIK INFORMATIKA\\PROYEK-3-PBO\\APK-MANAJEMEN-DOSEN\\devOps\\devOps\\vendor\\laravel\\framework\\src\\Illuminate\\Foundation\\Http\\Kernel.php(144): Illuminate\\Foundation\\Http\\Kernel->sendRequestThroughRouter()
#53 D:\\SEMESTER 3 TEKNIK INFORMATIKA\\PROYEK-3-PBO\\APK-MANAJEMEN-DOSEN\\devOps\\devOps\\vendor\\laravel\\framework\\src\\Illuminate\\Foundation\\Application.php(1220): Illuminate\\Foundation\\Http\\Kernel->handle()
#54 D:\\SEMESTER 3 TEKNIK INFORMATIKA\\PROYEK-3-PBO\\APK-MANAJEMEN-DOSEN\\devOps\\devOps\\public\\index.php(20): Illuminate\\Foundation\\Application->handleRequest()
#55 D:\\SEMESTER 3 TEKNIK INFORMATIKA\\PROYEK-3-PBO\\APK-MANAJEMEN-DOSEN\\devOps\\devOps\\vendor\\laravel\\framework\\src\\Illuminate\\Foundation\\resources\\server.php(23): require_once('...')
#56 {main}
"} 
[2025-11-19 06:41:44] local.ERROR: Gagal download file ID 16: Unable to check existence for: dokumen-uploads/20251118050144-f3ITTM-ktm-belum-jadi.pdf  
[2025-11-19 16:23:28] local.ERROR: Class "App\Http\Controllers\Dosen\RiwayatUploadController" does not exist {"exception":"[object] (ReflectionException(code: -1): Class \"App\\Http\\Controllers\\Dosen\\RiwayatUploadController\" does not exist at D:\\SEMESTER 3 TEKNIK INFORMATIKA\\PROYEK-3-PBO\\APK-MANAJEMEN-DOSEN\\devOps\\devOps\\vendor\\laravel\\framework\\src\\Illuminate\\Foundation\\Console\\RouteListCommand.php:235)
[stacktrace]
#0 D:\\SEMESTER 3 TEKNIK INFORMATIKA\\PROYEK-3-PBO\\APK-MANAJEMEN-DOSEN\\devOps\\devOps\\vendor\\laravel\\framework\\src\\Illuminate\\Foundation\\Console\\RouteListCommand.php(235): ReflectionClass->__construct()
#1 D:\\SEMESTER 3 TEKNIK INFORMATIKA\\PROYEK-3-PBO\\APK-MANAJEMEN-DOSEN\\devOps\\devOps\\vendor\\laravel\\framework\\src\\Illuminate\\Foundation\\Console\\RouteListCommand.php(149): Illuminate\\Foundation\\Console\\RouteListCommand->isVendorRoute()
#2 D:\\SEMESTER 3 TEKNIK INFORMATIKA\\PROYEK-3-PBO\\APK-MANAJEMEN-DOSEN\\devOps\\devOps\\vendor\\laravel\\framework\\src\\Illuminate\\Foundation\\Console\\RouteListCommand.php(117): Illuminate\\Foundation\\Console\\RouteListCommand->getRouteInformation()
#3 [internal function]: Illuminate\\Foundation\\Console\\RouteListCommand->{closure:Illuminate\\Foundation\\Console\\RouteListCommand::getRoutes():117}()
#4 D:\\SEMESTER 3 TEKNIK INFORMATIKA\\PROYEK-3-PBO\\APK-MANAJEMEN-DOSEN\\devOps\\devOps\\vendor\\laravel\\framework\\src\\Illuminate\\Collections\\Arr.php(786): array_map()
#5 D:\\SEMESTER 3 TEKNIK INFORMATIKA\\PROYEK-3-PBO\\APK-MANAJEMEN-DOSEN\\devOps\\devOps\\vendor\\laravel\\framework\\src\\Illuminate\\Collections\\Collection.php(814): Illuminate\\Support\\Arr::map()
#6 D:\\SEMESTER 3 TEKNIK INFORMATIKA\\PROYEK-3-PBO\\APK-MANAJEMEN-DOSEN\\devOps\\devOps\\vendor\\laravel\\framework\\src\\Illuminate\\Foundation\\Console\\RouteListCommand.php(117): Illuminate\\Support\\Collection->map()
#7 D:\\SEMESTER 3 TEKNIK INFORMATIKA\\PROYEK-3-PBO\\APK-MANAJEMEN-DOSEN\\devOps\\devOps\\vendor\\laravel\\framework\\src\\Illuminate\\Foundation\\Console\\RouteListCommand.php(102): Illuminate\\Foundation\\Console\\RouteListCommand->getRoutes()
#8 D:\\SEMESTER 3 TEKNIK INFORMATIKA\\PROYEK-3-PBO\\APK-MANAJEMEN-DOSEN\\devOps\\devOps\\vendor\\laravel\\framework\\src\\Illuminate\\Container\\BoundMethod.php(36): Illuminate\\Foundation\\Console\\RouteListCommand->handle()
#9 D:\\SEMESTER 3 TEKNIK INFORMATIKA\\PROYEK-3-PBO\\APK-MANAJEMEN-DOSEN\\devOps\\devOps\\vendor\\laravel\\framework\\src\\Illuminate\\Container\\Util.php(43): Illuminate\\Container\\BoundMethod::{closure:Illuminate\\Container\\BoundMethod::call():35}()
#10 D:\\SEMESTER 3 TEKNIK INFORMATIKA\\PROYEK-3-PBO\\APK-MANAJEMEN-DOSEN\\devOps\\devOps\\vendor\\laravel\\framework\\src\\Illuminate\\Container\\BoundMethod.php(96): Illuminate\\Container\\Util::unwrapIfClosure()
#11 D:\\SEMESTER 3 TEKNIK INFORMATIKA\\PROYEK-3-PBO\\APK-MANAJEMEN-DOSEN\\devOps\\devOps\\vendor\\laravel\\framework\\src\\Illuminate\\Container\\BoundMethod.php(35): Illuminate\\Container\\BoundMethod::callBoundMethod()
#12 D:\\SEMESTER 3 TEKNIK INFORMATIKA\\PROYEK-3-PBO\\APK-MANAJEMEN-DOSEN\\devOps\\devOps\\vendor\\laravel\\framework\\src\\Illuminate\\Container\\Container.php(836): Illuminate\\Container\\BoundMethod::call()
#13 D:\\SEMESTER 3 TEKNIK INFORMATIKA\\PROYEK-3-PBO\\APK-MANAJEMEN-DOSEN\\devOps\\devOps\\vendor\\laravel\\framework\\src\\Illuminate\\Console\\Command.php(211): Illuminate\\Container\\Container->call()
#14 D:\\SEMESTER 3 TEKNIK INFORMATIKA\\PROYEK-3-PBO\\APK-MANAJEMEN-DOSEN\\devOps\\devOps\\vendor\\symfony\\console\\Command\\Command.php(318): Illuminate\\Console\\Command->execute()
#15 D:\\SEMESTER 3 TEKNIK INFORMATIKA\\PROYEK-3-PBO\\APK-MANAJEMEN-DOSEN\\devOps\\devOps\\vendor\\laravel\\framework\\src\\Illuminate\\Console\\Command.php(180): Symfony\\Component\\Console\\Command\\Command->run()
#16 D:\\SEMESTER 3 TEKNIK INFORMATIKA\\PROYEK-3-PBO\\APK-MANAJEMEN-DOSEN\\devOps\\devOps\\vendor\\symfony\\console\\Application.php(1073): Illuminate\\Console\\Command->run()
#17 D:\\SEMESTER 3 TEKNIK INFORMATIKA\\PROYEK-3-PBO\\APK-MANAJEMEN-DOSEN\\devOps\\devOps\\vendor\\symfony\\console\\Application.php(356): Symfony\\Component\\Console\\Application->doRunCommand()
#18 D:\\SEMESTER 3 TEKNIK INFORMATIKA\\PROYEK-3-PBO\\APK-MANAJEMEN-DOSEN\\devOps\\devOps\\vendor\\symfony\\console\\Application.php(195): Symfony\\Component\\Console\\Application->doRun()
#19 D:\\SEMESTER 3 TEKNIK INFORMATIKA\\PROYEK-3-PBO\\APK-MANAJEMEN-DOSEN\\devOps\\devOps\\vendor\\laravel\\framework\\src\\Illuminate\\Foundation\\Console\\Kernel.php(197): Symfony\\Component\\Console\\Application->run()
#20 D:\\SEMESTER 3 TEKNIK INFORMATIKA\\PROYEK-3-PBO\\APK-MANAJEMEN-DOSEN\\devOps\\devOps\\vendor\\laravel\\framework\\src\\Illuminate\\Foundation\\Application.php(1235): Illuminate\\Foundation\\Console\\Kernel->handle()
#21 D:\\SEMESTER 3 TEKNIK INFORMATIKA\\PROYEK-3-PBO\\APK-MANAJEMEN-DOSEN\\devOps\\devOps\\artisan(16): Illuminate\\Foundation\\Application->handleCommand()
#22 {main}
"} 
[2025-11-25 14:45:02] local.ERROR: SQLSTATE[42P01]: Undefined table: 7 ERROR:  relation "profil_dosen" does not exist
LINE 1: select * from "profil_dosen" where "profil_dosen"."id_user" ...
                      ^ (Connection: pgsql, SQL: select * from "profil_dosen" where "profil_dosen"."id_user" = 9 and "profil_dosen"."id_user" is not null limit 1) {"userId":9,"exception":"[object] (Illuminate\\Database\\QueryException(code: 42P01): SQLSTATE[42P01]: Undefined table: 7 ERROR:  relation \"profil_dosen\" does not exist
LINE 1: select * from \"profil_dosen\" where \"profil_dosen\".\"id_user\" ...
                      ^ (Connection: pgsql, SQL: select * from \"profil_dosen\" where \"profil_dosen\".\"id_user\" = 9 and \"profil_dosen\".\"id_user\" is not null limit 1) at D:\\SEMESTER 3 TEKNIK INFORMATIKA\\PROYEK-3-PBO\\APK-MANAJEMEN-DOSEN\\devOps\\devOps\\vendor\\laravel\\framework\\src\\Illuminate\\Database\\Connection.php:824)
[stacktrace]
#0 D:\\SEMESTER 3 TEKNIK INFORMATIKA\\PROYEK-3-PBO\\APK-MANAJEMEN-DOSEN\\devOps\\devOps\\vendor\\laravel\\framework\\src\\Illuminate\\Database\\Connection.php(778): Illuminate\\Database\\Connection->runQueryCallback()
#1 D:\\SEMESTER 3 TEKNIK INFORMATIKA\\PROYEK-3-PBO\\APK-MANAJEMEN-DOSEN\\devOps\\devOps\\vendor\\laravel\\framework\\src\\Illuminate\\Database\\Connection.php(397): Illuminate\\Database\\Connection->run()
#2 D:\\SEMESTER 3 TEKNIK INFORMATIKA\\PROYEK-3-PBO\\APK-MANAJEMEN-DOSEN\\devOps\\devOps\\vendor\\laravel\\framework\\src\\Illuminate\\Database\\Query\\Builder.php(3188): Illuminate\\Database\\Connection->select()
#3 D:\\SEMESTER 3 TEKNIK INFORMATIKA\\PROYEK-3-PBO\\APK-MANAJEMEN-DOSEN\\devOps\\devOps\\vendor\\laravel\\framework\\src\\Illuminate\\Database\\Query\\Builder.php(3173): Illuminate\\Database\\Query\\Builder->runSelect()
#4 D:\\SEMESTER 3 TEKNIK INFORMATIKA\\PROYEK-3-PBO\\APK-MANAJEMEN-DOSEN\\devOps\\devOps\\vendor\\laravel\\framework\\src\\Illuminate\\Database\\Query\\Builder.php(3763): Illuminate\\Database\\Query\\Builder->{closure:Illuminate\\Database\\Query\\Builder::get():3172}()
#5 D:\\SEMESTER 3 TEKNIK INFORMATIKA\\PROYEK-3-PBO\\APK-MANAJEMEN-DOSEN\\devOps\\devOps\\vendor\\laravel\\framework\\src\\Illuminate\\Database\\Query\\Builder.php(3172): Illuminate\\Database\\Query\\Builder->onceWithColumns()
#6 D:\\SEMESTER 3 TEKNIK INFORMATIKA\\PROYEK-3-PBO\\APK-MANAJEMEN-DOSEN\\devOps\\devOps\\vendor\\laravel\\framework\\src\\Illuminate\\Database\\Eloquent\\Builder.php(902): Illuminate\\Database\\Query\\Builder->get()
#7 D:\\SEMESTER 3 TEKNIK INFORMATIKA\\PROYEK-3-PBO\\APK-MANAJEMEN-DOSEN\\devOps\\devOps\\vendor\\laravel\\framework\\src\\Illuminate\\Database\\Eloquent\\Builder.php(884): Illuminate\\Database\\Eloquent\\Builder->getModels()
#8 D:\\SEMESTER 3 TEKNIK INFORMATIKA\\PROYEK-3-PBO\\APK-MANAJEMEN-DOSEN\\devOps\\devOps\\vendor\\laravel\\framework\\src\\Illuminate\\Database\\Concerns\\BuildsQueries.php(366): Illuminate\\Database\\Eloquent\\Builder->get()
#9 D:\\SEMESTER 3 TEKNIK INFORMATIKA\\PROYEK-3-PBO\\APK-MANAJEMEN-DOSEN\\devOps\\devOps\\vendor\\laravel\\framework\\src\\Illuminate\\Database\\Eloquent\\Relations\\HasOne.php(31): Illuminate\\Database\\Eloquent\\Builder->first()
#10 D:\\SEMESTER 3 TEKNIK INFORMATIKA\\PROYEK-3-PBO\\APK-MANAJEMEN-DOSEN\\devOps\\devOps\\vendor\\laravel\\framework\\src\\Illuminate\\Database\\Eloquent\\Concerns\\HasAttributes.php(635): Illuminate\\Database\\Eloquent\\Relations\\HasOne->getResults()
#11 D:\\SEMESTER 3 TEKNIK INFORMATIKA\\PROYEK-3-PBO\\APK-MANAJEMEN-DOSEN\\devOps\\devOps\\vendor\\laravel\\framework\\src\\Illuminate\\Database\\Eloquent\\Concerns\\HasAttributes.php(573): Illuminate\\Database\\Eloquent\\Model->getRelationshipFromMethod()
#12 D:\\SEMESTER 3 TEKNIK INFORMATIKA\\PROYEK-3-PBO\\APK-MANAJEMEN-DOSEN\\devOps\\devOps\\vendor\\laravel\\framework\\src\\Illuminate\\Database\\Eloquent\\Concerns\\HasAttributes.php(494): Illuminate\\Database\\Eloquent\\Model->getRelationValue()
#13 D:\\SEMESTER 3 TEKNIK INFORMATIKA\\PROYEK-3-PBO\\APK-MANAJEMEN-DOSEN\\devOps\\devOps\\vendor\\laravel\\framework\\src\\Illuminate\\Database\\Eloquent\\Model.php(2423): Illuminate\\Database\\Eloquent\\Model->getAttribute()
#14 D:\\SEMESTER 3 TEKNIK INFORMATIKA\\PROYEK-3-PBO\\APK-MANAJEMEN-DOSEN\\devOps\\devOps\\app\\Http\\Controllers\\Dosen\\PortofolioController.php(28): Illuminate\\Database\\Eloquent\\Model->__get()
#15 D:\\SEMESTER 3 TEKNIK INFORMATIKA\\PROYEK-3-PBO\\APK-MANAJEMEN-DOSEN\\devOps\\devOps\\vendor\\laravel\\framework\\src\\Illuminate\\Routing\\ControllerDispatcher.php(46): App\\Http\\Controllers\\Dosen\\PortofolioController->index()
#16 D:\\SEMESTER 3 TEKNIK INFORMATIKA\\PROYEK-3-PBO\\APK-MANAJEMEN-DOSEN\\devOps\\devOps\\vendor\\laravel\\framework\\src\\Illuminate\\Routing\\Route.php(265): Illuminate\\Routing\\ControllerDispatcher->dispatch()
#17 D:\\SEMESTER 3 TEKNIK INFORMATIKA\\PROYEK-3-PBO\\APK-MANAJEMEN-DOSEN\\devOps\\devOps\\vendor\\laravel\\framework\\src\\Illuminate\\Routing\\Route.php(211): Illuminate\\Routing\\Route->runController()
#18 D:\\SEMESTER 3 TEKNIK INFORMATIKA\\PROYEK-3-PBO\\APK-MANAJEMEN-DOSEN\\devOps\\devOps\\vendor\\laravel\\framework\\src\\Illuminate\\Routing\\Router.php(822): Illuminate\\Routing\\Route->run()
#19 D:\\SEMESTER 3 TEKNIK INFORMATIKA\\PROYEK-3-PBO\\APK-MANAJEMEN-DOSEN\\devOps\\devOps\\vendor\\laravel\\framework\\src\\Illuminate\\Pipeline\\Pipeline.php(180): Illuminate\\Routing\\Router->{closure:Illuminate\\Routing\\Router::runRouteWithinStack():821}()
#20 D:\\SEMESTER 3 TEKNIK INFORMATIKA\\PROYEK-3-PBO\\APK-MANAJEMEN-DOSEN\\devOps\\devOps\\app\\Http\\Middleware\\CheckRole.php(34): Illuminate\\Pipeline\\Pipeline->{closure:Illuminate\\Pipeline\\Pipeline::prepareDestination():178}()
#21 D:\\SEMESTER 3 TEKNIK INFORMATIKA\\PROYEK-3-PBO\\APK-MANAJEMEN-DOSEN\\devOps\\devOps\\vendor\\laravel\\framework\\src\\Illuminate\\Pipeline\\Pipeline.php(219): App\\Http\\Middleware\\CheckRole->handle()
#22 D:\\SEMESTER 3 TEKNIK INFORMATIKA\\PROYEK-3-PBO\\APK-MANAJEMEN-DOSEN\\devOps\\devOps\\vendor\\laravel\\framework\\src\\Illuminate\\Foundation\\Http\\Middleware\\VerifyCsrfToken.php(87): Illuminate\\Pipeline\\Pipeline->{closure:{closure:Illuminate\\Pipeline\\Pipeline::carry():194}:195}()
#23 D:\\SEMESTER 3 TEKNIK INFORMATIKA\\PROYEK-3-PBO\\APK-MANAJEMEN-DOSEN\\devOps\\devOps\\vendor\\laravel\\framework\\src\\Illuminate\\Pipeline\\Pipeline.php(219): Illuminate\\Foundation\\Http\\Middleware\\VerifyCsrfToken->handle()
#24 D:\\SEMESTER 3 TEKNIK INFORMATIKA\\PROYEK-3-PBO\\APK-MANAJEMEN-DOSEN\\devOps\\devOps\\vendor\\laravel\\framework\\src\\Illuminate\\Routing\\Middleware\\SubstituteBindings.php(50): Illuminate\\Pipeline\\Pipeline->{closure:{closure:Illuminate\\Pipeline\\Pipeline::carry():194}:195}()
#25 D:\\SEMESTER 3 TEKNIK INFORMATIKA\\PROYEK-3-PBO\\APK-MANAJEMEN-DOSEN\\devOps\\devOps\\vendor\\laravel\\framework\\src\\Illuminate\\Pipeline\\Pipeline.php(219): Illuminate\\Routing\\Middleware\\SubstituteBindings->handle()
#26 D:\\SEMESTER 3 TEKNIK INFORMATIKA\\PROYEK-3-PBO\\APK-MANAJEMEN-DOSEN\\devOps\\devOps\\vendor\\laravel\\framework\\src\\Illuminate\\Session\\Middleware\\AuthenticateSession.php(66): Illuminate\\Pipeline\\Pipeline->{closure:{closure:Illuminate\\Pipeline\\Pipeline::carry():194}:195}()
#27 D:\\SEMESTER 3 TEKNIK INFORMATIKA\\PROYEK-3-PBO\\APK-MANAJEMEN-DOSEN\\devOps\\devOps\\vendor\\laravel\\framework\\src\\Illuminate\\Pipeline\\Pipeline.php(219): Illuminate\\Session\\Middleware\\AuthenticateSession->handle()
#28 D:\\SEMESTER 3 TEKNIK INFORMATIKA\\PROYEK-3-PBO\\APK-MANAJEMEN-DOSEN\\devOps\\devOps\\vendor\\laravel\\framework\\src\\Illuminate\\Auth\\Middleware\\Authenticate.php(63): Illuminate\\Pipeline\\Pipeline->{closure:{closure:Illuminate\\Pipeline\\Pipeline::carry():194}:195}()
#29 D:\\SEMESTER 3 TEKNIK INFORMATIKA\\PROYEK-3-PBO\\APK-MANAJEMEN-DOSEN\\devOps\\devOps\\vendor\\laravel\\framework\\src\\Illuminate\\Pipeline\\Pipeline.php(219): Illuminate\\Auth\\Middleware\\Authenticate->handle()
#30 D:\\SEMESTER 3 TEKNIK INFORMATIKA\\PROYEK-3-PBO\\APK-MANAJEMEN-DOSEN\\devOps\\devOps\\vendor\\laravel\\framework\\src\\Illuminate\\Foundation\\Http\\Middleware\\VerifyCsrfToken.php(87): Illuminate\\Pipeline\\Pipeline->{closure:{closure:Illuminate\\Pipeline\\Pipeline::carry():194}:195}()
#31 D:\\SEMESTER 3 TEKNIK INFORMATIKA\\PROYEK-3-PBO\\APK-MANAJEMEN-DOSEN\\devOps\\devOps\\vendor\\laravel\\framework\\src\\Illuminate\\Pipeline\\Pipeline.php(219): Illuminate\\Foundation\\Http\\Middleware\\VerifyCsrfToken->handle()
#32 D:\\SEMESTER 3 TEKNIK INFORMATIKA\\PROYEK-3-PBO\\APK-MANAJEMEN-DOSEN\\devOps\\devOps\\vendor\\laravel\\framework\\src\\Illuminate\\View\\Middleware\\ShareErrorsFromSession.php(48): Illuminate\\Pipeline\\Pipeline->{closure:{closure:Illuminate\\Pipeline\\Pipeline::carry():194}:195}()
#33 D:\\SEMESTER 3 TEKNIK INFORMATIKA\\PROYEK-3-PBO\\APK-MANAJEMEN-DOSEN\\devOps\\devOps\\vendor\\laravel\\framework\\src\\Illuminate\\Pipeline\\Pipeline.php(219): Illuminate\\View\\Middleware\\ShareErrorsFromSession->handle()
#34 D:\\SEMESTER 3 TEKNIK INFORMATIKA\\PROYEK-3-PBO\\APK-MANAJEMEN-DOSEN\\devOps\\devOps\\vendor\\laravel\\framework\\src\\Illuminate\\Session\\Middleware\\StartSession.php(120): Illuminate\\Pipeline\\Pipeline->{closure:{closure:Illuminate\\Pipeline\\Pipeline::carry():194}:195}()
#35 D:\\SEMESTER 3 TEKNIK INFORMATIKA\\PROYEK-3-PBO\\APK-MANAJEMEN-DOSEN\\devOps\\devOps\\vendor\\laravel\\framework\\src\\Illuminate\\Session\\Middleware\\StartSession.php(63): Illuminate\\Session\\Middleware\\StartSession->handleStatefulRequest()
#36 D:\\SEMESTER 3 TEKNIK INFORMATIKA\\PROYEK-3-PBO\\APK-MANAJEMEN-DOSEN\\devOps\\devOps\\vendor\\laravel\\framework\\src\\Illuminate\\Pipeline\\Pipeline.php(219): Illuminate\\Session\\Middleware\\StartSession->handle()
#37 D:\\SEMESTER 3 TEKNIK INFORMATIKA\\PROYEK-3-PBO\\APK-MANAJEMEN-DOSEN\\devOps\\devOps\\vendor\\laravel\\framework\\src\\Illuminate\\Cookie\\Middleware\\AddQueuedCookiesToResponse.php(36): Illuminate\\Pipeline\\Pipeline->{closure:{closure:Illuminate\\Pipeline\\Pipeline::carry():194}:195}()
#38 D:\\SEMESTER 3 TEKNIK INFORMATIKA\\PROYEK-3-PBO\\APK-MANAJEMEN-DOSEN\\devOps\\devOps\\vendor\\laravel\\framework\\src\\Illuminate\\Pipeline\\Pipeline.php(219): Illuminate\\Cookie\\Middleware\\AddQueuedCookiesToResponse->handle()
#39 D:\\SEMESTER 3 TEKNIK INFORMATIKA\\PROYEK-3-PBO\\APK-MANAJEMEN-DOSEN\\devOps\\devOps\\vendor\\laravel\\framework\\src\\Illuminate\\Cookie\\Middleware\\EncryptCookies.php(74): Illuminate\\Pipeline\\Pipeline->{closure:{closure:Illuminate\\Pipeline\\Pipeline::carry():194}:195}()
#40 D:\\SEMESTER 3 TEKNIK INFORMATIKA\\PROYEK-3-PBO\\APK-MANAJEMEN-DOSEN\\devOps\\devOps\\vendor\\laravel\\framework\\src\\Illuminate\\Pipeline\\Pipeline.php(219): Illuminate\\Cookie\\Middleware\\EncryptCookies->handle()
#41 D:\\SEMESTER 3 TEKNIK INFORMATIKA\\PROYEK-3-PBO\\APK-MANAJEMEN-DOSEN\\devOps\\devOps\\vendor\\laravel\\framework\\src\\Illuminate\\Pipeline\\Pipeline.php(137): Illuminate\\Pipeline\\Pipeline->{closure:{closure:Illuminate\\Pipeline\\Pipeline::carry():194}:195}()
#42 D:\\SEMESTER 3 TEKNIK INFORMATIKA\\PROYEK-3-PBO\\APK-MANAJEMEN-DOSEN\\devOps\\devOps\\vendor\\laravel\\framework\\src\\Illuminate\\Routing\\Router.php(821): Illuminate\\Pipeline\\Pipeline->then()
#43 D:\\SEMESTER 3 TEKNIK INFORMATIKA\\PROYEK-3-PBO\\APK-MANAJEMEN-DOSEN\\devOps\\devOps\\vendor\\laravel\\framework\\src\\Illuminate\\Routing\\Router.php(800): Illuminate\\Routing\\Router->runRouteWithinStack()
#44 D:\\SEMESTER 3 TEKNIK INFORMATIKA\\PROYEK-3-PBO\\APK-MANAJEMEN-DOSEN\\devOps\\devOps\\vendor\\laravel\\framework\\src\\Illuminate\\Routing\\Router.php(764): Illuminate\\Routing\\Router->runRoute()
#45 D:\\SEMESTER 3 TEKNIK INFORMATIKA\\PROYEK-3-PBO\\APK-MANAJEMEN-DOSEN\\devOps\\devOps\\vendor\\laravel\\framework\\src\\Illuminate\\Routing\\Router.php(753): Illuminate\\Routing\\Router->dispatchToRoute()
#46 D:\\SEMESTER 3 TEKNIK INFORMATIKA\\PROYEK-3-PBO\\APK-MANAJEMEN-DOSEN\\devOps\\devOps\\vendor\\laravel\\framework\\src\\Illuminate\\Foundation\\Http\\Kernel.php(200): Illuminate\\Routing\\Router->dispatch()
#47 D:\\SEMESTER 3 TEKNIK INFORMATIKA\\PROYEK-3-PBO\\APK-MANAJEMEN-DOSEN\\devOps\\devOps\\vendor\\laravel\\framework\\src\\Illuminate\\Pipeline\\Pipeline.php(180): Illuminate\\Foundation\\Http\\Kernel->{closure:Illuminate\\Foundation\\Http\\Kernel::dispatchToRouter():197}()
#48 D:\\SEMESTER 3 TEKNIK INFORMATIKA\\PROYEK-3-PBO\\APK-MANAJEMEN-DOSEN\\devOps\\devOps\\vendor\\laravel\\framework\\src\\Illuminate\\Foundation\\Http\\Middleware\\TransformsRequest.php(21): Illuminate\\Pipeline\\Pipeline->{closure:Illuminate\\Pipeline\\Pipeline::prepareDestination():178}()
#49 D:\\SEMESTER 3 TEKNIK INFORMATIKA\\PROYEK-3-PBO\\APK-MANAJEMEN-DOSEN\\devOps\\devOps\\vendor\\laravel\\framework\\src\\Illuminate\\Foundation\\Http\\Middleware\\ConvertEmptyStringsToNull.php(31): Illuminate\\Foundation\\Http\\Middleware\\TransformsRequest->handle()
#50 D:\\SEMESTER 3 TEKNIK INFORMATIKA\\PROYEK-3-PBO\\APK-MANAJEMEN-DOSEN\\devOps\\devOps\\vendor\\laravel\\framework\\src\\Illuminate\\Pipeline\\Pipeline.php(219): Illuminate\\Foundation\\Http\\Middleware\\ConvertEmptyStringsToNull->handle()
#51 D:\\SEMESTER 3 TEKNIK INFORMATIKA\\PROYEK-3-PBO\\APK-MANAJEMEN-DOSEN\\devOps\\devOps\\vendor\\laravel\\framework\\src\\Illuminate\\Foundation\\Http\\Middleware\\TransformsRequest.php(21): Illuminate\\Pipeline\\Pipeline->{closure:{closure:Illuminate\\Pipeline\\Pipeline::carry():194}:195}()
#52 D:\\SEMESTER 3 TEKNIK INFORMATIKA\\PROYEK-3-PBO\\APK-MANAJEMEN-DOSEN\\devOps\\devOps\\vendor\\laravel\\framework\\src\\Illuminate\\Foundation\\Http\\Middleware\\TrimStrings.php(51): Illuminate\\Foundation\\Http\\Middleware\\TransformsRequest->handle()
#53 D:\\SEMESTER 3 TEKNIK INFORMATIKA\\PROYEK-3-PBO\\APK-MANAJEMEN-DOSEN\\devOps\\devOps\\vendor\\laravel\\framework\\src\\Illuminate\\Pipeline\\Pipeline.php(219): Illuminate\\Foundation\\Http\\Middleware\\TrimStrings->handle()
#54 D:\\SEMESTER 3 TEKNIK INFORMATIKA\\PROYEK-3-PBO\\APK-MANAJEMEN-DOSEN\\devOps\\devOps\\vendor\\laravel\\framework\\src\\Illuminate\\Http\\Middleware\\ValidatePostSize.php(27): Illuminate\\Pipeline\\Pipeline->{closure:{closure:Illuminate\\Pipeline\\Pipeline::carry():194}:195}()
#55 D:\\SEMESTER 3 TEKNIK INFORMATIKA\\PROYEK-3-PBO\\APK-MANAJEMEN-DOSEN\\devOps\\devOps\\vendor\\laravel\\framework\\src\\Illuminate\\Pipeline\\Pipeline.php(219): Illuminate\\Http\\Middleware\\ValidatePostSize->handle()
#56 D:\\SEMESTER 3 TEKNIK INFORMATIKA\\PROYEK-3-PBO\\APK-MANAJEMEN-DOSEN\\devOps\\devOps\\vendor\\laravel\\framework\\src\\Illuminate\\Foundation\\Http\\Middleware\\PreventRequestsDuringMaintenance.php(109): Illuminate\\Pipeline\\Pipeline->{closure:{closure:Illuminate\\Pipeline\\Pipeline::carry():194}:195}()
#57 D:\\SEMESTER 3 TEKNIK INFORMATIKA\\PROYEK-3-PBO\\APK-MANAJEMEN-DOSEN\\devOps\\devOps\\vendor\\laravel\\framework\\src\\Illuminate\\Pipeline\\Pipeline.php(219): Illuminate\\Foundation\\Http\\Middleware\\PreventRequestsDuringMaintenance->handle()
#58 D:\\SEMESTER 3 TEKNIK INFORMATIKA\\PROYEK-3-PBO\\APK-MANAJEMEN-DOSEN\\devOps\\devOps\\vendor\\laravel\\framework\\src\\Illuminate\\Http\\Middleware\\HandleCors.php(48): Illuminate\\Pipeline\\Pipeline->{closure:{closure:Illuminate\\Pipeline\\Pipeline::carry():194}:195}()
#59 D:\\SEMESTER 3 TEKNIK INFORMATIKA\\PROYEK-3-PBO\\APK-MANAJEMEN-DOSEN\\devOps\\devOps\\vendor\\laravel\\framework\\src\\Illuminate\\Pipeline\\Pipeline.php(219): Illuminate\\Http\\Middleware\\HandleCors->handle()
#60 D:\\SEMESTER 3 TEKNIK INFORMATIKA\\PROYEK-3-PBO\\APK-MANAJEMEN-DOSEN\\devOps\\devOps\\vendor\\laravel\\framework\\src\\Illuminate\\Http\\Middleware\\TrustProxies.php(58): Illuminate\\Pipeline\\Pipeline->{closure:{closure:Illuminate\\Pipeline\\Pipeline::carry():194}:195}()
#61 D:\\SEMESTER 3 TEKNIK INFORMATIKA\\PROYEK-3-PBO\\APK-MANAJEMEN-DOSEN\\devOps\\devOps\\vendor\\laravel\\framework\\src\\Illuminate\\Pipeline\\Pipeline.php(219): Illuminate\\Http\\Middleware\\TrustProxies->handle()
#62 D:\\SEMESTER 3 TEKNIK INFORMATIKA\\PROYEK-3-PBO\\APK-MANAJEMEN-DOSEN\\devOps\\devOps\\vendor\\laravel\\framework\\src\\Illuminate\\Foundation\\Http\\Middleware\\InvokeDeferredCallbacks.php(22): Illuminate\\Pipeline\\Pipeline->{closure:{closure:Illuminate\\Pipeline\\Pipeline::carry():194}:195}()
#63 D:\\SEMESTER 3 TEKNIK INFORMATIKA\\PROYEK-3-PBO\\APK-MANAJEMEN-DOSEN\\devOps\\devOps\\vendor\\laravel\\framework\\src\\Illuminate\\Pipeline\\Pipeline.php(219): Illuminate\\Foundation\\Http\\Middleware\\InvokeDeferredCallbacks->handle()
#64 D:\\SEMESTER 3 TEKNIK INFORMATIKA\\PROYEK-3-PBO\\APK-MANAJEMEN-DOSEN\\devOps\\devOps\\vendor\\laravel\\framework\\src\\Illuminate\\Http\\Middleware\\ValidatePathEncoding.php(26): Illuminate\\Pipeline\\Pipeline->{closure:{closure:Illuminate\\Pipeline\\Pipeline::carry():194}:195}()
#65 D:\\SEMESTER 3 TEKNIK INFORMATIKA\\PROYEK-3-PBO\\APK-MANAJEMEN-DOSEN\\devOps\\devOps\\vendor\\laravel\\framework\\src\\Illuminate\\Pipeline\\Pipeline.php(219): Illuminate\\Http\\Middleware\\ValidatePathEncoding->handle()
#66 D:\\SEMESTER 3 TEKNIK INFORMATIKA\\PROYEK-3-PBO\\APK-MANAJEMEN-DOSEN\\devOps\\devOps\\vendor\\laravel\\framework\\src\\Illuminate\\Pipeline\\Pipeline.php(137): Illuminate\\Pipeline\\Pipeline->{closure:{closure:Illuminate\\Pipeline\\Pipeline::carry():194}:195}()
#67 D:\\SEMESTER 3 TEKNIK INFORMATIKA\\PROYEK-3-PBO\\APK-MANAJEMEN-DOSEN\\devOps\\devOps\\vendor\\laravel\\framework\\src\\Illuminate\\Foundation\\Http\\Kernel.php(175): Illuminate\\Pipeline\\Pipeline->then()
#68 D:\\SEMESTER 3 TEKNIK INFORMATIKA\\PROYEK-3-PBO\\APK-MANAJEMEN-DOSEN\\devOps\\devOps\\vendor\\laravel\\framework\\src\\Illuminate\\Foundation\\Http\\Kernel.php(144): Illuminate\\Foundation\\Http\\Kernel->sendRequestThroughRouter()
#69 D:\\SEMESTER 3 TEKNIK INFORMATIKA\\PROYEK-3-PBO\\APK-MANAJEMEN-DOSEN\\devOps\\devOps\\vendor\\laravel\\framework\\src\\Illuminate\\Foundation\\Application.php(1220): Illuminate\\Foundation\\Http\\Kernel->handle()
#70 D:\\SEMESTER 3 TEKNIK INFORMATIKA\\PROYEK-3-PBO\\APK-MANAJEMEN-DOSEN\\devOps\\devOps\\public\\index.php(20): Illuminate\\Foundation\\Application->handleRequest()
#71 D:\\SEMESTER 3 TEKNIK INFORMATIKA\\PROYEK-3-PBO\\APK-MANAJEMEN-DOSEN\\devOps\\devOps\\vendor\\laravel\\framework\\src\\Illuminate\\Foundation\\resources\\server.php(23): require_once('...')
#72 {main}

[previous exception] [object] (PDOException(code: 42P01): SQLSTATE[42P01]: Undefined table: 7 ERROR:  relation \"profil_dosen\" does not exist
LINE 1: select * from \"profil_dosen\" where \"profil_dosen\".\"id_user\" ...
                      ^ at D:\\SEMESTER 3 TEKNIK INFORMATIKA\\PROYEK-3-PBO\\APK-MANAJEMEN-DOSEN\\devOps\\devOps\\vendor\\laravel\\framework\\src\\Illuminate\\Database\\Connection.php:411)
[stacktrace]
#0 D:\\SEMESTER 3 TEKNIK INFORMATIKA\\PROYEK-3-PBO\\APK-MANAJEMEN-DOSEN\\devOps\\devOps\\vendor\\laravel\\framework\\src\\Illuminate\\Database\\Connection.php(411): PDOStatement->execute()
#1 D:\\SEMESTER 3 TEKNIK INFORMATIKA\\PROYEK-3-PBO\\APK-MANAJEMEN-DOSEN\\devOps\\devOps\\vendor\\laravel\\framework\\src\\Illuminate\\Database\\Connection.php(811): Illuminate\\Database\\Connection->{closure:Illuminate\\Database\\Connection::select():397}()
#2 D:\\SEMESTER 3 TEKNIK INFORMATIKA\\PROYEK-3-PBO\\APK-MANAJEMEN-DOSEN\\devOps\\devOps\\vendor\\laravel\\framework\\src\\Illuminate\\Database\\Connection.php(778): Illuminate\\Database\\Connection->runQueryCallback()
#3 D:\\SEMESTER 3 TEKNIK INFORMATIKA\\PROYEK-3-PBO\\APK-MANAJEMEN-DOSEN\\devOps\\devOps\\vendor\\laravel\\framework\\src\\Illuminate\\Database\\Connection.php(397): Illuminate\\Database\\Connection->run()
#4 D:\\SEMESTER 3 TEKNIK INFORMATIKA\\PROYEK-3-PBO\\APK-MANAJEMEN-DOSEN\\devOps\\devOps\\vendor\\laravel\\framework\\src\\Illuminate\\Database\\Query\\Builder.php(3188): Illuminate\\Database\\Connection->select()
#5 D:\\SEMESTER 3 TEKNIK INFORMATIKA\\PROYEK-3-PBO\\APK-MANAJEMEN-DOSEN\\devOps\\devOps\\vendor\\laravel\\framework\\src\\Illuminate\\Database\\Query\\Builder.php(3173): Illuminate\\Database\\Query\\Builder->runSelect()
#6 D:\\SEMESTER 3 TEKNIK INFORMATIKA\\PROYEK-3-PBO\\APK-MANAJEMEN-DOSEN\\devOps\\devOps\\vendor\\laravel\\framework\\src\\Illuminate\\Database\\Query\\Builder.php(3763): Illuminate\\Database\\Query\\Builder->{closure:Illuminate\\Database\\Query\\Builder::get():3172}()
#7 D:\\SEMESTER 3 TEKNIK INFORMATIKA\\PROYEK-3-PBO\\APK-MANAJEMEN-DOSEN\\devOps\\devOps\\vendor\\laravel\\framework\\src\\Illuminate\\Database\\Query\\Builder.php(3172): Illuminate\\Database\\Query\\Builder->onceWithColumns()
#8 D:\\SEMESTER 3 TEKNIK INFORMATIKA\\PROYEK-3-PBO\\APK-MANAJEMEN-DOSEN\\devOps\\devOps\\vendor\\laravel\\framework\\src\\Illuminate\\Database\\Eloquent\\Builder.php(902): Illuminate\\Database\\Query\\Builder->get()
#9 D:\\SEMESTER 3 TEKNIK INFORMATIKA\\PROYEK-3-PBO\\APK-MANAJEMEN-DOSEN\\devOps\\devOps\\vendor\\laravel\\framework\\src\\Illuminate\\Database\\Eloquent\\Builder.php(884): Illuminate\\Database\\Eloquent\\Builder->getModels()
#10 D:\\SEMESTER 3 TEKNIK INFORMATIKA\\PROYEK-3-PBO\\APK-MANAJEMEN-DOSEN\\devOps\\devOps\\vendor\\laravel\\framework\\src\\Illuminate\\Database\\Concerns\\BuildsQueries.php(366): Illuminate\\Database\\Eloquent\\Builder->get()
#11 D:\\SEMESTER 3 TEKNIK INFORMATIKA\\PROYEK-3-PBO\\APK-MANAJEMEN-DOSEN\\devOps\\devOps\\vendor\\laravel\\framework\\src\\Illuminate\\Database\\Eloquent\\Relations\\HasOne.php(31): Illuminate\\Database\\Eloquent\\Builder->first()
#12 D:\\SEMESTER 3 TEKNIK INFORMATIKA\\PROYEK-3-PBO\\APK-MANAJEMEN-DOSEN\\devOps\\devOps\\vendor\\laravel\\framework\\src\\Illuminate\\Database\\Eloquent\\Concerns\\HasAttributes.php(635): Illuminate\\Database\\Eloquent\\Relations\\HasOne->getResults()
#13 D:\\SEMESTER 3 TEKNIK INFORMATIKA\\PROYEK-3-PBO\\APK-MANAJEMEN-DOSEN\\devOps\\devOps\\vendor\\laravel\\framework\\src\\Illuminate\\Database\\Eloquent\\Concerns\\HasAttributes.php(573): Illuminate\\Database\\Eloquent\\Model->getRelationshipFromMethod()
#14 D:\\SEMESTER 3 TEKNIK INFORMATIKA\\PROYEK-3-PBO\\APK-MANAJEMEN-DOSEN\\devOps\\devOps\\vendor\\laravel\\framework\\src\\Illuminate\\Database\\Eloquent\\Concerns\\HasAttributes.php(494): Illuminate\\Database\\Eloquent\\Model->getRelationValue()
#15 D:\\SEMESTER 3 TEKNIK INFORMATIKA\\PROYEK-3-PBO\\APK-MANAJEMEN-DOSEN\\devOps\\devOps\\vendor\\laravel\\framework\\src\\Illuminate\\Database\\Eloquent\\Model.php(2423): Illuminate\\Database\\Eloquent\\Model->getAttribute()
#16 D:\\SEMESTER 3 TEKNIK INFORMATIKA\\PROYEK-3-PBO\\APK-MANAJEMEN-DOSEN\\devOps\\devOps\\app\\Http\\Controllers\\Dosen\\PortofolioController.php(28): Illuminate\\Database\\Eloquent\\Model->__get()
#17 D:\\SEMESTER 3 TEKNIK INFORMATIKA\\PROYEK-3-PBO\\APK-MANAJEMEN-DOSEN\\devOps\\devOps\\vendor\\laravel\\framework\\src\\Illuminate\\Routing\\ControllerDispatcher.php(46): App\\Http\\Controllers\\Dosen\\PortofolioController->index()
#18 D:\\SEMESTER 3 TEKNIK INFORMATIKA\\PROYEK-3-PBO\\APK-MANAJEMEN-DOSEN\\devOps\\devOps\\vendor\\laravel\\framework\\src\\Illuminate\\Routing\\Route.php(265): Illuminate\\Routing\\ControllerDispatcher->dispatch()
#19 D:\\SEMESTER 3 TEKNIK INFORMATIKA\\PROYEK-3-PBO\\APK-MANAJEMEN-DOSEN\\devOps\\devOps\\vendor\\laravel\\framework\\src\\Illuminate\\Routing\\Route.php(211): Illuminate\\Routing\\Route->runController()
#20 D:\\SEMESTER 3 TEKNIK INFORMATIKA\\PROYEK-3-PBO\\APK-MANAJEMEN-DOSEN\\devOps\\devOps\\vendor\\laravel\\framework\\src\\Illuminate\\Routing\\Router.php(822): Illuminate\\Routing\\Route->run()
#21 D:\\SEMESTER 3 TEKNIK INFORMATIKA\\PROYEK-3-PBO\\APK-MANAJEMEN-DOSEN\\devOps\\devOps\\vendor\\laravel\\framework\\src\\Illuminate\\Pipeline\\Pipeline.php(180): Illuminate\\Routing\\Router->{closure:Illuminate\\Routing\\Router::runRouteWithinStack():821}()
#22 D:\\SEMESTER 3 TEKNIK INFORMATIKA\\PROYEK-3-PBO\\APK-MANAJEMEN-DOSEN\\devOps\\devOps\\app\\Http\\Middleware\\CheckRole.php(34): Illuminate\\Pipeline\\Pipeline->{closure:Illuminate\\Pipeline\\Pipeline::prepareDestination():178}()
#23 D:\\SEMESTER 3 TEKNIK INFORMATIKA\\PROYEK-3-PBO\\APK-MANAJEMEN-DOSEN\\devOps\\devOps\\vendor\\laravel\\framework\\src\\Illuminate\\Pipeline\\Pipeline.php(219): App\\Http\\Middleware\\CheckRole->handle()
#24 D:\\SEMESTER 3 TEKNIK INFORMATIKA\\PROYEK-3-PBO\\APK-MANAJEMEN-DOSEN\\devOps\\devOps\\vendor\\laravel\\framework\\src\\Illuminate\\Foundation\\Http\\Middleware\\VerifyCsrfToken.php(87): Illuminate\\Pipeline\\Pipeline->{closure:{closure:Illuminate\\Pipeline\\Pipeline::carry():194}:195}()
#25 D:\\SEMESTER 3 TEKNIK INFORMATIKA\\PROYEK-3-PBO\\APK-MANAJEMEN-DOSEN\\devOps\\devOps\\vendor\\laravel\\framework\\src\\Illuminate\\Pipeline\\Pipeline.php(219): Illuminate\\Foundation\\Http\\Middleware\\VerifyCsrfToken->handle()
#26 D:\\SEMESTER 3 TEKNIK INFORMATIKA\\PROYEK-3-PBO\\APK-MANAJEMEN-DOSEN\\devOps\\devOps\\vendor\\laravel\\framework\\src\\Illuminate\\Routing\\Middleware\\SubstituteBindings.php(50): Illuminate\\Pipeline\\Pipeline->{closure:{closure:Illuminate\\Pipeline\\Pipeline::carry():194}:195}()
#27 D:\\SEMESTER 3 TEKNIK INFORMATIKA\\PROYEK-3-PBO\\APK-MANAJEMEN-DOSEN\\devOps\\devOps\\vendor\\laravel\\framework\\src\\Illuminate\\Pipeline\\Pipeline.php(219): Illuminate\\Routing\\Middleware\\SubstituteBindings->handle()
#28 D:\\SEMESTER 3 TEKNIK INFORMATIKA\\PROYEK-3-PBO\\APK-MANAJEMEN-DOSEN\\devOps\\devOps\\vendor\\laravel\\framework\\src\\Illuminate\\Session\\Middleware\\AuthenticateSession.php(66): Illuminate\\Pipeline\\Pipeline->{closure:{closure:Illuminate\\Pipeline\\Pipeline::carry():194}:195}()
#29 D:\\SEMESTER 3 TEKNIK INFORMATIKA\\PROYEK-3-PBO\\APK-MANAJEMEN-DOSEN\\devOps\\devOps\\vendor\\laravel\\framework\\src\\Illuminate\\Pipeline\\Pipeline.php(219): Illuminate\\Session\\Middleware\\AuthenticateSession->handle()
#30 D:\\SEMESTER 3 TEKNIK INFORMATIKA\\PROYEK-3-PBO\\APK-MANAJEMEN-DOSEN\\devOps\\devOps\\vendor\\laravel\\framework\\src\\Illuminate\\Auth\\Middleware\\Authenticate.php(63): Illuminate\\Pipeline\\Pipeline->{closure:{closure:Illuminate\\Pipeline\\Pipeline::carry():194}:195}()
#31 D:\\SEMESTER 3 TEKNIK INFORMATIKA\\PROYEK-3-PBO\\APK-MANAJEMEN-DOSEN\\devOps\\devOps\\vendor\\laravel\\framework\\src\\Illuminate\\Pipeline\\Pipeline.php(219): Illuminate\\Auth\\Middleware\\Authenticate->handle()
#32 D:\\SEMESTER 3 TEKNIK INFORMATIKA\\PROYEK-3-PBO\\APK-MANAJEMEN-DOSEN\\devOps\\devOps\\vendor\\laravel\\framework\\src\\Illuminate\\Foundation\\Http\\Middleware\\VerifyCsrfToken.php(87): Illuminate\\Pipeline\\Pipeline->{closure:{closure:Illuminate\\Pipeline\\Pipeline::carry():194}:195}()
#33 D:\\SEMESTER 3 TEKNIK INFORMATIKA\\PROYEK-3-PBO\\APK-MANAJEMEN-DOSEN\\devOps\\devOps\\vendor\\laravel\\framework\\src\\Illuminate\\Pipeline\\Pipeline.php(219): Illuminate\\Foundation\\Http\\Middleware\\VerifyCsrfToken->handle()
#34 D:\\SEMESTER 3 TEKNIK INFORMATIKA\\PROYEK-3-PBO\\APK-MANAJEMEN-DOSEN\\devOps\\devOps\\vendor\\laravel\\framework\\src\\Illuminate\\View\\Middleware\\ShareErrorsFromSession.php(48): Illuminate\\Pipeline\\Pipeline->{closure:{closure:Illuminate\\Pipeline\\Pipeline::carry():194}:195}()
#35 D:\\SEMESTER 3 TEKNIK INFORMATIKA\\PROYEK-3-PBO\\APK-MANAJEMEN-DOSEN\\devOps\\devOps\\vendor\\laravel\\framework\\src\\Illuminate\\Pipeline\\Pipeline.php(219): Illuminate\\View\\Middleware\\ShareErrorsFromSession->handle()
#36 D:\\SEMESTER 3 TEKNIK INFORMATIKA\\PROYEK-3-PBO\\APK-MANAJEMEN-DOSEN\\devOps\\devOps\\vendor\\laravel\\framework\\src\\Illuminate\\Session\\Middleware\\StartSession.php(120): Illuminate\\Pipeline\\Pipeline->{closure:{closure:Illuminate\\Pipeline\\Pipeline::carry():194}:195}()
#37 D:\\SEMESTER 3 TEKNIK INFORMATIKA\\PROYEK-3-PBO\\APK-MANAJEMEN-DOSEN\\devOps\\devOps\\vendor\\laravel\\framework\\src\\Illuminate\\Session\\Middleware\\StartSession.php(63): Illuminate\\Session\\Middleware\\StartSession->handleStatefulRequest()
#38 D:\\SEMESTER 3 TEKNIK INFORMATIKA\\PROYEK-3-PBO\\APK-MANAJEMEN-DOSEN\\devOps\\devOps\\vendor\\laravel\\framework\\src\\Illuminate\\Pipeline\\Pipeline.php(219): Illuminate\\Session\\Middleware\\StartSession->handle()
#39 D:\\SEMESTER 3 TEKNIK INFORMATIKA\\PROYEK-3-PBO\\APK-MANAJEMEN-DOSEN\\devOps\\devOps\\vendor\\laravel\\framework\\src\\Illuminate\\Cookie\\Middleware\\AddQueuedCookiesToResponse.php(36): Illuminate\\Pipeline\\Pipeline->{closure:{closure:Illuminate\\Pipeline\\Pipeline::carry():194}:195}()
#40 D:\\SEMESTER 3 TEKNIK INFORMATIKA\\PROYEK-3-PBO\\APK-MANAJEMEN-DOSEN\\devOps\\devOps\\vendor\\laravel\\framework\\src\\Illuminate\\Pipeline\\Pipeline.php(219): Illuminate\\Cookie\\Middleware\\AddQueuedCookiesToResponse->handle()
#41 D:\\SEMESTER 3 TEKNIK INFORMATIKA\\PROYEK-3-PBO\\APK-MANAJEMEN-DOSEN\\devOps\\devOps\\vendor\\laravel\\framework\\src\\Illuminate\\Cookie\\Middleware\\EncryptCookies.php(74): Illuminate\\Pipeline\\Pipeline->{closure:{closure:Illuminate\\Pipeline\\Pipeline::carry():194}:195}()
#42 D:\\SEMESTER 3 TEKNIK INFORMATIKA\\PROYEK-3-PBO\\APK-MANAJEMEN-DOSEN\\devOps\\devOps\\vendor\\laravel\\framework\\src\\Illuminate\\Pipeline\\Pipeline.php(219): Illuminate\\Cookie\\Middleware\\EncryptCookies->handle()
#43 D:\\SEMESTER 3 TEKNIK INFORMATIKA\\PROYEK-3-PBO\\APK-MANAJEMEN-DOSEN\\devOps\\devOps\\vendor\\laravel\\framework\\src\\Illuminate\\Pipeline\\Pipeline.php(137): Illuminate\\Pipeline\\Pipeline->{closure:{closure:Illuminate\\Pipeline\\Pipeline::carry():194}:195}()
#44 D:\\SEMESTER 3 TEKNIK INFORMATIKA\\PROYEK-3-PBO\\APK-MANAJEMEN-DOSEN\\devOps\\devOps\\vendor\\laravel\\framework\\src\\Illuminate\\Routing\\Router.php(821): Illuminate\\Pipeline\\Pipeline->then()
#45 D:\\SEMESTER 3 TEKNIK INFORMATIKA\\PROYEK-3-PBO\\APK-MANAJEMEN-DOSEN\\devOps\\devOps\\vendor\\laravel\\framework\\src\\Illuminate\\Routing\\Router.php(800): Illuminate\\Routing\\Router->runRouteWithinStack()
#46 D:\\SEMESTER 3 TEKNIK INFORMATIKA\\PROYEK-3-PBO\\APK-MANAJEMEN-DOSEN\\devOps\\devOps\\vendor\\laravel\\framework\\src\\Illuminate\\Routing\\Router.php(764): Illuminate\\Routing\\Router->runRoute()
#47 D:\\SEMESTER 3 TEKNIK INFORMATIKA\\PROYEK-3-PBO\\APK-MANAJEMEN-DOSEN\\devOps\\devOps\\vendor\\laravel\\framework\\src\\Illuminate\\Routing\\Router.php(753): Illuminate\\Routing\\Router->dispatchToRoute()
#48 D:\\SEMESTER 3 TEKNIK INFORMATIKA\\PROYEK-3-PBO\\APK-MANAJEMEN-DOSEN\\devOps\\devOps\\vendor\\laravel\\framework\\src\\Illuminate\\Foundation\\Http\\Kernel.php(200): Illuminate\\Routing\\Router->dispatch()
#49 D:\\SEMESTER 3 TEKNIK INFORMATIKA\\PROYEK-3-PBO\\APK-MANAJEMEN-DOSEN\\devOps\\devOps\\vendor\\laravel\\framework\\src\\Illuminate\\Pipeline\\Pipeline.php(180): Illuminate\\Foundation\\Http\\Kernel->{closure:Illuminate\\Foundation\\Http\\Kernel::dispatchToRouter():197}()
#50 D:\\SEMESTER 3 TEKNIK INFORMATIKA\\PROYEK-3-PBO\\APK-MANAJEMEN-DOSEN\\devOps\\devOps\\vendor\\laravel\\framework\\src\\Illuminate\\Foundation\\Http\\Middleware\\TransformsRequest.php(21): Illuminate\\Pipeline\\Pipeline->{closure:Illuminate\\Pipeline\\Pipeline::prepareDestination():178}()
#51 D:\\SEMESTER 3 TEKNIK INFORMATIKA\\PROYEK-3-PBO\\APK-MANAJEMEN-DOSEN\\devOps\\devOps\\vendor\\laravel\\framework\\src\\Illuminate\\Foundation\\Http\\Middleware\\ConvertEmptyStringsToNull.php(31): Illuminate\\Foundation\\Http\\Middleware\\TransformsRequest->handle()
#52 D:\\SEMESTER 3 TEKNIK INFORMATIKA\\PROYEK-3-PBO\\APK-MANAJEMEN-DOSEN\\devOps\\devOps\\vendor\\laravel\\framework\\src\\Illuminate\\Pipeline\\Pipeline.php(219): Illuminate\\Foundation\\Http\\Middleware\\ConvertEmptyStringsToNull->handle()
#53 D:\\SEMESTER 3 TEKNIK INFORMATIKA\\PROYEK-3-PBO\\APK-MANAJEMEN-DOSEN\\devOps\\devOps\\vendor\\laravel\\framework\\src\\Illuminate\\Foundation\\Http\\Middleware\\TransformsRequest.php(21): Illuminate\\Pipeline\\Pipeline->{closure:{closure:Illuminate\\Pipeline\\Pipeline::carry():194}:195}()
#54 D:\\SEMESTER 3 TEKNIK INFORMATIKA\\PROYEK-3-PBO\\APK-MANAJEMEN-DOSEN\\devOps\\devOps\\vendor\\laravel\\framework\\src\\Illuminate\\Foundation\\Http\\Middleware\\TrimStrings.php(51): Illuminate\\Foundation\\Http\\Middleware\\TransformsRequest->handle()
#55 D:\\SEMESTER 3 TEKNIK INFORMATIKA\\PROYEK-3-PBO\\APK-MANAJEMEN-DOSEN\\devOps\\devOps\\vendor\\laravel\\framework\\src\\Illuminate\\Pipeline\\Pipeline.php(219): Illuminate\\Foundation\\Http\\Middleware\\TrimStrings->handle()
#56 D:\\SEMESTER 3 TEKNIK INFORMATIKA\\PROYEK-3-PBO\\APK-MANAJEMEN-DOSEN\\devOps\\devOps\\vendor\\laravel\\framework\\src\\Illuminate\\Http\\Middleware\\ValidatePostSize.php(27): Illuminate\\Pipeline\\Pipeline->{closure:{closure:Illuminate\\Pipeline\\Pipeline::carry():194}:195}()
#57 D:\\SEMESTER 3 TEKNIK INFORMATIKA\\PROYEK-3-PBO\\APK-MANAJEMEN-DOSEN\\devOps\\devOps\\vendor\\laravel\\framework\\src\\Illuminate\\Pipeline\\Pipeline.php(219): Illuminate\\Http\\Middleware\\ValidatePostSize->handle()
#58 D:\\SEMESTER 3 TEKNIK INFORMATIKA\\PROYEK-3-PBO\\APK-MANAJEMEN-DOSEN\\devOps\\devOps\\vendor\\laravel\\framework\\src\\Illuminate\\Foundation\\Http\\Middleware\\PreventRequestsDuringMaintenance.php(109): Illuminate\\Pipeline\\Pipeline->{closure:{closure:Illuminate\\Pipeline\\Pipeline::carry():194}:195}()
#59 D:\\SEMESTER 3 TEKNIK INFORMATIKA\\PROYEK-3-PBO\\APK-MANAJEMEN-DOSEN\\devOps\\devOps\\vendor\\laravel\\framework\\src\\Illuminate\\Pipeline\\Pipeline.php(219): Illuminate\\Foundation\\Http\\Middleware\\PreventRequestsDuringMaintenance->handle()
#60 D:\\SEMESTER 3 TEKNIK INFORMATIKA\\PROYEK-3-PBO\\APK-MANAJEMEN-DOSEN\\devOps\\devOps\\vendor\\laravel\\framework\\src\\Illuminate\\Http\\Middleware\\HandleCors.php(48): Illuminate\\Pipeline\\Pipeline->{closure:{closure:Illuminate\\Pipeline\\Pipeline::carry():194}:195}()
#61 D:\\SEMESTER 3 TEKNIK INFORMATIKA\\PROYEK-3-PBO\\APK-MANAJEMEN-DOSEN\\devOps\\devOps\\vendor\\laravel\\framework\\src\\Illuminate\\Pipeline\\Pipeline.php(219): Illuminate\\Http\\Middleware\\HandleCors->handle()
#62 D:\\SEMESTER 3 TEKNIK INFORMATIKA\\PROYEK-3-PBO\\APK-MANAJEMEN-DOSEN\\devOps\\devOps\\vendor\\laravel\\framework\\src\\Illuminate\\Http\\Middleware\\TrustProxies.php(58): Illuminate\\Pipeline\\Pipeline->{closure:{closure:Illuminate\\Pipeline\\Pipeline::carry():194}:195}()
#63 D:\\SEMESTER 3 TEKNIK INFORMATIKA\\PROYEK-3-PBO\\APK-MANAJEMEN-DOSEN\\devOps\\devOps\\vendor\\laravel\\framework\\src\\Illuminate\\Pipeline\\Pipeline.php(219): Illuminate\\Http\\Middleware\\TrustProxies->handle()
#64 D:\\SEMESTER 3 TEKNIK INFORMATIKA\\PROYEK-3-PBO\\APK-MANAJEMEN-DOSEN\\devOps\\devOps\\vendor\\laravel\\framework\\src\\Illuminate\\Foundation\\Http\\Middleware\\InvokeDeferredCallbacks.php(22): Illuminate\\Pipeline\\Pipeline->{closure:{closure:Illuminate\\Pipeline\\Pipeline::carry():194}:195}()
#65 D:\\SEMESTER 3 TEKNIK INFORMATIKA\\PROYEK-3-PBO\\APK-MANAJEMEN-DOSEN\\devOps\\devOps\\vendor\\laravel\\framework\\src\\Illuminate\\Pipeline\\Pipeline.php(219): Illuminate\\Foundation\\Http\\Middleware\\InvokeDeferredCallbacks->handle()
#66 D:\\SEMESTER 3 TEKNIK INFORMATIKA\\PROYEK-3-PBO\\APK-MANAJEMEN-DOSEN\\devOps\\devOps\\vendor\\laravel\\framework\\src\\Illuminate\\Http\\Middleware\\ValidatePathEncoding.php(26): Illuminate\\Pipeline\\Pipeline->{closure:{closure:Illuminate\\Pipeline\\Pipeline::carry():194}:195}()
#67 D:\\SEMESTER 3 TEKNIK INFORMATIKA\\PROYEK-3-PBO\\APK-MANAJEMEN-DOSEN\\devOps\\devOps\\vendor\\laravel\\framework\\src\\Illuminate\\Pipeline\\Pipeline.php(219): Illuminate\\Http\\Middleware\\ValidatePathEncoding->handle()
#68 D:\\SEMESTER 3 TEKNIK INFORMATIKA\\PROYEK-3-PBO\\APK-MANAJEMEN-DOSEN\\devOps\\devOps\\vendor\\laravel\\framework\\src\\Illuminate\\Pipeline\\Pipeline.php(137): Illuminate\\Pipeline\\Pipeline->{closure:{closure:Illuminate\\Pipeline\\Pipeline::carry():194}:195}()
#69 D:\\SEMESTER 3 TEKNIK INFORMATIKA\\PROYEK-3-PBO\\APK-MANAJEMEN-DOSEN\\devOps\\devOps\\vendor\\laravel\\framework\\src\\Illuminate\\Foundation\\Http\\Kernel.php(175): Illuminate\\Pipeline\\Pipeline->then()
#70 D:\\SEMESTER 3 TEKNIK INFORMATIKA\\PROYEK-3-PBO\\APK-MANAJEMEN-DOSEN\\devOps\\devOps\\vendor\\laravel\\framework\\src\\Illuminate\\Foundation\\Http\\Kernel.php(144): Illuminate\\Foundation\\Http\\Kernel->sendRequestThroughRouter()
#71 D:\\SEMESTER 3 TEKNIK INFORMATIKA\\PROYEK-3-PBO\\APK-MANAJEMEN-DOSEN\\devOps\\devOps\\vendor\\laravel\\framework\\src\\Illuminate\\Foundation\\Application.php(1220): Illuminate\\Foundation\\Http\\Kernel->handle()
#72 D:\\SEMESTER 3 TEKNIK INFORMATIKA\\PROYEK-3-PBO\\APK-MANAJEMEN-DOSEN\\devOps\\devOps\\public\\index.php(20): Illuminate\\Foundation\\Application->handleRequest()
#73 D:\\SEMESTER 3 TEKNIK INFORMATIKA\\PROYEK-3-PBO\\APK-MANAJEMEN-DOSEN\\devOps\\devOps\\vendor\\laravel\\framework\\src\\Illuminate\\Foundation\\resources\\server.php(23): require_once('...')
#74 {main}
"} 
[2025-11-25 14:50:33] local.ERROR: SQLSTATE[42P07]: Duplicate table: 7 ERROR:  relation "kategori" already exists (Connection: pgsql, SQL: create table "kategori" ("kategori_id" bigserial not null primary key, "nama_kategori" varchar(100) not null, "deskripsi" text null, "created_at" timestamp(0) without time zone null, "updated_at" timestamp(0) without time zone null)) {"exception":"[object] (Illuminate\\Database\\QueryException(code: 42P07): SQLSTATE[42P07]: Duplicate table: 7 ERROR:  relation \"kategori\" already exists (Connection: pgsql, SQL: create table \"kategori\" (\"kategori_id\" bigserial not null primary key, \"nama_kategori\" varchar(100) not null, \"deskripsi\" text null, \"created_at\" timestamp(0) without time zone null, \"updated_at\" timestamp(0) without time zone null)) at D:\\SEMESTER 3 TEKNIK INFORMATIKA\\PROYEK-3-PBO\\APK-MANAJEMEN-DOSEN\\devOps\\devOps\\vendor\\laravel\\framework\\src\\Illuminate\\Database\\Connection.php:824)
[stacktrace]
#0 D:\\SEMESTER 3 TEKNIK INFORMATIKA\\PROYEK-3-PBO\\APK-MANAJEMEN-DOSEN\\devOps\\devOps\\vendor\\laravel\\framework\\src\\Illuminate\\Database\\Connection.php(778): Illuminate\\Database\\Connection->runQueryCallback()
#1 D:\\SEMESTER 3 TEKNIK INFORMATIKA\\PROYEK-3-PBO\\APK-MANAJEMEN-DOSEN\\devOps\\devOps\\vendor\\laravel\\framework\\src\\Illuminate\\Database\\Connection.php(559): Illuminate\\Database\\Connection->run()
#2 D:\\SEMESTER 3 TEKNIK INFORMATIKA\\PROYEK-3-PBO\\APK-MANAJEMEN-DOSEN\\devOps\\devOps\\vendor\\laravel\\framework\\src\\Illuminate\\Database\\Schema\\Blueprint.php(121): Illuminate\\Database\\Connection->statement()
#3 D:\\SEMESTER 3 TEKNIK INFORMATIKA\\PROYEK-3-PBO\\APK-MANAJEMEN-DOSEN\\devOps\\devOps\\vendor\\laravel\\framework\\src\\Illuminate\\Database\\Schema\\Builder.php(618): Illuminate\\Database\\Schema\\Blueprint->build()
#4 D:\\SEMESTER 3 TEKNIK INFORMATIKA\\PROYEK-3-PBO\\APK-MANAJEMEN-DOSEN\\devOps\\devOps\\vendor\\laravel\\framework\\src\\Illuminate\\Database\\Schema\\Builder.php(472): Illuminate\\Database\\Schema\\Builder->build()
#5 D:\\SEMESTER 3 TEKNIK INFORMATIKA\\PROYEK-3-PBO\\APK-MANAJEMEN-DOSEN\\devOps\\devOps\\vendor\\laravel\\framework\\src\\Illuminate\\Support\\Facades\\Facade.php(363): Illuminate\\Database\\Schema\\Builder->create()
#6 D:\\SEMESTER 3 TEKNIK INFORMATIKA\\PROYEK-3-PBO\\APK-MANAJEMEN-DOSEN\\devOps\\devOps\\database\\migrations\\2025_11_01_085152_create_core_tables_and_extend_users.php(24): Illuminate\\Support\\Facades\\Facade::__callStatic()
#7 D:\\SEMESTER 3 TEKNIK INFORMATIKA\\PROYEK-3-PBO\\APK-MANAJEMEN-DOSEN\\devOps\\devOps\\vendor\\laravel\\framework\\src\\Illuminate\\Database\\Migrations\\Migrator.php(514): Illuminate\\Database\\Migrations\\Migration@anonymous->up()
#8 D:\\SEMESTER 3 TEKNIK INFORMATIKA\\PROYEK-3-PBO\\APK-MANAJEMEN-DOSEN\\devOps\\devOps\\vendor\\laravel\\framework\\src\\Illuminate\\Database\\Migrations\\Migrator.php(439): Illuminate\\Database\\Migrations\\Migrator->runMethod()
#9 D:\\SEMESTER 3 TEKNIK INFORMATIKA\\PROYEK-3-PBO\\APK-MANAJEMEN-DOSEN\\devOps\\devOps\\vendor\\laravel\\framework\\src\\Illuminate\\Database\\Concerns\\ManagesTransactions.php(35): Illuminate\\Database\\Migrations\\Migrator->{closure:Illuminate\\Database\\Migrations\\Migrator::runMigration():435}()
#10 D:\\SEMESTER 3 TEKNIK INFORMATIKA\\PROYEK-3-PBO\\APK-MANAJEMEN-DOSEN\\devOps\\devOps\\vendor\\laravel\\framework\\src\\Illuminate\\Database\\Migrations\\Migrator.php(447): Illuminate\\Database\\Connection->transaction()
#11 D:\\SEMESTER 3 TEKNIK INFORMATIKA\\PROYEK-3-PBO\\APK-MANAJEMEN-DOSEN\\devOps\\devOps\\vendor\\laravel\\framework\\src\\Illuminate\\Database\\Migrations\\Migrator.php(250): Illuminate\\Database\\Migrations\\Migrator->runMigration()
#12 D:\\SEMESTER 3 TEKNIK INFORMATIKA\\PROYEK-3-PBO\\APK-MANAJEMEN-DOSEN\\devOps\\devOps\\vendor\\laravel\\framework\\src\\Illuminate\\Console\\View\\Components\\Task.php(41): Illuminate\\Database\\Migrations\\Migrator->{closure:Illuminate\\Database\\Migrations\\Migrator::runUp():250}()
#13 D:\\SEMESTER 3 TEKNIK INFORMATIKA\\PROYEK-3-PBO\\APK-MANAJEMEN-DOSEN\\devOps\\devOps\\vendor\\laravel\\framework\\src\\Illuminate\\Database\\Migrations\\Migrator.php(809): Illuminate\\Console\\View\\Components\\Task->render()
#14 D:\\SEMESTER 3 TEKNIK INFORMATIKA\\PROYEK-3-PBO\\APK-MANAJEMEN-DOSEN\\devOps\\devOps\\vendor\\laravel\\framework\\src\\Illuminate\\Database\\Migrations\\Migrator.php(250): Illuminate\\Database\\Migrations\\Migrator->write()
#15 D:\\SEMESTER 3 TEKNIK INFORMATIKA\\PROYEK-3-PBO\\APK-MANAJEMEN-DOSEN\\devOps\\devOps\\vendor\\laravel\\framework\\src\\Illuminate\\Database\\Migrations\\Migrator.php(210): Illuminate\\Database\\Migrations\\Migrator->runUp()
#16 D:\\SEMESTER 3 TEKNIK INFORMATIKA\\PROYEK-3-PBO\\APK-MANAJEMEN-DOSEN\\devOps\\devOps\\vendor\\laravel\\framework\\src\\Illuminate\\Database\\Migrations\\Migrator.php(137): Illuminate\\Database\\Migrations\\Migrator->runPending()
#17 D:\\SEMESTER 3 TEKNIK INFORMATIKA\\PROYEK-3-PBO\\APK-MANAJEMEN-DOSEN\\devOps\\devOps\\vendor\\laravel\\framework\\src\\Illuminate\\Database\\Console\\Migrations\\MigrateCommand.php(116): Illuminate\\Database\\Migrations\\Migrator->run()
#18 D:\\SEMESTER 3 TEKNIK INFORMATIKA\\PROYEK-3-PBO\\APK-MANAJEMEN-DOSEN\\devOps\\devOps\\vendor\\laravel\\framework\\src\\Illuminate\\Database\\Migrations\\Migrator.php(666): Illuminate\\Database\\Console\\Migrations\\MigrateCommand->{closure:Illuminate\\Database\\Console\\Migrations\\MigrateCommand::runMigrations():109}()
#19 D:\\SEMESTER 3 TEKNIK INFORMATIKA\\PROYEK-3-PBO\\APK-MANAJEMEN-DOSEN\\devOps\\devOps\\vendor\\laravel\\framework\\src\\Illuminate\\Database\\Console\\Migrations\\MigrateCommand.php(109): Illuminate\\Database\\Migrations\\Migrator->usingConnection()
#20 D:\\SEMESTER 3 TEKNIK INFORMATIKA\\PROYEK-3-PBO\\APK-MANAJEMEN-DOSEN\\devOps\\devOps\\vendor\\laravel\\framework\\src\\Illuminate\\Database\\Console\\Migrations\\MigrateCommand.php(88): Illuminate\\Database\\Console\\Migrations\\MigrateCommand->runMigrations()
#21 D:\\SEMESTER 3 TEKNIK INFORMATIKA\\PROYEK-3-PBO\\APK-MANAJEMEN-DOSEN\\devOps\\devOps\\vendor\\laravel\\framework\\src\\Illuminate\\Container\\BoundMethod.php(36): Illuminate\\Database\\Console\\Migrations\\MigrateCommand->handle()
#22 D:\\SEMESTER 3 TEKNIK INFORMATIKA\\PROYEK-3-PBO\\APK-MANAJEMEN-DOSEN\\devOps\\devOps\\vendor\\laravel\\framework\\src\\Illuminate\\Container\\Util.php(43): Illuminate\\Container\\BoundMethod::{closure:Illuminate\\Container\\BoundMethod::call():35}()
#23 D:\\SEMESTER 3 TEKNIK INFORMATIKA\\PROYEK-3-PBO\\APK-MANAJEMEN-DOSEN\\devOps\\devOps\\vendor\\laravel\\framework\\src\\Illuminate\\Container\\BoundMethod.php(96): Illuminate\\Container\\Util::unwrapIfClosure()
#24 D:\\SEMESTER 3 TEKNIK INFORMATIKA\\PROYEK-3-PBO\\APK-MANAJEMEN-DOSEN\\devOps\\devOps\\vendor\\laravel\\framework\\src\\Illuminate\\Container\\BoundMethod.php(35): Illuminate\\Container\\BoundMethod::callBoundMethod()
#25 D:\\SEMESTER 3 TEKNIK INFORMATIKA\\PROYEK-3-PBO\\APK-MANAJEMEN-DOSEN\\devOps\\devOps\\vendor\\laravel\\framework\\src\\Illuminate\\Container\\Container.php(836): Illuminate\\Container\\BoundMethod::call()
#26 D:\\SEMESTER 3 TEKNIK INFORMATIKA\\PROYEK-3-PBO\\APK-MANAJEMEN-DOSEN\\devOps\\devOps\\vendor\\laravel\\framework\\src\\Illuminate\\Console\\Command.php(211): Illuminate\\Container\\Container->call()
#27 D:\\SEMESTER 3 TEKNIK INFORMATIKA\\PROYEK-3-PBO\\APK-MANAJEMEN-DOSEN\\devOps\\devOps\\vendor\\symfony\\console\\Command\\Command.php(318): Illuminate\\Console\\Command->execute()
#28 D:\\SEMESTER 3 TEKNIK INFORMATIKA\\PROYEK-3-PBO\\APK-MANAJEMEN-DOSEN\\devOps\\devOps\\vendor\\laravel\\framework\\src\\Illuminate\\Console\\Command.php(180): Symfony\\Component\\Console\\Command\\Command->run()
#29 D:\\SEMESTER 3 TEKNIK INFORMATIKA\\PROYEK-3-PBO\\APK-MANAJEMEN-DOSEN\\devOps\\devOps\\vendor\\symfony\\console\\Application.php(1073): Illuminate\\Console\\Command->run()
#30 D:\\SEMESTER 3 TEKNIK INFORMATIKA\\PROYEK-3-PBO\\APK-MANAJEMEN-DOSEN\\devOps\\devOps\\vendor\\symfony\\console\\Application.php(356): Symfony\\Component\\Console\\Application->doRunCommand()
#31 D:\\SEMESTER 3 TEKNIK INFORMATIKA\\PROYEK-3-PBO\\APK-MANAJEMEN-DOSEN\\devOps\\devOps\\vendor\\symfony\\console\\Application.php(195): Symfony\\Component\\Console\\Application->doRun()
#32 D:\\SEMESTER 3 TEKNIK INFORMATIKA\\PROYEK-3-PBO\\APK-MANAJEMEN-DOSEN\\devOps\\devOps\\vendor\\laravel\\framework\\src\\Illuminate\\Foundation\\Console\\Kernel.php(197): Symfony\\Component\\Console\\Application->run()
#33 D:\\SEMESTER 3 TEKNIK INFORMATIKA\\PROYEK-3-PBO\\APK-MANAJEMEN-DOSEN\\devOps\\devOps\\vendor\\laravel\\framework\\src\\Illuminate\\Foundation\\Application.php(1235): Illuminate\\Foundation\\Console\\Kernel->handle()
#34 D:\\SEMESTER 3 TEKNIK INFORMATIKA\\PROYEK-3-PBO\\APK-MANAJEMEN-DOSEN\\devOps\\devOps\\artisan(16): Illuminate\\Foundation\\Application->handleCommand()
#35 {main}

[previous exception] [object] (PDOException(code: 42P07): SQLSTATE[42P07]: Duplicate table: 7 ERROR:  relation \"kategori\" already exists at D:\\SEMESTER 3 TEKNIK INFORMATIKA\\PROYEK-3-PBO\\APK-MANAJEMEN-DOSEN\\devOps\\devOps\\vendor\\laravel\\framework\\src\\Illuminate\\Database\\Connection.php:570)
[stacktrace]
#0 D:\\SEMESTER 3 TEKNIK INFORMATIKA\\PROYEK-3-PBO\\APK-MANAJEMEN-DOSEN\\devOps\\devOps\\vendor\\laravel\\framework\\src\\Illuminate\\Database\\Connection.php(570): PDOStatement->execute()
#1 D:\\SEMESTER 3 TEKNIK INFORMATIKA\\PROYEK-3-PBO\\APK-MANAJEMEN-DOSEN\\devOps\\devOps\\vendor\\laravel\\framework\\src\\Illuminate\\Database\\Connection.php(811): Illuminate\\Database\\Connection->{closure:Illuminate\\Database\\Connection::statement():559}()
#2 D:\\SEMESTER 3 TEKNIK INFORMATIKA\\PROYEK-3-PBO\\APK-MANAJEMEN-DOSEN\\devOps\\devOps\\vendor\\laravel\\framework\\src\\Illuminate\\Database\\Connection.php(778): Illuminate\\Database\\Connection->runQueryCallback()
#3 D:\\SEMESTER 3 TEKNIK INFORMATIKA\\PROYEK-3-PBO\\APK-MANAJEMEN-DOSEN\\devOps\\devOps\\vendor\\laravel\\framework\\src\\Illuminate\\Database\\Connection.php(559): Illuminate\\Database\\Connection->run()
#4 D:\\SEMESTER 3 TEKNIK INFORMATIKA\\PROYEK-3-PBO\\APK-MANAJEMEN-DOSEN\\devOps\\devOps\\vendor\\laravel\\framework\\src\\Illuminate\\Database\\Schema\\Blueprint.php(121): Illuminate\\Database\\Connection->statement()
#5 D:\\SEMESTER 3 TEKNIK INFORMATIKA\\PROYEK-3-PBO\\APK-MANAJEMEN-DOSEN\\devOps\\devOps\\vendor\\laravel\\framework\\src\\Illuminate\\Database\\Schema\\Builder.php(618): Illuminate\\Database\\Schema\\Blueprint->build()
#6 D:\\SEMESTER 3 TEKNIK INFORMATIKA\\PROYEK-3-PBO\\APK-MANAJEMEN-DOSEN\\devOps\\devOps\\vendor\\laravel\\framework\\src\\Illuminate\\Database\\Schema\\Builder.php(472): Illuminate\\Database\\Schema\\Builder->build()
#7 D:\\SEMESTER 3 TEKNIK INFORMATIKA\\PROYEK-3-PBO\\APK-MANAJEMEN-DOSEN\\devOps\\devOps\\vendor\\laravel\\framework\\src\\Illuminate\\Support\\Facades\\Facade.php(363): Illuminate\\Database\\Schema\\Builder->create()
#8 D:\\SEMESTER 3 TEKNIK INFORMATIKA\\PROYEK-3-PBO\\APK-MANAJEMEN-DOSEN\\devOps\\devOps\\database\\migrations\\2025_11_01_085152_create_core_tables_and_extend_users.php(24): Illuminate\\Support\\Facades\\Facade::__callStatic()
#9 D:\\SEMESTER 3 TEKNIK INFORMATIKA\\PROYEK-3-PBO\\APK-MANAJEMEN-DOSEN\\devOps\\devOps\\vendor\\laravel\\framework\\src\\Illuminate\\Database\\Migrations\\Migrator.php(514): Illuminate\\Database\\Migrations\\Migration@anonymous->up()
#10 D:\\SEMESTER 3 TEKNIK INFORMATIKA\\PROYEK-3-PBO\\APK-MANAJEMEN-DOSEN\\devOps\\devOps\\vendor\\laravel\\framework\\src\\Illuminate\\Database\\Migrations\\Migrator.php(439): Illuminate\\Database\\Migrations\\Migrator->runMethod()
#11 D:\\SEMESTER 3 TEKNIK INFORMATIKA\\PROYEK-3-PBO\\APK-MANAJEMEN-DOSEN\\devOps\\devOps\\vendor\\laravel\\framework\\src\\Illuminate\\Database\\Concerns\\ManagesTransactions.php(35): Illuminate\\Database\\Migrations\\Migrator->{closure:Illuminate\\Database\\Migrations\\Migrator::runMigration():435}()
#12 D:\\SEMESTER 3 TEKNIK INFORMATIKA\\PROYEK-3-PBO\\APK-MANAJEMEN-DOSEN\\devOps\\devOps\\vendor\\laravel\\framework\\src\\Illuminate\\Database\\Migrations\\Migrator.php(447): Illuminate\\Database\\Connection->transaction()
#13 D:\\SEMESTER 3 TEKNIK INFORMATIKA\\PROYEK-3-PBO\\APK-MANAJEMEN-DOSEN\\devOps\\devOps\\vendor\\laravel\\framework\\src\\Illuminate\\Database\\Migrations\\Migrator.php(250): Illuminate\\Database\\Migrations\\Migrator->runMigration()
#14 D:\\SEMESTER 3 TEKNIK INFORMATIKA\\PROYEK-3-PBO\\APK-MANAJEMEN-DOSEN\\devOps\\devOps\\vendor\\laravel\\framework\\src\\Illuminate\\Console\\View\\Components\\Task.php(41): Illuminate\\Database\\Migrations\\Migrator->{closure:Illuminate\\Database\\Migrations\\Migrator::runUp():250}()
#15 D:\\SEMESTER 3 TEKNIK INFORMATIKA\\PROYEK-3-PBO\\APK-MANAJEMEN-DOSEN\\devOps\\devOps\\vendor\\laravel\\framework\\src\\Illuminate\\Database\\Migrations\\Migrator.php(809): Illuminate\\Console\\View\\Components\\Task->render()
#16 D:\\SEMESTER 3 TEKNIK INFORMATIKA\\PROYEK-3-PBO\\APK-MANAJEMEN-DOSEN\\devOps\\devOps\\vendor\\laravel\\framework\\src\\Illuminate\\Database\\Migrations\\Migrator.php(250): Illuminate\\Database\\Migrations\\Migrator->write()
#17 D:\\SEMESTER 3 TEKNIK INFORMATIKA\\PROYEK-3-PBO\\APK-MANAJEMEN-DOSEN\\devOps\\devOps\\vendor\\laravel\\framework\\src\\Illuminate\\Database\\Migrations\\Migrator.php(210): Illuminate\\Database\\Migrations\\Migrator->runUp()
#18 D:\\SEMESTER 3 TEKNIK INFORMATIKA\\PROYEK-3-PBO\\APK-MANAJEMEN-DOSEN\\devOps\\devOps\\vendor\\laravel\\framework\\src\\Illuminate\\Database\\Migrations\\Migrator.php(137): Illuminate\\Database\\Migrations\\Migrator->runPending()
#19 D:\\SEMESTER 3 TEKNIK INFORMATIKA\\PROYEK-3-PBO\\APK-MANAJEMEN-DOSEN\\devOps\\devOps\\vendor\\laravel\\framework\\src\\Illuminate\\Database\\Console\\Migrations\\MigrateCommand.php(116): Illuminate\\Database\\Migrations\\Migrator->run()
#20 D:\\SEMESTER 3 TEKNIK INFORMATIKA\\PROYEK-3-PBO\\APK-MANAJEMEN-DOSEN\\devOps\\devOps\\vendor\\laravel\\framework\\src\\Illuminate\\Database\\Migrations\\Migrator.php(666): Illuminate\\Database\\Console\\Migrations\\MigrateCommand->{closure:Illuminate\\Database\\Console\\Migrations\\MigrateCommand::runMigrations():109}()
#21 D:\\SEMESTER 3 TEKNIK INFORMATIKA\\PROYEK-3-PBO\\APK-MANAJEMEN-DOSEN\\devOps\\devOps\\vendor\\laravel\\framework\\src\\Illuminate\\Database\\Console\\Migrations\\MigrateCommand.php(109): Illuminate\\Database\\Migrations\\Migrator->usingConnection()
#22 D:\\SEMESTER 3 TEKNIK INFORMATIKA\\PROYEK-3-PBO\\APK-MANAJEMEN-DOSEN\\devOps\\devOps\\vendor\\laravel\\framework\\src\\Illuminate\\Database\\Console\\Migrations\\MigrateCommand.php(88): Illuminate\\Database\\Console\\Migrations\\MigrateCommand->runMigrations()
#23 D:\\SEMESTER 3 TEKNIK INFORMATIKA\\PROYEK-3-PBO\\APK-MANAJEMEN-DOSEN\\devOps\\devOps\\vendor\\laravel\\framework\\src\\Illuminate\\Container\\BoundMethod.php(36): Illuminate\\Database\\Console\\Migrations\\MigrateCommand->handle()
#24 D:\\SEMESTER 3 TEKNIK INFORMATIKA\\PROYEK-3-PBO\\APK-MANAJEMEN-DOSEN\\devOps\\devOps\\vendor\\laravel\\framework\\src\\Illuminate\\Container\\Util.php(43): Illuminate\\Container\\BoundMethod::{closure:Illuminate\\Container\\BoundMethod::call():35}()
#25 D:\\SEMESTER 3 TEKNIK INFORMATIKA\\PROYEK-3-PBO\\APK-MANAJEMEN-DOSEN\\devOps\\devOps\\vendor\\laravel\\framework\\src\\Illuminate\\Container\\BoundMethod.php(96): Illuminate\\Container\\Util::unwrapIfClosure()
#26 D:\\SEMESTER 3 TEKNIK INFORMATIKA\\PROYEK-3-PBO\\APK-MANAJEMEN-DOSEN\\devOps\\devOps\\vendor\\laravel\\framework\\src\\Illuminate\\Container\\BoundMethod.php(35): Illuminate\\Container\\BoundMethod::callBoundMethod()
#27 D:\\SEMESTER 3 TEKNIK INFORMATIKA\\PROYEK-3-PBO\\APK-MANAJEMEN-DOSEN\\devOps\\devOps\\vendor\\laravel\\framework\\src\\Illuminate\\Container\\Container.php(836): Illuminate\\Container\\BoundMethod::call()
#28 D:\\SEMESTER 3 TEKNIK INFORMATIKA\\PROYEK-3-PBO\\APK-MANAJEMEN-DOSEN\\devOps\\devOps\\vendor\\laravel\\framework\\src\\Illuminate\\Console\\Command.php(211): Illuminate\\Container\\Container->call()
#29 D:\\SEMESTER 3 TEKNIK INFORMATIKA\\PROYEK-3-PBO\\APK-MANAJEMEN-DOSEN\\devOps\\devOps\\vendor\\symfony\\console\\Command\\Command.php(318): Illuminate\\Console\\Command->execute()
#30 D:\\SEMESTER 3 TEKNIK INFORMATIKA\\PROYEK-3-PBO\\APK-MANAJEMEN-DOSEN\\devOps\\devOps\\vendor\\laravel\\framework\\src\\Illuminate\\Console\\Command.php(180): Symfony\\Component\\Console\\Command\\Command->run()
#31 D:\\SEMESTER 3 TEKNIK INFORMATIKA\\PROYEK-3-PBO\\APK-MANAJEMEN-DOSEN\\devOps\\devOps\\vendor\\symfony\\console\\Application.php(1073): Illuminate\\Console\\Command->run()
#32 D:\\SEMESTER 3 TEKNIK INFORMATIKA\\PROYEK-3-PBO\\APK-MANAJEMEN-DOSEN\\devOps\\devOps\\vendor\\symfony\\console\\Application.php(356): Symfony\\Component\\Console\\Application->doRunCommand()
#33 D:\\SEMESTER 3 TEKNIK INFORMATIKA\\PROYEK-3-PBO\\APK-MANAJEMEN-DOSEN\\devOps\\devOps\\vendor\\symfony\\console\\Application.php(195): Symfony\\Component\\Console\\Application->doRun()
#34 D:\\SEMESTER 3 TEKNIK INFORMATIKA\\PROYEK-3-PBO\\APK-MANAJEMEN-DOSEN\\devOps\\devOps\\vendor\\laravel\\framework\\src\\Illuminate\\Foundation\\Console\\Kernel.php(197): Symfony\\Component\\Console\\Application->run()
#35 D:\\SEMESTER 3 TEKNIK INFORMATIKA\\PROYEK-3-PBO\\APK-MANAJEMEN-DOSEN\\devOps\\devOps\\vendor\\laravel\\framework\\src\\Illuminate\\Foundation\\Application.php(1235): Illuminate\\Foundation\\Console\\Kernel->handle()
#36 D:\\SEMESTER 3 TEKNIK INFORMATIKA\\PROYEK-3-PBO\\APK-MANAJEMEN-DOSEN\\devOps\\devOps\\artisan(16): Illuminate\\Foundation\\Application->handleCommand()
#37 {main}
"} 
[2025-11-25 14:51:02] local.ERROR: SQLSTATE[42P01]: Undefined table: 7 ERROR:  relation "profil_dosen" does not exist
LINE 1: select * from "profil_dosen" where "profil_dosen"."id_user" ...
                      ^ (Connection: pgsql, SQL: select * from "profil_dosen" where "profil_dosen"."id_user" = 9 and "profil_dosen"."id_user" is not null limit 1) {"userId":9,"exception":"[object] (Illuminate\\Database\\QueryException(code: 42P01): SQLSTATE[42P01]: Undefined table: 7 ERROR:  relation \"profil_dosen\" does not exist
LINE 1: select * from \"profil_dosen\" where \"profil_dosen\".\"id_user\" ...
                      ^ (Connection: pgsql, SQL: select * from \"profil_dosen\" where \"profil_dosen\".\"id_user\" = 9 and \"profil_dosen\".\"id_user\" is not null limit 1) at D:\\SEMESTER 3 TEKNIK INFORMATIKA\\PROYEK-3-PBO\\APK-MANAJEMEN-DOSEN\\devOps\\devOps\\vendor\\laravel\\framework\\src\\Illuminate\\Database\\Connection.php:824)
[stacktrace]
#0 D:\\SEMESTER 3 TEKNIK INFORMATIKA\\PROYEK-3-PBO\\APK-MANAJEMEN-DOSEN\\devOps\\devOps\\vendor\\laravel\\framework\\src\\Illuminate\\Database\\Connection.php(778): Illuminate\\Database\\Connection->runQueryCallback()
#1 D:\\SEMESTER 3 TEKNIK INFORMATIKA\\PROYEK-3-PBO\\APK-MANAJEMEN-DOSEN\\devOps\\devOps\\vendor\\laravel\\framework\\src\\Illuminate\\Database\\Connection.php(397): Illuminate\\Database\\Connection->run()
#2 D:\\SEMESTER 3 TEKNIK INFORMATIKA\\PROYEK-3-PBO\\APK-MANAJEMEN-DOSEN\\devOps\\devOps\\vendor\\laravel\\framework\\src\\Illuminate\\Database\\Query\\Builder.php(3188): Illuminate\\Database\\Connection->select()
#3 D:\\SEMESTER 3 TEKNIK INFORMATIKA\\PROYEK-3-PBO\\APK-MANAJEMEN-DOSEN\\devOps\\devOps\\vendor\\laravel\\framework\\src\\Illuminate\\Database\\Query\\Builder.php(3173): Illuminate\\Database\\Query\\Builder->runSelect()
#4 D:\\SEMESTER 3 TEKNIK INFORMATIKA\\PROYEK-3-PBO\\APK-MANAJEMEN-DOSEN\\devOps\\devOps\\vendor\\laravel\\framework\\src\\Illuminate\\Database\\Query\\Builder.php(3763): Illuminate\\Database\\Query\\Builder->{closure:Illuminate\\Database\\Query\\Builder::get():3172}()
#5 D:\\SEMESTER 3 TEKNIK INFORMATIKA\\PROYEK-3-PBO\\APK-MANAJEMEN-DOSEN\\devOps\\devOps\\vendor\\laravel\\framework\\src\\Illuminate\\Database\\Query\\Builder.php(3172): Illuminate\\Database\\Query\\Builder->onceWithColumns()
#6 D:\\SEMESTER 3 TEKNIK INFORMATIKA\\PROYEK-3-PBO\\APK-MANAJEMEN-DOSEN\\devOps\\devOps\\vendor\\laravel\\framework\\src\\Illuminate\\Database\\Eloquent\\Builder.php(902): Illuminate\\Database\\Query\\Builder->get()
#7 D:\\SEMESTER 3 TEKNIK INFORMATIKA\\PROYEK-3-PBO\\APK-MANAJEMEN-DOSEN\\devOps\\devOps\\vendor\\laravel\\framework\\src\\Illuminate\\Database\\Eloquent\\Builder.php(884): Illuminate\\Database\\Eloquent\\Builder->getModels()
#8 D:\\SEMESTER 3 TEKNIK INFORMATIKA\\PROYEK-3-PBO\\APK-MANAJEMEN-DOSEN\\devOps\\devOps\\vendor\\laravel\\framework\\src\\Illuminate\\Database\\Concerns\\BuildsQueries.php(366): Illuminate\\Database\\Eloquent\\Builder->get()
#9 D:\\SEMESTER 3 TEKNIK INFORMATIKA\\PROYEK-3-PBO\\APK-MANAJEMEN-DOSEN\\devOps\\devOps\\vendor\\laravel\\framework\\src\\Illuminate\\Database\\Eloquent\\Relations\\HasOne.php(31): Illuminate\\Database\\Eloquent\\Builder->first()
#10 D:\\SEMESTER 3 TEKNIK INFORMATIKA\\PROYEK-3-PBO\\APK-MANAJEMEN-DOSEN\\devOps\\devOps\\vendor\\laravel\\framework\\src\\Illuminate\\Database\\Eloquent\\Concerns\\HasAttributes.php(635): Illuminate\\Database\\Eloquent\\Relations\\HasOne->getResults()
#11 D:\\SEMESTER 3 TEKNIK INFORMATIKA\\PROYEK-3-PBO\\APK-MANAJEMEN-DOSEN\\devOps\\devOps\\vendor\\laravel\\framework\\src\\Illuminate\\Database\\Eloquent\\Concerns\\HasAttributes.php(573): Illuminate\\Database\\Eloquent\\Model->getRelationshipFromMethod()
#12 D:\\SEMESTER 3 TEKNIK INFORMATIKA\\PROYEK-3-PBO\\APK-MANAJEMEN-DOSEN\\devOps\\devOps\\vendor\\laravel\\framework\\src\\Illuminate\\Database\\Eloquent\\Concerns\\HasAttributes.php(494): Illuminate\\Database\\Eloquent\\Model->getRelationValue()
#13 D:\\SEMESTER 3 TEKNIK INFORMATIKA\\PROYEK-3-PBO\\APK-MANAJEMEN-DOSEN\\devOps\\devOps\\vendor\\laravel\\framework\\src\\Illuminate\\Database\\Eloquent\\Model.php(2423): Illuminate\\Database\\Eloquent\\Model->getAttribute()
#14 D:\\SEMESTER 3 TEKNIK INFORMATIKA\\PROYEK-3-PBO\\APK-MANAJEMEN-DOSEN\\devOps\\devOps\\app\\Http\\Controllers\\Dosen\\PortofolioController.php(28): Illuminate\\Database\\Eloquent\\Model->__get()
#15 D:\\SEMESTER 3 TEKNIK INFORMATIKA\\PROYEK-3-PBO\\APK-MANAJEMEN-DOSEN\\devOps\\devOps\\vendor\\laravel\\framework\\src\\Illuminate\\Routing\\ControllerDispatcher.php(46): App\\Http\\Controllers\\Dosen\\PortofolioController->index()
#16 D:\\SEMESTER 3 TEKNIK INFORMATIKA\\PROYEK-3-PBO\\APK-MANAJEMEN-DOSEN\\devOps\\devOps\\vendor\\laravel\\framework\\src\\Illuminate\\Routing\\Route.php(265): Illuminate\\Routing\\ControllerDispatcher->dispatch()
#17 D:\\SEMESTER 3 TEKNIK INFORMATIKA\\PROYEK-3-PBO\\APK-MANAJEMEN-DOSEN\\devOps\\devOps\\vendor\\laravel\\framework\\src\\Illuminate\\Routing\\Route.php(211): Illuminate\\Routing\\Route->runController()
#18 D:\\SEMESTER 3 TEKNIK INFORMATIKA\\PROYEK-3-PBO\\APK-MANAJEMEN-DOSEN\\devOps\\devOps\\vendor\\laravel\\framework\\src\\Illuminate\\Routing\\Router.php(822): Illuminate\\Routing\\Route->run()
#19 D:\\SEMESTER 3 TEKNIK INFORMATIKA\\PROYEK-3-PBO\\APK-MANAJEMEN-DOSEN\\devOps\\devOps\\vendor\\laravel\\framework\\src\\Illuminate\\Pipeline\\Pipeline.php(180): Illuminate\\Routing\\Router->{closure:Illuminate\\Routing\\Router::runRouteWithinStack():821}()
#20 D:\\SEMESTER 3 TEKNIK INFORMATIKA\\PROYEK-3-PBO\\APK-MANAJEMEN-DOSEN\\devOps\\devOps\\app\\Http\\Middleware\\CheckRole.php(34): Illuminate\\Pipeline\\Pipeline->{closure:Illuminate\\Pipeline\\Pipeline::prepareDestination():178}()
#21 D:\\SEMESTER 3 TEKNIK INFORMATIKA\\PROYEK-3-PBO\\APK-MANAJEMEN-DOSEN\\devOps\\devOps\\vendor\\laravel\\framework\\src\\Illuminate\\Pipeline\\Pipeline.php(219): App\\Http\\Middleware\\CheckRole->handle()
#22 D:\\SEMESTER 3 TEKNIK INFORMATIKA\\PROYEK-3-PBO\\APK-MANAJEMEN-DOSEN\\devOps\\devOps\\vendor\\laravel\\framework\\src\\Illuminate\\Foundation\\Http\\Middleware\\VerifyCsrfToken.php(87): Illuminate\\Pipeline\\Pipeline->{closure:{closure:Illuminate\\Pipeline\\Pipeline::carry():194}:195}()
#23 D:\\SEMESTER 3 TEKNIK INFORMATIKA\\PROYEK-3-PBO\\APK-MANAJEMEN-DOSEN\\devOps\\devOps\\vendor\\laravel\\framework\\src\\Illuminate\\Pipeline\\Pipeline.php(219): Illuminate\\Foundation\\Http\\Middleware\\VerifyCsrfToken->handle()
#24 D:\\SEMESTER 3 TEKNIK INFORMATIKA\\PROYEK-3-PBO\\APK-MANAJEMEN-DOSEN\\devOps\\devOps\\vendor\\laravel\\framework\\src\\Illuminate\\Routing\\Middleware\\SubstituteBindings.php(50): Illuminate\\Pipeline\\Pipeline->{closure:{closure:Illuminate\\Pipeline\\Pipeline::carry():194}:195}()
#25 D:\\SEMESTER 3 TEKNIK INFORMATIKA\\PROYEK-3-PBO\\APK-MANAJEMEN-DOSEN\\devOps\\devOps\\vendor\\laravel\\framework\\src\\Illuminate\\Pipeline\\Pipeline.php(219): Illuminate\\Routing\\Middleware\\SubstituteBindings->handle()
#26 D:\\SEMESTER 3 TEKNIK INFORMATIKA\\PROYEK-3-PBO\\APK-MANAJEMEN-DOSEN\\devOps\\devOps\\vendor\\laravel\\framework\\src\\Illuminate\\Session\\Middleware\\AuthenticateSession.php(66): Illuminate\\Pipeline\\Pipeline->{closure:{closure:Illuminate\\Pipeline\\Pipeline::carry():194}:195}()
#27 D:\\SEMESTER 3 TEKNIK INFORMATIKA\\PROYEK-3-PBO\\APK-MANAJEMEN-DOSEN\\devOps\\devOps\\vendor\\laravel\\framework\\src\\Illuminate\\Pipeline\\Pipeline.php(219): Illuminate\\Session\\Middleware\\AuthenticateSession->handle()
#28 D:\\SEMESTER 3 TEKNIK INFORMATIKA\\PROYEK-3-PBO\\APK-MANAJEMEN-DOSEN\\devOps\\devOps\\vendor\\laravel\\framework\\src\\Illuminate\\Auth\\Middleware\\Authenticate.php(63): Illuminate\\Pipeline\\Pipeline->{closure:{closure:Illuminate\\Pipeline\\Pipeline::carry():194}:195}()
#29 D:\\SEMESTER 3 TEKNIK INFORMATIKA\\PROYEK-3-PBO\\APK-MANAJEMEN-DOSEN\\devOps\\devOps\\vendor\\laravel\\framework\\src\\Illuminate\\Pipeline\\Pipeline.php(219): Illuminate\\Auth\\Middleware\\Authenticate->handle()
#30 D:\\SEMESTER 3 TEKNIK INFORMATIKA\\PROYEK-3-PBO\\APK-MANAJEMEN-DOSEN\\devOps\\devOps\\vendor\\laravel\\framework\\src\\Illuminate\\Foundation\\Http\\Middleware\\VerifyCsrfToken.php(87): Illuminate\\Pipeline\\Pipeline->{closure:{closure:Illuminate\\Pipeline\\Pipeline::carry():194}:195}()
#31 D:\\SEMESTER 3 TEKNIK INFORMATIKA\\PROYEK-3-PBO\\APK-MANAJEMEN-DOSEN\\devOps\\devOps\\vendor\\laravel\\framework\\src\\Illuminate\\Pipeline\\Pipeline.php(219): Illuminate\\Foundation\\Http\\Middleware\\VerifyCsrfToken->handle()
#32 D:\\SEMESTER 3 TEKNIK INFORMATIKA\\PROYEK-3-PBO\\APK-MANAJEMEN-DOSEN\\devOps\\devOps\\vendor\\laravel\\framework\\src\\Illuminate\\View\\Middleware\\ShareErrorsFromSession.php(48): Illuminate\\Pipeline\\Pipeline->{closure:{closure:Illuminate\\Pipeline\\Pipeline::carry():194}:195}()
#33 D:\\SEMESTER 3 TEKNIK INFORMATIKA\\PROYEK-3-PBO\\APK-MANAJEMEN-DOSEN\\devOps\\devOps\\vendor\\laravel\\framework\\src\\Illuminate\\Pipeline\\Pipeline.php(219): Illuminate\\View\\Middleware\\ShareErrorsFromSession->handle()
#34 D:\\SEMESTER 3 TEKNIK INFORMATIKA\\PROYEK-3-PBO\\APK-MANAJEMEN-DOSEN\\devOps\\devOps\\vendor\\laravel\\framework\\src\\Illuminate\\Session\\Middleware\\StartSession.php(120): Illuminate\\Pipeline\\Pipeline->{closure:{closure:Illuminate\\Pipeline\\Pipeline::carry():194}:195}()
#35 D:\\SEMESTER 3 TEKNIK INFORMATIKA\\PROYEK-3-PBO\\APK-MANAJEMEN-DOSEN\\devOps\\devOps\\vendor\\laravel\\framework\\src\\Illuminate\\Session\\Middleware\\StartSession.php(63): Illuminate\\Session\\Middleware\\StartSession->handleStatefulRequest()
#36 D:\\SEMESTER 3 TEKNIK INFORMATIKA\\PROYEK-3-PBO\\APK-MANAJEMEN-DOSEN\\devOps\\devOps\\vendor\\laravel\\framework\\src\\Illuminate\\Pipeline\\Pipeline.php(219): Illuminate\\Session\\Middleware\\StartSession->handle()
#37 D:\\SEMESTER 3 TEKNIK INFORMATIKA\\PROYEK-3-PBO\\APK-MANAJEMEN-DOSEN\\devOps\\devOps\\vendor\\laravel\\framework\\src\\Illuminate\\Cookie\\Middleware\\AddQueuedCookiesToResponse.php(36): Illuminate\\Pipeline\\Pipeline->{closure:{closure:Illuminate\\Pipeline\\Pipeline::carry():194}:195}()
#38 D:\\SEMESTER 3 TEKNIK INFORMATIKA\\PROYEK-3-PBO\\APK-MANAJEMEN-DOSEN\\devOps\\devOps\\vendor\\laravel\\framework\\src\\Illuminate\\Pipeline\\Pipeline.php(219): Illuminate\\Cookie\\Middleware\\AddQueuedCookiesToResponse->handle()
#39 D:\\SEMESTER 3 TEKNIK INFORMATIKA\\PROYEK-3-PBO\\APK-MANAJEMEN-DOSEN\\devOps\\devOps\\vendor\\laravel\\framework\\src\\Illuminate\\Cookie\\Middleware\\EncryptCookies.php(74): Illuminate\\Pipeline\\Pipeline->{closure:{closure:Illuminate\\Pipeline\\Pipeline::carry():194}:195}()
#40 D:\\SEMESTER 3 TEKNIK INFORMATIKA\\PROYEK-3-PBO\\APK-MANAJEMEN-DOSEN\\devOps\\devOps\\vendor\\laravel\\framework\\src\\Illuminate\\Pipeline\\Pipeline.php(219): Illuminate\\Cookie\\Middleware\\EncryptCookies->handle()
#41 D:\\SEMESTER 3 TEKNIK INFORMATIKA\\PROYEK-3-PBO\\APK-MANAJEMEN-DOSEN\\devOps\\devOps\\vendor\\laravel\\framework\\src\\Illuminate\\Pipeline\\Pipeline.php(137): Illuminate\\Pipeline\\Pipeline->{closure:{closure:Illuminate\\Pipeline\\Pipeline::carry():194}:195}()
#42 D:\\SEMESTER 3 TEKNIK INFORMATIKA\\PROYEK-3-PBO\\APK-MANAJEMEN-DOSEN\\devOps\\devOps\\vendor\\laravel\\framework\\src\\Illuminate\\Routing\\Router.php(821): Illuminate\\Pipeline\\Pipeline->then()
#43 D:\\SEMESTER 3 TEKNIK INFORMATIKA\\PROYEK-3-PBO\\APK-MANAJEMEN-DOSEN\\devOps\\devOps\\vendor\\laravel\\framework\\src\\Illuminate\\Routing\\Router.php(800): Illuminate\\Routing\\Router->runRouteWithinStack()
#44 D:\\SEMESTER 3 TEKNIK INFORMATIKA\\PROYEK-3-PBO\\APK-MANAJEMEN-DOSEN\\devOps\\devOps\\vendor\\laravel\\framework\\src\\Illuminate\\Routing\\Router.php(764): Illuminate\\Routing\\Router->runRoute()
#45 D:\\SEMESTER 3 TEKNIK INFORMATIKA\\PROYEK-3-PBO\\APK-MANAJEMEN-DOSEN\\devOps\\devOps\\vendor\\laravel\\framework\\src\\Illuminate\\Routing\\Router.php(753): Illuminate\\Routing\\Router->dispatchToRoute()
#46 D:\\SEMESTER 3 TEKNIK INFORMATIKA\\PROYEK-3-PBO\\APK-MANAJEMEN-DOSEN\\devOps\\devOps\\vendor\\laravel\\framework\\src\\Illuminate\\Foundation\\Http\\Kernel.php(200): Illuminate\\Routing\\Router->dispatch()
#47 D:\\SEMESTER 3 TEKNIK INFORMATIKA\\PROYEK-3-PBO\\APK-MANAJEMEN-DOSEN\\devOps\\devOps\\vendor\\laravel\\framework\\src\\Illuminate\\Pipeline\\Pipeline.php(180): Illuminate\\Foundation\\Http\\Kernel->{closure:Illuminate\\Foundation\\Http\\Kernel::dispatchToRouter():197}()
#48 D:\\SEMESTER 3 TEKNIK INFORMATIKA\\PROYEK-3-PBO\\APK-MANAJEMEN-DOSEN\\devOps\\devOps\\vendor\\laravel\\framework\\src\\Illuminate\\Foundation\\Http\\Middleware\\TransformsRequest.php(21): Illuminate\\Pipeline\\Pipeline->{closure:Illuminate\\Pipeline\\Pipeline::prepareDestination():178}()
#49 D:\\SEMESTER 3 TEKNIK INFORMATIKA\\PROYEK-3-PBO\\APK-MANAJEMEN-DOSEN\\devOps\\devOps\\vendor\\laravel\\framework\\src\\Illuminate\\Foundation\\Http\\Middleware\\ConvertEmptyStringsToNull.php(31): Illuminate\\Foundation\\Http\\Middleware\\TransformsRequest->handle()
#50 D:\\SEMESTER 3 TEKNIK INFORMATIKA\\PROYEK-3-PBO\\APK-MANAJEMEN-DOSEN\\devOps\\devOps\\vendor\\laravel\\framework\\src\\Illuminate\\Pipeline\\Pipeline.php(219): Illuminate\\Foundation\\Http\\Middleware\\ConvertEmptyStringsToNull->handle()
#51 D:\\SEMESTER 3 TEKNIK INFORMATIKA\\PROYEK-3-PBO\\APK-MANAJEMEN-DOSEN\\devOps\\devOps\\vendor\\laravel\\framework\\src\\Illuminate\\Foundation\\Http\\Middleware\\TransformsRequest.php(21): Illuminate\\Pipeline\\Pipeline->{closure:{closure:Illuminate\\Pipeline\\Pipeline::carry():194}:195}()
#52 D:\\SEMESTER 3 TEKNIK INFORMATIKA\\PROYEK-3-PBO\\APK-MANAJEMEN-DOSEN\\devOps\\devOps\\vendor\\laravel\\framework\\src\\Illuminate\\Foundation\\Http\\Middleware\\TrimStrings.php(51): Illuminate\\Foundation\\Http\\Middleware\\TransformsRequest->handle()
#53 D:\\SEMESTER 3 TEKNIK INFORMATIKA\\PROYEK-3-PBO\\APK-MANAJEMEN-DOSEN\\devOps\\devOps\\vendor\\laravel\\framework\\src\\Illuminate\\Pipeline\\Pipeline.php(219): Illuminate\\Foundation\\Http\\Middleware\\TrimStrings->handle()
#54 D:\\SEMESTER 3 TEKNIK INFORMATIKA\\PROYEK-3-PBO\\APK-MANAJEMEN-DOSEN\\devOps\\devOps\\vendor\\laravel\\framework\\src\\Illuminate\\Http\\Middleware\\ValidatePostSize.php(27): Illuminate\\Pipeline\\Pipeline->{closure:{closure:Illuminate\\Pipeline\\Pipeline::carry():194}:195}()
#55 D:\\SEMESTER 3 TEKNIK INFORMATIKA\\PROYEK-3-PBO\\APK-MANAJEMEN-DOSEN\\devOps\\devOps\\vendor\\laravel\\framework\\src\\Illuminate\\Pipeline\\Pipeline.php(219): Illuminate\\Http\\Middleware\\ValidatePostSize->handle()
#56 D:\\SEMESTER 3 TEKNIK INFORMATIKA\\PROYEK-3-PBO\\APK-MANAJEMEN-DOSEN\\devOps\\devOps\\vendor\\laravel\\framework\\src\\Illuminate\\Foundation\\Http\\Middleware\\PreventRequestsDuringMaintenance.php(109): Illuminate\\Pipeline\\Pipeline->{closure:{closure:Illuminate\\Pipeline\\Pipeline::carry():194}:195}()
#57 D:\\SEMESTER 3 TEKNIK INFORMATIKA\\PROYEK-3-PBO\\APK-MANAJEMEN-DOSEN\\devOps\\devOps\\vendor\\laravel\\framework\\src\\Illuminate\\Pipeline\\Pipeline.php(219): Illuminate\\Foundation\\Http\\Middleware\\PreventRequestsDuringMaintenance->handle()
#58 D:\\SEMESTER 3 TEKNIK INFORMATIKA\\PROYEK-3-PBO\\APK-MANAJEMEN-DOSEN\\devOps\\devOps\\vendor\\laravel\\framework\\src\\Illuminate\\Http\\Middleware\\HandleCors.php(48): Illuminate\\Pipeline\\Pipeline->{closure:{closure:Illuminate\\Pipeline\\Pipeline::carry():194}:195}()
#59 D:\\SEMESTER 3 TEKNIK INFORMATIKA\\PROYEK-3-PBO\\APK-MANAJEMEN-DOSEN\\devOps\\devOps\\vendor\\laravel\\framework\\src\\Illuminate\\Pipeline\\Pipeline.php(219): Illuminate\\Http\\Middleware\\HandleCors->handle()
#60 D:\\SEMESTER 3 TEKNIK INFORMATIKA\\PROYEK-3-PBO\\APK-MANAJEMEN-DOSEN\\devOps\\devOps\\vendor\\laravel\\framework\\src\\Illuminate\\Http\\Middleware\\TrustProxies.php(58): Illuminate\\Pipeline\\Pipeline->{closure:{closure:Illuminate\\Pipeline\\Pipeline::carry():194}:195}()
#61 D:\\SEMESTER 3 TEKNIK INFORMATIKA\\PROYEK-3-PBO\\APK-MANAJEMEN-DOSEN\\devOps\\devOps\\vendor\\laravel\\framework\\src\\Illuminate\\Pipeline\\Pipeline.php(219): Illuminate\\Http\\Middleware\\TrustProxies->handle()
#62 D:\\SEMESTER 3 TEKNIK INFORMATIKA\\PROYEK-3-PBO\\APK-MANAJEMEN-DOSEN\\devOps\\devOps\\vendor\\laravel\\framework\\src\\Illuminate\\Foundation\\Http\\Middleware\\InvokeDeferredCallbacks.php(22): Illuminate\\Pipeline\\Pipeline->{closure:{closure:Illuminate\\Pipeline\\Pipeline::carry():194}:195}()
#63 D:\\SEMESTER 3 TEKNIK INFORMATIKA\\PROYEK-3-PBO\\APK-MANAJEMEN-DOSEN\\devOps\\devOps\\vendor\\laravel\\framework\\src\\Illuminate\\Pipeline\\Pipeline.php(219): Illuminate\\Foundation\\Http\\Middleware\\InvokeDeferredCallbacks->handle()
#64 D:\\SEMESTER 3 TEKNIK INFORMATIKA\\PROYEK-3-PBO\\APK-MANAJEMEN-DOSEN\\devOps\\devOps\\vendor\\laravel\\framework\\src\\Illuminate\\Http\\Middleware\\ValidatePathEncoding.php(26): Illuminate\\Pipeline\\Pipeline->{closure:{closure:Illuminate\\Pipeline\\Pipeline::carry():194}:195}()
#65 D:\\SEMESTER 3 TEKNIK INFORMATIKA\\PROYEK-3-PBO\\APK-MANAJEMEN-DOSEN\\devOps\\devOps\\vendor\\laravel\\framework\\src\\Illuminate\\Pipeline\\Pipeline.php(219): Illuminate\\Http\\Middleware\\ValidatePathEncoding->handle()
#66 D:\\SEMESTER 3 TEKNIK INFORMATIKA\\PROYEK-3-PBO\\APK-MANAJEMEN-DOSEN\\devOps\\devOps\\vendor\\laravel\\framework\\src\\Illuminate\\Pipeline\\Pipeline.php(137): Illuminate\\Pipeline\\Pipeline->{closure:{closure:Illuminate\\Pipeline\\Pipeline::carry():194}:195}()
#67 D:\\SEMESTER 3 TEKNIK INFORMATIKA\\PROYEK-3-PBO\\APK-MANAJEMEN-DOSEN\\devOps\\devOps\\vendor\\laravel\\framework\\src\\Illuminate\\Foundation\\Http\\Kernel.php(175): Illuminate\\Pipeline\\Pipeline->then()
#68 D:\\SEMESTER 3 TEKNIK INFORMATIKA\\PROYEK-3-PBO\\APK-MANAJEMEN-DOSEN\\devOps\\devOps\\vendor\\laravel\\framework\\src\\Illuminate\\Foundation\\Http\\Kernel.php(144): Illuminate\\Foundation\\Http\\Kernel->sendRequestThroughRouter()
#69 D:\\SEMESTER 3 TEKNIK INFORMATIKA\\PROYEK-3-PBO\\APK-MANAJEMEN-DOSEN\\devOps\\devOps\\vendor\\laravel\\framework\\src\\Illuminate\\Foundation\\Application.php(1220): Illuminate\\Foundation\\Http\\Kernel->handle()
#70 D:\\SEMESTER 3 TEKNIK INFORMATIKA\\PROYEK-3-PBO\\APK-MANAJEMEN-DOSEN\\devOps\\devOps\\public\\index.php(20): Illuminate\\Foundation\\Application->handleRequest()
#71 D:\\SEMESTER 3 TEKNIK INFORMATIKA\\PROYEK-3-PBO\\APK-MANAJEMEN-DOSEN\\devOps\\devOps\\vendor\\laravel\\framework\\src\\Illuminate\\Foundation\\resources\\server.php(23): require_once('...')
#72 {main}

[previous exception] [object] (PDOException(code: 42P01): SQLSTATE[42P01]: Undefined table: 7 ERROR:  relation \"profil_dosen\" does not exist
LINE 1: select * from \"profil_dosen\" where \"profil_dosen\".\"id_user\" ...
                      ^ at D:\\SEMESTER 3 TEKNIK INFORMATIKA\\PROYEK-3-PBO\\APK-MANAJEMEN-DOSEN\\devOps\\devOps\\vendor\\laravel\\framework\\src\\Illuminate\\Database\\Connection.php:411)
[stacktrace]
#0 D:\\SEMESTER 3 TEKNIK INFORMATIKA\\PROYEK-3-PBO\\APK-MANAJEMEN-DOSEN\\devOps\\devOps\\vendor\\laravel\\framework\\src\\Illuminate\\Database\\Connection.php(411): PDOStatement->execute()
#1 D:\\SEMESTER 3 TEKNIK INFORMATIKA\\PROYEK-3-PBO\\APK-MANAJEMEN-DOSEN\\devOps\\devOps\\vendor\\laravel\\framework\\src\\Illuminate\\Database\\Connection.php(811): Illuminate\\Database\\Connection->{closure:Illuminate\\Database\\Connection::select():397}()
#2 D:\\SEMESTER 3 TEKNIK INFORMATIKA\\PROYEK-3-PBO\\APK-MANAJEMEN-DOSEN\\devOps\\devOps\\vendor\\laravel\\framework\\src\\Illuminate\\Database\\Connection.php(778): Illuminate\\Database\\Connection->runQueryCallback()
#3 D:\\SEMESTER 3 TEKNIK INFORMATIKA\\PROYEK-3-PBO\\APK-MANAJEMEN-DOSEN\\devOps\\devOps\\vendor\\laravel\\framework\\src\\Illuminate\\Database\\Connection.php(397): Illuminate\\Database\\Connection->run()
#4 D:\\SEMESTER 3 TEKNIK INFORMATIKA\\PROYEK-3-PBO\\APK-MANAJEMEN-DOSEN\\devOps\\devOps\\vendor\\laravel\\framework\\src\\Illuminate\\Database\\Query\\Builder.php(3188): Illuminate\\Database\\Connection->select()
#5 D:\\SEMESTER 3 TEKNIK INFORMATIKA\\PROYEK-3-PBO\\APK-MANAJEMEN-DOSEN\\devOps\\devOps\\vendor\\laravel\\framework\\src\\Illuminate\\Database\\Query\\Builder.php(3173): Illuminate\\Database\\Query\\Builder->runSelect()
#6 D:\\SEMESTER 3 TEKNIK INFORMATIKA\\PROYEK-3-PBO\\APK-MANAJEMEN-DOSEN\\devOps\\devOps\\vendor\\laravel\\framework\\src\\Illuminate\\Database\\Query\\Builder.php(3763): Illuminate\\Database\\Query\\Builder->{closure:Illuminate\\Database\\Query\\Builder::get():3172}()
#7 D:\\SEMESTER 3 TEKNIK INFORMATIKA\\PROYEK-3-PBO\\APK-MANAJEMEN-DOSEN\\devOps\\devOps\\vendor\\laravel\\framework\\src\\Illuminate\\Database\\Query\\Builder.php(3172): Illuminate\\Database\\Query\\Builder->onceWithColumns()
#8 D:\\SEMESTER 3 TEKNIK INFORMATIKA\\PROYEK-3-PBO\\APK-MANAJEMEN-DOSEN\\devOps\\devOps\\vendor\\laravel\\framework\\src\\Illuminate\\Database\\Eloquent\\Builder.php(902): Illuminate\\Database\\Query\\Builder->get()
#9 D:\\SEMESTER 3 TEKNIK INFORMATIKA\\PROYEK-3-PBO\\APK-MANAJEMEN-DOSEN\\devOps\\devOps\\vendor\\laravel\\framework\\src\\Illuminate\\Database\\Eloquent\\Builder.php(884): Illuminate\\Database\\Eloquent\\Builder->getModels()
#10 D:\\SEMESTER 3 TEKNIK INFORMATIKA\\PROYEK-3-PBO\\APK-MANAJEMEN-DOSEN\\devOps\\devOps\\vendor\\laravel\\framework\\src\\Illuminate\\Database\\Concerns\\BuildsQueries.php(366): Illuminate\\Database\\Eloquent\\Builder->get()
#11 D:\\SEMESTER 3 TEKNIK INFORMATIKA\\PROYEK-3-PBO\\APK-MANAJEMEN-DOSEN\\devOps\\devOps\\vendor\\laravel\\framework\\src\\Illuminate\\Database\\Eloquent\\Relations\\HasOne.php(31): Illuminate\\Database\\Eloquent\\Builder->first()
#12 D:\\SEMESTER 3 TEKNIK INFORMATIKA\\PROYEK-3-PBO\\APK-MANAJEMEN-DOSEN\\devOps\\devOps\\vendor\\laravel\\framework\\src\\Illuminate\\Database\\Eloquent\\Concerns\\HasAttributes.php(635): Illuminate\\Database\\Eloquent\\Relations\\HasOne->getResults()
#13 D:\\SEMESTER 3 TEKNIK INFORMATIKA\\PROYEK-3-PBO\\APK-MANAJEMEN-DOSEN\\devOps\\devOps\\vendor\\laravel\\framework\\src\\Illuminate\\Database\\Eloquent\\Concerns\\HasAttributes.php(573): Illuminate\\Database\\Eloquent\\Model->getRelationshipFromMethod()
#14 D:\\SEMESTER 3 TEKNIK INFORMATIKA\\PROYEK-3-PBO\\APK-MANAJEMEN-DOSEN\\devOps\\devOps\\vendor\\laravel\\framework\\src\\Illuminate\\Database\\Eloquent\\Concerns\\HasAttributes.php(494): Illuminate\\Database\\Eloquent\\Model->getRelationValue()
#15 D:\\SEMESTER 3 TEKNIK INFORMATIKA\\PROYEK-3-PBO\\APK-MANAJEMEN-DOSEN\\devOps\\devOps\\vendor\\laravel\\framework\\src\\Illuminate\\Database\\Eloquent\\Model.php(2423): Illuminate\\Database\\Eloquent\\Model->getAttribute()
#16 D:\\SEMESTER 3 TEKNIK INFORMATIKA\\PROYEK-3-PBO\\APK-MANAJEMEN-DOSEN\\devOps\\devOps\\app\\Http\\Controllers\\Dosen\\PortofolioController.php(28): Illuminate\\Database\\Eloquent\\Model->__get()
#17 D:\\SEMESTER 3 TEKNIK INFORMATIKA\\PROYEK-3-PBO\\APK-MANAJEMEN-DOSEN\\devOps\\devOps\\vendor\\laravel\\framework\\src\\Illuminate\\Routing\\ControllerDispatcher.php(46): App\\Http\\Controllers\\Dosen\\PortofolioController->index()
#18 D:\\SEMESTER 3 TEKNIK INFORMATIKA\\PROYEK-3-PBO\\APK-MANAJEMEN-DOSEN\\devOps\\devOps\\vendor\\laravel\\framework\\src\\Illuminate\\Routing\\Route.php(265): Illuminate\\Routing\\ControllerDispatcher->dispatch()
#19 D:\\SEMESTER 3 TEKNIK INFORMATIKA\\PROYEK-3-PBO\\APK-MANAJEMEN-DOSEN\\devOps\\devOps\\vendor\\laravel\\framework\\src\\Illuminate\\Routing\\Route.php(211): Illuminate\\Routing\\Route->runController()
#20 D:\\SEMESTER 3 TEKNIK INFORMATIKA\\PROYEK-3-PBO\\APK-MANAJEMEN-DOSEN\\devOps\\devOps\\vendor\\laravel\\framework\\src\\Illuminate\\Routing\\Router.php(822): Illuminate\\Routing\\Route->run()
#21 D:\\SEMESTER 3 TEKNIK INFORMATIKA\\PROYEK-3-PBO\\APK-MANAJEMEN-DOSEN\\devOps\\devOps\\vendor\\laravel\\framework\\src\\Illuminate\\Pipeline\\Pipeline.php(180): Illuminate\\Routing\\Router->{closure:Illuminate\\Routing\\Router::runRouteWithinStack():821}()
#22 D:\\SEMESTER 3 TEKNIK INFORMATIKA\\PROYEK-3-PBO\\APK-MANAJEMEN-DOSEN\\devOps\\devOps\\app\\Http\\Middleware\\CheckRole.php(34): Illuminate\\Pipeline\\Pipeline->{closure:Illuminate\\Pipeline\\Pipeline::prepareDestination():178}()
#23 D:\\SEMESTER 3 TEKNIK INFORMATIKA\\PROYEK-3-PBO\\APK-MANAJEMEN-DOSEN\\devOps\\devOps\\vendor\\laravel\\framework\\src\\Illuminate\\Pipeline\\Pipeline.php(219): App\\Http\\Middleware\\CheckRole->handle()
#24 D:\\SEMESTER 3 TEKNIK INFORMATIKA\\PROYEK-3-PBO\\APK-MANAJEMEN-DOSEN\\devOps\\devOps\\vendor\\laravel\\framework\\src\\Illuminate\\Foundation\\Http\\Middleware\\VerifyCsrfToken.php(87): Illuminate\\Pipeline\\Pipeline->{closure:{closure:Illuminate\\Pipeline\\Pipeline::carry():194}:195}()
#25 D:\\SEMESTER 3 TEKNIK INFORMATIKA\\PROYEK-3-PBO\\APK-MANAJEMEN-DOSEN\\devOps\\devOps\\vendor\\laravel\\framework\\src\\Illuminate\\Pipeline\\Pipeline.php(219): Illuminate\\Foundation\\Http\\Middleware\\VerifyCsrfToken->handle()
#26 D:\\SEMESTER 3 TEKNIK INFORMATIKA\\PROYEK-3-PBO\\APK-MANAJEMEN-DOSEN\\devOps\\devOps\\vendor\\laravel\\framework\\src\\Illuminate\\Routing\\Middleware\\SubstituteBindings.php(50): Illuminate\\Pipeline\\Pipeline->{closure:{closure:Illuminate\\Pipeline\\Pipeline::carry():194}:195}()
#27 D:\\SEMESTER 3 TEKNIK INFORMATIKA\\PROYEK-3-PBO\\APK-MANAJEMEN-DOSEN\\devOps\\devOps\\vendor\\laravel\\framework\\src\\Illuminate\\Pipeline\\Pipeline.php(219): Illuminate\\Routing\\Middleware\\SubstituteBindings->handle()
#28 D:\\SEMESTER 3 TEKNIK INFORMATIKA\\PROYEK-3-PBO\\APK-MANAJEMEN-DOSEN\\devOps\\devOps\\vendor\\laravel\\framework\\src\\Illuminate\\Session\\Middleware\\AuthenticateSession.php(66): Illuminate\\Pipeline\\Pipeline->{closure:{closure:Illuminate\\Pipeline\\Pipeline::carry():194}:195}()
#29 D:\\SEMESTER 3 TEKNIK INFORMATIKA\\PROYEK-3-PBO\\APK-MANAJEMEN-DOSEN\\devOps\\devOps\\vendor\\laravel\\framework\\src\\Illuminate\\Pipeline\\Pipeline.php(219): Illuminate\\Session\\Middleware\\AuthenticateSession->handle()
#30 D:\\SEMESTER 3 TEKNIK INFORMATIKA\\PROYEK-3-PBO\\APK-MANAJEMEN-DOSEN\\devOps\\devOps\\vendor\\laravel\\framework\\src\\Illuminate\\Auth\\Middleware\\Authenticate.php(63): Illuminate\\Pipeline\\Pipeline->{closure:{closure:Illuminate\\Pipeline\\Pipeline::carry():194}:195}()
#31 D:\\SEMESTER 3 TEKNIK INFORMATIKA\\PROYEK-3-PBO\\APK-MANAJEMEN-DOSEN\\devOps\\devOps\\vendor\\laravel\\framework\\src\\Illuminate\\Pipeline\\Pipeline.php(219): Illuminate\\Auth\\Middleware\\Authenticate->handle()
#32 D:\\SEMESTER 3 TEKNIK INFORMATIKA\\PROYEK-3-PBO\\APK-MANAJEMEN-DOSEN\\devOps\\devOps\\vendor\\laravel\\framework\\src\\Illuminate\\Foundation\\Http\\Middleware\\VerifyCsrfToken.php(87): Illuminate\\Pipeline\\Pipeline->{closure:{closure:Illuminate\\Pipeline\\Pipeline::carry():194}:195}()
#33 D:\\SEMESTER 3 TEKNIK INFORMATIKA\\PROYEK-3-PBO\\APK-MANAJEMEN-DOSEN\\devOps\\devOps\\vendor\\laravel\\framework\\src\\Illuminate\\Pipeline\\Pipeline.php(219): Illuminate\\Foundation\\Http\\Middleware\\VerifyCsrfToken->handle()
#34 D:\\SEMESTER 3 TEKNIK INFORMATIKA\\PROYEK-3-PBO\\APK-MANAJEMEN-DOSEN\\devOps\\devOps\\vendor\\laravel\\framework\\src\\Illuminate\\View\\Middleware\\ShareErrorsFromSession.php(48): Illuminate\\Pipeline\\Pipeline->{closure:{closure:Illuminate\\Pipeline\\Pipeline::carry():194}:195}()
#35 D:\\SEMESTER 3 TEKNIK INFORMATIKA\\PROYEK-3-PBO\\APK-MANAJEMEN-DOSEN\\devOps\\devOps\\vendor\\laravel\\framework\\src\\Illuminate\\Pipeline\\Pipeline.php(219): Illuminate\\View\\Middleware\\ShareErrorsFromSession->handle()
#36 D:\\SEMESTER 3 TEKNIK INFORMATIKA\\PROYEK-3-PBO\\APK-MANAJEMEN-DOSEN\\devOps\\devOps\\vendor\\laravel\\framework\\src\\Illuminate\\Session\\Middleware\\StartSession.php(120): Illuminate\\Pipeline\\Pipeline->{closure:{closure:Illuminate\\Pipeline\\Pipeline::carry():194}:195}()
#37 D:\\SEMESTER 3 TEKNIK INFORMATIKA\\PROYEK-3-PBO\\APK-MANAJEMEN-DOSEN\\devOps\\devOps\\vendor\\laravel\\framework\\src\\Illuminate\\Session\\Middleware\\StartSession.php(63): Illuminate\\Session\\Middleware\\StartSession->handleStatefulRequest()
#38 D:\\SEMESTER 3 TEKNIK INFORMATIKA\\PROYEK-3-PBO\\APK-MANAJEMEN-DOSEN\\devOps\\devOps\\vendor\\laravel\\framework\\src\\Illuminate\\Pipeline\\Pipeline.php(219): Illuminate\\Session\\Middleware\\StartSession->handle()
#39 D:\\SEMESTER 3 TEKNIK INFORMATIKA\\PROYEK-3-PBO\\APK-MANAJEMEN-DOSEN\\devOps\\devOps\\vendor\\laravel\\framework\\src\\Illuminate\\Cookie\\Middleware\\AddQueuedCookiesToResponse.php(36): Illuminate\\Pipeline\\Pipeline->{closure:{closure:Illuminate\\Pipeline\\Pipeline::carry():194}:195}()
#40 D:\\SEMESTER 3 TEKNIK INFORMATIKA\\PROYEK-3-PBO\\APK-MANAJEMEN-DOSEN\\devOps\\devOps\\vendor\\laravel\\framework\\src\\Illuminate\\Pipeline\\Pipeline.php(219): Illuminate\\Cookie\\Middleware\\AddQueuedCookiesToResponse->handle()
#41 D:\\SEMESTER 3 TEKNIK INFORMATIKA\\PROYEK-3-PBO\\APK-MANAJEMEN-DOSEN\\devOps\\devOps\\vendor\\laravel\\framework\\src\\Illuminate\\Cookie\\Middleware\\EncryptCookies.php(74): Illuminate\\Pipeline\\Pipeline->{closure:{closure:Illuminate\\Pipeline\\Pipeline::carry():194}:195}()
#42 D:\\SEMESTER 3 TEKNIK INFORMATIKA\\PROYEK-3-PBO\\APK-MANAJEMEN-DOSEN\\devOps\\devOps\\vendor\\laravel\\framework\\src\\Illuminate\\Pipeline\\Pipeline.php(219): Illuminate\\Cookie\\Middleware\\EncryptCookies->handle()
#43 D:\\SEMESTER 3 TEKNIK INFORMATIKA\\PROYEK-3-PBO\\APK-MANAJEMEN-DOSEN\\devOps\\devOps\\vendor\\laravel\\framework\\src\\Illuminate\\Pipeline\\Pipeline.php(137): Illuminate\\Pipeline\\Pipeline->{closure:{closure:Illuminate\\Pipeline\\Pipeline::carry():194}:195}()
#44 D:\\SEMESTER 3 TEKNIK INFORMATIKA\\PROYEK-3-PBO\\APK-MANAJEMEN-DOSEN\\devOps\\devOps\\vendor\\laravel\\framework\\src\\Illuminate\\Routing\\Router.php(821): Illuminate\\Pipeline\\Pipeline->then()
#45 D:\\SEMESTER 3 TEKNIK INFORMATIKA\\PROYEK-3-PBO\\APK-MANAJEMEN-DOSEN\\devOps\\devOps\\vendor\\laravel\\framework\\src\\Illuminate\\Routing\\Router.php(800): Illuminate\\Routing\\Router->runRouteWithinStack()
#46 D:\\SEMESTER 3 TEKNIK INFORMATIKA\\PROYEK-3-PBO\\APK-MANAJEMEN-DOSEN\\devOps\\devOps\\vendor\\laravel\\framework\\src\\Illuminate\\Routing\\Router.php(764): Illuminate\\Routing\\Router->runRoute()
#47 D:\\SEMESTER 3 TEKNIK INFORMATIKA\\PROYEK-3-PBO\\APK-MANAJEMEN-DOSEN\\devOps\\devOps\\vendor\\laravel\\framework\\src\\Illuminate\\Routing\\Router.php(753): Illuminate\\Routing\\Router->dispatchToRoute()
#48 D:\\SEMESTER 3 TEKNIK INFORMATIKA\\PROYEK-3-PBO\\APK-MANAJEMEN-DOSEN\\devOps\\devOps\\vendor\\laravel\\framework\\src\\Illuminate\\Foundation\\Http\\Kernel.php(200): Illuminate\\Routing\\Router->dispatch()
#49 D:\\SEMESTER 3 TEKNIK INFORMATIKA\\PROYEK-3-PBO\\APK-MANAJEMEN-DOSEN\\devOps\\devOps\\vendor\\laravel\\framework\\src\\Illuminate\\Pipeline\\Pipeline.php(180): Illuminate\\Foundation\\Http\\Kernel->{closure:Illuminate\\Foundation\\Http\\Kernel::dispatchToRouter():197}()
#50 D:\\SEMESTER 3 TEKNIK INFORMATIKA\\PROYEK-3-PBO\\APK-MANAJEMEN-DOSEN\\devOps\\devOps\\vendor\\laravel\\framework\\src\\Illuminate\\Foundation\\Http\\Middleware\\TransformsRequest.php(21): Illuminate\\Pipeline\\Pipeline->{closure:Illuminate\\Pipeline\\Pipeline::prepareDestination():178}()
#51 D:\\SEMESTER 3 TEKNIK INFORMATIKA\\PROYEK-3-PBO\\APK-MANAJEMEN-DOSEN\\devOps\\devOps\\vendor\\laravel\\framework\\src\\Illuminate\\Foundation\\Http\\Middleware\\ConvertEmptyStringsToNull.php(31): Illuminate\\Foundation\\Http\\Middleware\\TransformsRequest->handle()
#52 D:\\SEMESTER 3 TEKNIK INFORMATIKA\\PROYEK-3-PBO\\APK-MANAJEMEN-DOSEN\\devOps\\devOps\\vendor\\laravel\\framework\\src\\Illuminate\\Pipeline\\Pipeline.php(219): Illuminate\\Foundation\\Http\\Middleware\\ConvertEmptyStringsToNull->handle()
#53 D:\\SEMESTER 3 TEKNIK INFORMATIKA\\PROYEK-3-PBO\\APK-MANAJEMEN-DOSEN\\devOps\\devOps\\vendor\\laravel\\framework\\src\\Illuminate\\Foundation\\Http\\Middleware\\TransformsRequest.php(21): Illuminate\\Pipeline\\Pipeline->{closure:{closure:Illuminate\\Pipeline\\Pipeline::carry():194}:195}()
#54 D:\\SEMESTER 3 TEKNIK INFORMATIKA\\PROYEK-3-PBO\\APK-MANAJEMEN-DOSEN\\devOps\\devOps\\vendor\\laravel\\framework\\src\\Illuminate\\Foundation\\Http\\Middleware\\TrimStrings.php(51): Illuminate\\Foundation\\Http\\Middleware\\TransformsRequest->handle()
#55 D:\\SEMESTER 3 TEKNIK INFORMATIKA\\PROYEK-3-PBO\\APK-MANAJEMEN-DOSEN\\devOps\\devOps\\vendor\\laravel\\framework\\src\\Illuminate\\Pipeline\\Pipeline.php(219): Illuminate\\Foundation\\Http\\Middleware\\TrimStrings->handle()
#56 D:\\SEMESTER 3 TEKNIK INFORMATIKA\\PROYEK-3-PBO\\APK-MANAJEMEN-DOSEN\\devOps\\devOps\\vendor\\laravel\\framework\\src\\Illuminate\\Http\\Middleware\\ValidatePostSize.php(27): Illuminate\\Pipeline\\Pipeline->{closure:{closure:Illuminate\\Pipeline\\Pipeline::carry():194}:195}()
#57 D:\\SEMESTER 3 TEKNIK INFORMATIKA\\PROYEK-3-PBO\\APK-MANAJEMEN-DOSEN\\devOps\\devOps\\vendor\\laravel\\framework\\src\\Illuminate\\Pipeline\\Pipeline.php(219): Illuminate\\Http\\Middleware\\ValidatePostSize->handle()
#58 D:\\SEMESTER 3 TEKNIK INFORMATIKA\\PROYEK-3-PBO\\APK-MANAJEMEN-DOSEN\\devOps\\devOps\\vendor\\laravel\\framework\\src\\Illuminate\\Foundation\\Http\\Middleware\\PreventRequestsDuringMaintenance.php(109): Illuminate\\Pipeline\\Pipeline->{closure:{closure:Illuminate\\Pipeline\\Pipeline::carry():194}:195}()
#59 D:\\SEMESTER 3 TEKNIK INFORMATIKA\\PROYEK-3-PBO\\APK-MANAJEMEN-DOSEN\\devOps\\devOps\\vendor\\laravel\\framework\\src\\Illuminate\\Pipeline\\Pipeline.php(219): Illuminate\\Foundation\\Http\\Middleware\\PreventRequestsDuringMaintenance->handle()
#60 D:\\SEMESTER 3 TEKNIK INFORMATIKA\\PROYEK-3-PBO\\APK-MANAJEMEN-DOSEN\\devOps\\devOps\\vendor\\laravel\\framework\\src\\Illuminate\\Http\\Middleware\\HandleCors.php(48): Illuminate\\Pipeline\\Pipeline->{closure:{closure:Illuminate\\Pipeline\\Pipeline::carry():194}:195}()
#61 D:\\SEMESTER 3 TEKNIK INFORMATIKA\\PROYEK-3-PBO\\APK-MANAJEMEN-DOSEN\\devOps\\devOps\\vendor\\laravel\\framework\\src\\Illuminate\\Pipeline\\Pipeline.php(219): Illuminate\\Http\\Middleware\\HandleCors->handle()
#62 D:\\SEMESTER 3 TEKNIK INFORMATIKA\\PROYEK-3-PBO\\APK-MANAJEMEN-DOSEN\\devOps\\devOps\\vendor\\laravel\\framework\\src\\Illuminate\\Http\\Middleware\\TrustProxies.php(58): Illuminate\\Pipeline\\Pipeline->{closure:{closure:Illuminate\\Pipeline\\Pipeline::carry():194}:195}()
#63 D:\\SEMESTER 3 TEKNIK INFORMATIKA\\PROYEK-3-PBO\\APK-MANAJEMEN-DOSEN\\devOps\\devOps\\vendor\\laravel\\framework\\src\\Illuminate\\Pipeline\\Pipeline.php(219): Illuminate\\Http\\Middleware\\TrustProxies->handle()
#64 D:\\SEMESTER 3 TEKNIK INFORMATIKA\\PROYEK-3-PBO\\APK-MANAJEMEN-DOSEN\\devOps\\devOps\\vendor\\laravel\\framework\\src\\Illuminate\\Foundation\\Http\\Middleware\\InvokeDeferredCallbacks.php(22): Illuminate\\Pipeline\\Pipeline->{closure:{closure:Illuminate\\Pipeline\\Pipeline::carry():194}:195}()
#65 D:\\SEMESTER 3 TEKNIK INFORMATIKA\\PROYEK-3-PBO\\APK-MANAJEMEN-DOSEN\\devOps\\devOps\\vendor\\laravel\\framework\\src\\Illuminate\\Pipeline\\Pipeline.php(219): Illuminate\\Foundation\\Http\\Middleware\\InvokeDeferredCallbacks->handle()
#66 D:\\SEMESTER 3 TEKNIK INFORMATIKA\\PROYEK-3-PBO\\APK-MANAJEMEN-DOSEN\\devOps\\devOps\\vendor\\laravel\\framework\\src\\Illuminate\\Http\\Middleware\\ValidatePathEncoding.php(26): Illuminate\\Pipeline\\Pipeline->{closure:{closure:Illuminate\\Pipeline\\Pipeline::carry():194}:195}()
#67 D:\\SEMESTER 3 TEKNIK INFORMATIKA\\PROYEK-3-PBO\\APK-MANAJEMEN-DOSEN\\devOps\\devOps\\vendor\\laravel\\framework\\src\\Illuminate\\Pipeline\\Pipeline.php(219): Illuminate\\Http\\Middleware\\ValidatePathEncoding->handle()
#68 D:\\SEMESTER 3 TEKNIK INFORMATIKA\\PROYEK-3-PBO\\APK-MANAJEMEN-DOSEN\\devOps\\devOps\\vendor\\laravel\\framework\\src\\Illuminate\\Pipeline\\Pipeline.php(137): Illuminate\\Pipeline\\Pipeline->{closure:{closure:Illuminate\\Pipeline\\Pipeline::carry():194}:195}()
#69 D:\\SEMESTER 3 TEKNIK INFORMATIKA\\PROYEK-3-PBO\\APK-MANAJEMEN-DOSEN\\devOps\\devOps\\vendor\\laravel\\framework\\src\\Illuminate\\Foundation\\Http\\Kernel.php(175): Illuminate\\Pipeline\\Pipeline->then()
#70 D:\\SEMESTER 3 TEKNIK INFORMATIKA\\PROYEK-3-PBO\\APK-MANAJEMEN-DOSEN\\devOps\\devOps\\vendor\\laravel\\framework\\src\\Illuminate\\Foundation\\Http\\Kernel.php(144): Illuminate\\Foundation\\Http\\Kernel->sendRequestThroughRouter()
#71 D:\\SEMESTER 3 TEKNIK INFORMATIKA\\PROYEK-3-PBO\\APK-MANAJEMEN-DOSEN\\devOps\\devOps\\vendor\\laravel\\framework\\src\\Illuminate\\Foundation\\Application.php(1220): Illuminate\\Foundation\\Http\\Kernel->handle()
#72 D:\\SEMESTER 3 TEKNIK INFORMATIKA\\PROYEK-3-PBO\\APK-MANAJEMEN-DOSEN\\devOps\\devOps\\public\\index.php(20): Illuminate\\Foundation\\Application->handleRequest()
#73 D:\\SEMESTER 3 TEKNIK INFORMATIKA\\PROYEK-3-PBO\\APK-MANAJEMEN-DOSEN\\devOps\\devOps\\vendor\\laravel\\framework\\src\\Illuminate\\Foundation\\resources\\server.php(23): require_once('...')
#74 {main}
"} 
[2025-11-26 10:32:32] local.ERROR: SQLSTATE[42P01]: Undefined table: 7 ERROR:  relation "profil_dosen" does not exist
LINE 1: select * from "profil_dosen" where "profil_dosen"."id_user" ...
                      ^ (Connection: pgsql, SQL: select * from "profil_dosen" where "profil_dosen"."id_user" = 9 and "profil_dosen"."id_user" is not null limit 1) {"userId":9,"exception":"[object] (Illuminate\\Database\\QueryException(code: 42P01): SQLSTATE[42P01]: Undefined table: 7 ERROR:  relation \"profil_dosen\" does not exist
LINE 1: select * from \"profil_dosen\" where \"profil_dosen\".\"id_user\" ...
                      ^ (Connection: pgsql, SQL: select * from \"profil_dosen\" where \"profil_dosen\".\"id_user\" = 9 and \"profil_dosen\".\"id_user\" is not null limit 1) at D:\\Proyek 3\\sidora_dosen\\devOps\\vendor\\laravel\\framework\\src\\Illuminate\\Database\\Connection.php:824)
[stacktrace]
#0 D:\\Proyek 3\\sidora_dosen\\devOps\\vendor\\laravel\\framework\\src\\Illuminate\\Database\\Connection.php(778): Illuminate\\Database\\Connection->runQueryCallback('select * from \"...', Array, Object(Closure))
#1 D:\\Proyek 3\\sidora_dosen\\devOps\\vendor\\laravel\\framework\\src\\Illuminate\\Database\\Connection.php(397): Illuminate\\Database\\Connection->run('select * from \"...', Array, Object(Closure))
#2 D:\\Proyek 3\\sidora_dosen\\devOps\\vendor\\laravel\\framework\\src\\Illuminate\\Database\\Query\\Builder.php(3188): Illuminate\\Database\\Connection->select('select * from \"...', Array, true)
#3 D:\\Proyek 3\\sidora_dosen\\devOps\\vendor\\laravel\\framework\\src\\Illuminate\\Database\\Query\\Builder.php(3173): Illuminate\\Database\\Query\\Builder->runSelect()
#4 D:\\Proyek 3\\sidora_dosen\\devOps\\vendor\\laravel\\framework\\src\\Illuminate\\Database\\Query\\Builder.php(3763): Illuminate\\Database\\Query\\Builder->Illuminate\\Database\\Query\\{closure}()
#5 D:\\Proyek 3\\sidora_dosen\\devOps\\vendor\\laravel\\framework\\src\\Illuminate\\Database\\Query\\Builder.php(3172): Illuminate\\Database\\Query\\Builder->onceWithColumns(Array, Object(Closure))
#6 D:\\Proyek 3\\sidora_dosen\\devOps\\vendor\\laravel\\framework\\src\\Illuminate\\Database\\Eloquent\\Builder.php(902): Illuminate\\Database\\Query\\Builder->get(Array)
#7 D:\\Proyek 3\\sidora_dosen\\devOps\\vendor\\laravel\\framework\\src\\Illuminate\\Database\\Eloquent\\Builder.php(884): Illuminate\\Database\\Eloquent\\Builder->getModels(Array)
#8 D:\\Proyek 3\\sidora_dosen\\devOps\\vendor\\laravel\\framework\\src\\Illuminate\\Database\\Concerns\\BuildsQueries.php(366): Illuminate\\Database\\Eloquent\\Builder->get(Array)
#9 D:\\Proyek 3\\sidora_dosen\\devOps\\vendor\\laravel\\framework\\src\\Illuminate\\Database\\Eloquent\\Relations\\HasOne.php(31): Illuminate\\Database\\Eloquent\\Builder->first()
#10 D:\\Proyek 3\\sidora_dosen\\devOps\\vendor\\laravel\\framework\\src\\Illuminate\\Database\\Eloquent\\Concerns\\HasAttributes.php(635): Illuminate\\Database\\Eloquent\\Relations\\HasOne->getResults()
#11 D:\\Proyek 3\\sidora_dosen\\devOps\\vendor\\laravel\\framework\\src\\Illuminate\\Database\\Eloquent\\Concerns\\HasAttributes.php(573): Illuminate\\Database\\Eloquent\\Model->getRelationshipFromMethod('profilDosen')
#12 D:\\Proyek 3\\sidora_dosen\\devOps\\vendor\\laravel\\framework\\src\\Illuminate\\Database\\Eloquent\\Concerns\\HasAttributes.php(494): Illuminate\\Database\\Eloquent\\Model->getRelationValue('profilDosen')
#13 D:\\Proyek 3\\sidora_dosen\\devOps\\vendor\\laravel\\framework\\src\\Illuminate\\Database\\Eloquent\\Model.php(2423): Illuminate\\Database\\Eloquent\\Model->getAttribute('profilDosen')
#14 D:\\Proyek 3\\sidora_dosen\\devOps\\app\\Http\\Controllers\\Dosen\\PortofolioController.php(28): Illuminate\\Database\\Eloquent\\Model->__get('profilDosen')
#15 D:\\Proyek 3\\sidora_dosen\\devOps\\vendor\\laravel\\framework\\src\\Illuminate\\Routing\\ControllerDispatcher.php(46): App\\Http\\Controllers\\Dosen\\PortofolioController->index()
#16 D:\\Proyek 3\\sidora_dosen\\devOps\\vendor\\laravel\\framework\\src\\Illuminate\\Routing\\Route.php(265): Illuminate\\Routing\\ControllerDispatcher->dispatch(Object(Illuminate\\Routing\\Route), Object(App\\Http\\Controllers\\Dosen\\PortofolioController), 'index')
#17 D:\\Proyek 3\\sidora_dosen\\devOps\\vendor\\laravel\\framework\\src\\Illuminate\\Routing\\Route.php(211): Illuminate\\Routing\\Route->runController()
#18 D:\\Proyek 3\\sidora_dosen\\devOps\\vendor\\laravel\\framework\\src\\Illuminate\\Routing\\Router.php(822): Illuminate\\Routing\\Route->run()
#19 D:\\Proyek 3\\sidora_dosen\\devOps\\vendor\\laravel\\framework\\src\\Illuminate\\Pipeline\\Pipeline.php(180): Illuminate\\Routing\\Router->Illuminate\\Routing\\{closure}(Object(Illuminate\\Http\\Request))
#20 D:\\Proyek 3\\sidora_dosen\\devOps\\app\\Http\\Middleware\\CheckRole.php(34): Illuminate\\Pipeline\\Pipeline->Illuminate\\Pipeline\\{closure}(Object(Illuminate\\Http\\Request))
#21 D:\\Proyek 3\\sidora_dosen\\devOps\\vendor\\laravel\\framework\\src\\Illuminate\\Pipeline\\Pipeline.php(219): App\\Http\\Middleware\\CheckRole->handle(Object(Illuminate\\Http\\Request), Object(Closure), 'dosen')
#22 D:\\Proyek 3\\sidora_dosen\\devOps\\vendor\\laravel\\framework\\src\\Illuminate\\Foundation\\Http\\Middleware\\VerifyCsrfToken.php(87): Illuminate\\Pipeline\\Pipeline->Illuminate\\Pipeline\\{closure}(Object(Illuminate\\Http\\Request))
#23 D:\\Proyek 3\\sidora_dosen\\devOps\\vendor\\laravel\\framework\\src\\Illuminate\\Pipeline\\Pipeline.php(219): Illuminate\\Foundation\\Http\\Middleware\\VerifyCsrfToken->handle(Object(Illuminate\\Http\\Request), Object(Closure))
#24 D:\\Proyek 3\\sidora_dosen\\devOps\\vendor\\laravel\\framework\\src\\Illuminate\\Routing\\Middleware\\SubstituteBindings.php(50): Illuminate\\Pipeline\\Pipeline->Illuminate\\Pipeline\\{closure}(Object(Illuminate\\Http\\Request))
#25 D:\\Proyek 3\\sidora_dosen\\devOps\\vendor\\laravel\\framework\\src\\Illuminate\\Pipeline\\Pipeline.php(219): Illuminate\\Routing\\Middleware\\SubstituteBindings->handle(Object(Illuminate\\Http\\Request), Object(Closure))
#26 D:\\Proyek 3\\sidora_dosen\\devOps\\vendor\\laravel\\framework\\src\\Illuminate\\Session\\Middleware\\AuthenticateSession.php(66): Illuminate\\Pipeline\\Pipeline->Illuminate\\Pipeline\\{closure}(Object(Illuminate\\Http\\Request))
#27 D:\\Proyek 3\\sidora_dosen\\devOps\\vendor\\laravel\\framework\\src\\Illuminate\\Pipeline\\Pipeline.php(219): Illuminate\\Session\\Middleware\\AuthenticateSession->handle(Object(Illuminate\\Http\\Request), Object(Closure))
#28 D:\\Proyek 3\\sidora_dosen\\devOps\\vendor\\laravel\\framework\\src\\Illuminate\\Auth\\Middleware\\Authenticate.php(63): Illuminate\\Pipeline\\Pipeline->Illuminate\\Pipeline\\{closure}(Object(Illuminate\\Http\\Request))
#29 D:\\Proyek 3\\sidora_dosen\\devOps\\vendor\\laravel\\framework\\src\\Illuminate\\Pipeline\\Pipeline.php(219): Illuminate\\Auth\\Middleware\\Authenticate->handle(Object(Illuminate\\Http\\Request), Object(Closure))
#30 D:\\Proyek 3\\sidora_dosen\\devOps\\vendor\\laravel\\framework\\src\\Illuminate\\Foundation\\Http\\Middleware\\VerifyCsrfToken.php(87): Illuminate\\Pipeline\\Pipeline->Illuminate\\Pipeline\\{closure}(Object(Illuminate\\Http\\Request))
#31 D:\\Proyek 3\\sidora_dosen\\devOps\\vendor\\laravel\\framework\\src\\Illuminate\\Pipeline\\Pipeline.php(219): Illuminate\\Foundation\\Http\\Middleware\\VerifyCsrfToken->handle(Object(Illuminate\\Http\\Request), Object(Closure))
#32 D:\\Proyek 3\\sidora_dosen\\devOps\\vendor\\laravel\\framework\\src\\Illuminate\\View\\Middleware\\ShareErrorsFromSession.php(48): Illuminate\\Pipeline\\Pipeline->Illuminate\\Pipeline\\{closure}(Object(Illuminate\\Http\\Request))
#33 D:\\Proyek 3\\sidora_dosen\\devOps\\vendor\\laravel\\framework\\src\\Illuminate\\Pipeline\\Pipeline.php(219): Illuminate\\View\\Middleware\\ShareErrorsFromSession->handle(Object(Illuminate\\Http\\Request), Object(Closure))
#34 D:\\Proyek 3\\sidora_dosen\\devOps\\vendor\\laravel\\framework\\src\\Illuminate\\Session\\Middleware\\StartSession.php(120): Illuminate\\Pipeline\\Pipeline->Illuminate\\Pipeline\\{closure}(Object(Illuminate\\Http\\Request))
#35 D:\\Proyek 3\\sidora_dosen\\devOps\\vendor\\laravel\\framework\\src\\Illuminate\\Session\\Middleware\\StartSession.php(63): Illuminate\\Session\\Middleware\\StartSession->handleStatefulRequest(Object(Illuminate\\Http\\Request), Object(Illuminate\\Session\\Store), Object(Closure))
#36 D:\\Proyek 3\\sidora_dosen\\devOps\\vendor\\laravel\\framework\\src\\Illuminate\\Pipeline\\Pipeline.php(219): Illuminate\\Session\\Middleware\\StartSession->handle(Object(Illuminate\\Http\\Request), Object(Closure))
#37 D:\\Proyek 3\\sidora_dosen\\devOps\\vendor\\laravel\\framework\\src\\Illuminate\\Cookie\\Middleware\\AddQueuedCookiesToResponse.php(36): Illuminate\\Pipeline\\Pipeline->Illuminate\\Pipeline\\{closure}(Object(Illuminate\\Http\\Request))
#38 D:\\Proyek 3\\sidora_dosen\\devOps\\vendor\\laravel\\framework\\src\\Illuminate\\Pipeline\\Pipeline.php(219): Illuminate\\Cookie\\Middleware\\AddQueuedCookiesToResponse->handle(Object(Illuminate\\Http\\Request), Object(Closure))
#39 D:\\Proyek 3\\sidora_dosen\\devOps\\vendor\\laravel\\framework\\src\\Illuminate\\Cookie\\Middleware\\EncryptCookies.php(74): Illuminate\\Pipeline\\Pipeline->Illuminate\\Pipeline\\{closure}(Object(Illuminate\\Http\\Request))
#40 D:\\Proyek 3\\sidora_dosen\\devOps\\vendor\\laravel\\framework\\src\\Illuminate\\Pipeline\\Pipeline.php(219): Illuminate\\Cookie\\Middleware\\EncryptCookies->handle(Object(Illuminate\\Http\\Request), Object(Closure))
#41 D:\\Proyek 3\\sidora_dosen\\devOps\\vendor\\laravel\\framework\\src\\Illuminate\\Pipeline\\Pipeline.php(137): Illuminate\\Pipeline\\Pipeline->Illuminate\\Pipeline\\{closure}(Object(Illuminate\\Http\\Request))
#42 D:\\Proyek 3\\sidora_dosen\\devOps\\vendor\\laravel\\framework\\src\\Illuminate\\Routing\\Router.php(821): Illuminate\\Pipeline\\Pipeline->then(Object(Closure))
#43 D:\\Proyek 3\\sidora_dosen\\devOps\\vendor\\laravel\\framework\\src\\Illuminate\\Routing\\Router.php(800): Illuminate\\Routing\\Router->runRouteWithinStack(Object(Illuminate\\Routing\\Route), Object(Illuminate\\Http\\Request))
#44 D:\\Proyek 3\\sidora_dosen\\devOps\\vendor\\laravel\\framework\\src\\Illuminate\\Routing\\Router.php(764): Illuminate\\Routing\\Router->runRoute(Object(Illuminate\\Http\\Request), Object(Illuminate\\Routing\\Route))
#45 D:\\Proyek 3\\sidora_dosen\\devOps\\vendor\\laravel\\framework\\src\\Illuminate\\Routing\\Router.php(753): Illuminate\\Routing\\Router->dispatchToRoute(Object(Illuminate\\Http\\Request))
#46 D:\\Proyek 3\\sidora_dosen\\devOps\\vendor\\laravel\\framework\\src\\Illuminate\\Foundation\\Http\\Kernel.php(200): Illuminate\\Routing\\Router->dispatch(Object(Illuminate\\Http\\Request))
#47 D:\\Proyek 3\\sidora_dosen\\devOps\\vendor\\laravel\\framework\\src\\Illuminate\\Pipeline\\Pipeline.php(180): Illuminate\\Foundation\\Http\\Kernel->Illuminate\\Foundation\\Http\\{closure}(Object(Illuminate\\Http\\Request))
#48 D:\\Proyek 3\\sidora_dosen\\devOps\\vendor\\laravel\\framework\\src\\Illuminate\\Foundation\\Http\\Middleware\\TransformsRequest.php(21): Illuminate\\Pipeline\\Pipeline->Illuminate\\Pipeline\\{closure}(Object(Illuminate\\Http\\Request))
#49 D:\\Proyek 3\\sidora_dosen\\devOps\\vendor\\laravel\\framework\\src\\Illuminate\\Foundation\\Http\\Middleware\\ConvertEmptyStringsToNull.php(31): Illuminate\\Foundation\\Http\\Middleware\\TransformsRequest->handle(Object(Illuminate\\Http\\Request), Object(Closure))
#50 D:\\Proyek 3\\sidora_dosen\\devOps\\vendor\\laravel\\framework\\src\\Illuminate\\Pipeline\\Pipeline.php(219): Illuminate\\Foundation\\Http\\Middleware\\ConvertEmptyStringsToNull->handle(Object(Illuminate\\Http\\Request), Object(Closure))
#51 D:\\Proyek 3\\sidora_dosen\\devOps\\vendor\\laravel\\framework\\src\\Illuminate\\Foundation\\Http\\Middleware\\TransformsRequest.php(21): Illuminate\\Pipeline\\Pipeline->Illuminate\\Pipeline\\{closure}(Object(Illuminate\\Http\\Request))
#52 D:\\Proyek 3\\sidora_dosen\\devOps\\vendor\\laravel\\framework\\src\\Illuminate\\Foundation\\Http\\Middleware\\TrimStrings.php(51): Illuminate\\Foundation\\Http\\Middleware\\TransformsRequest->handle(Object(Illuminate\\Http\\Request), Object(Closure))
#53 D:\\Proyek 3\\sidora_dosen\\devOps\\vendor\\laravel\\framework\\src\\Illuminate\\Pipeline\\Pipeline.php(219): Illuminate\\Foundation\\Http\\Middleware\\TrimStrings->handle(Object(Illuminate\\Http\\Request), Object(Closure))
#54 D:\\Proyek 3\\sidora_dosen\\devOps\\vendor\\laravel\\framework\\src\\Illuminate\\Http\\Middleware\\ValidatePostSize.php(27): Illuminate\\Pipeline\\Pipeline->Illuminate\\Pipeline\\{closure}(Object(Illuminate\\Http\\Request))
#55 D:\\Proyek 3\\sidora_dosen\\devOps\\vendor\\laravel\\framework\\src\\Illuminate\\Pipeline\\Pipeline.php(219): Illuminate\\Http\\Middleware\\ValidatePostSize->handle(Object(Illuminate\\Http\\Request), Object(Closure))
#56 D:\\Proyek 3\\sidora_dosen\\devOps\\vendor\\laravel\\framework\\src\\Illuminate\\Foundation\\Http\\Middleware\\PreventRequestsDuringMaintenance.php(109): Illuminate\\Pipeline\\Pipeline->Illuminate\\Pipeline\\{closure}(Object(Illuminate\\Http\\Request))
#57 D:\\Proyek 3\\sidora_dosen\\devOps\\vendor\\laravel\\framework\\src\\Illuminate\\Pipeline\\Pipeline.php(219): Illuminate\\Foundation\\Http\\Middleware\\PreventRequestsDuringMaintenance->handle(Object(Illuminate\\Http\\Request), Object(Closure))
#58 D:\\Proyek 3\\sidora_dosen\\devOps\\vendor\\laravel\\framework\\src\\Illuminate\\Http\\Middleware\\HandleCors.php(48): Illuminate\\Pipeline\\Pipeline->Illuminate\\Pipeline\\{closure}(Object(Illuminate\\Http\\Request))
#59 D:\\Proyek 3\\sidora_dosen\\devOps\\vendor\\laravel\\framework\\src\\Illuminate\\Pipeline\\Pipeline.php(219): Illuminate\\Http\\Middleware\\HandleCors->handle(Object(Illuminate\\Http\\Request), Object(Closure))
#60 D:\\Proyek 3\\sidora_dosen\\devOps\\vendor\\laravel\\framework\\src\\Illuminate\\Http\\Middleware\\TrustProxies.php(58): Illuminate\\Pipeline\\Pipeline->Illuminate\\Pipeline\\{closure}(Object(Illuminate\\Http\\Request))
#61 D:\\Proyek 3\\sidora_dosen\\devOps\\vendor\\laravel\\framework\\src\\Illuminate\\Pipeline\\Pipeline.php(219): Illuminate\\Http\\Middleware\\TrustProxies->handle(Object(Illuminate\\Http\\Request), Object(Closure))
#62 D:\\Proyek 3\\sidora_dosen\\devOps\\vendor\\laravel\\framework\\src\\Illuminate\\Foundation\\Http\\Middleware\\InvokeDeferredCallbacks.php(22): Illuminate\\Pipeline\\Pipeline->Illuminate\\Pipeline\\{closure}(Object(Illuminate\\Http\\Request))
#63 D:\\Proyek 3\\sidora_dosen\\devOps\\vendor\\laravel\\framework\\src\\Illuminate\\Pipeline\\Pipeline.php(219): Illuminate\\Foundation\\Http\\Middleware\\InvokeDeferredCallbacks->handle(Object(Illuminate\\Http\\Request), Object(Closure))
#64 D:\\Proyek 3\\sidora_dosen\\devOps\\vendor\\laravel\\framework\\src\\Illuminate\\Http\\Middleware\\ValidatePathEncoding.php(26): Illuminate\\Pipeline\\Pipeline->Illuminate\\Pipeline\\{closure}(Object(Illuminate\\Http\\Request))
#65 D:\\Proyek 3\\sidora_dosen\\devOps\\vendor\\laravel\\framework\\src\\Illuminate\\Pipeline\\Pipeline.php(219): Illuminate\\Http\\Middleware\\ValidatePathEncoding->handle(Object(Illuminate\\Http\\Request), Object(Closure))
#66 D:\\Proyek 3\\sidora_dosen\\devOps\\vendor\\laravel\\framework\\src\\Illuminate\\Pipeline\\Pipeline.php(137): Illuminate\\Pipeline\\Pipeline->Illuminate\\Pipeline\\{closure}(Object(Illuminate\\Http\\Request))
#67 D:\\Proyek 3\\sidora_dosen\\devOps\\vendor\\laravel\\framework\\src\\Illuminate\\Foundation\\Http\\Kernel.php(175): Illuminate\\Pipeline\\Pipeline->then(Object(Closure))
#68 D:\\Proyek 3\\sidora_dosen\\devOps\\vendor\\laravel\\framework\\src\\Illuminate\\Foundation\\Http\\Kernel.php(144): Illuminate\\Foundation\\Http\\Kernel->sendRequestThroughRouter(Object(Illuminate\\Http\\Request))
#69 D:\\Proyek 3\\sidora_dosen\\devOps\\vendor\\laravel\\framework\\src\\Illuminate\\Foundation\\Application.php(1220): Illuminate\\Foundation\\Http\\Kernel->handle(Object(Illuminate\\Http\\Request))
#70 D:\\Proyek 3\\sidora_dosen\\devOps\\public\\index.php(20): Illuminate\\Foundation\\Application->handleRequest(Object(Illuminate\\Http\\Request))
#71 D:\\Proyek 3\\sidora_dosen\\devOps\\vendor\\laravel\\framework\\src\\Illuminate\\Foundation\\resources\\server.php(23): require_once('D:\\\\Proyek 3\\\\sid...')
#72 {main}

[previous exception] [object] (PDOException(code: 42P01): SQLSTATE[42P01]: Undefined table: 7 ERROR:  relation \"profil_dosen\" does not exist
LINE 1: select * from \"profil_dosen\" where \"profil_dosen\".\"id_user\" ...
                      ^ at D:\\Proyek 3\\sidora_dosen\\devOps\\vendor\\laravel\\framework\\src\\Illuminate\\Database\\Connection.php:411)
[stacktrace]
#0 D:\\Proyek 3\\sidora_dosen\\devOps\\vendor\\laravel\\framework\\src\\Illuminate\\Database\\Connection.php(411): PDOStatement->execute()
#1 D:\\Proyek 3\\sidora_dosen\\devOps\\vendor\\laravel\\framework\\src\\Illuminate\\Database\\Connection.php(811): Illuminate\\Database\\Connection->Illuminate\\Database\\{closure}('select * from \"...', Array)
#2 D:\\Proyek 3\\sidora_dosen\\devOps\\vendor\\laravel\\framework\\src\\Illuminate\\Database\\Connection.php(778): Illuminate\\Database\\Connection->runQueryCallback('select * from \"...', Array, Object(Closure))
#3 D:\\Proyek 3\\sidora_dosen\\devOps\\vendor\\laravel\\framework\\src\\Illuminate\\Database\\Connection.php(397): Illuminate\\Database\\Connection->run('select * from \"...', Array, Object(Closure))
#4 D:\\Proyek 3\\sidora_dosen\\devOps\\vendor\\laravel\\framework\\src\\Illuminate\\Database\\Query\\Builder.php(3188): Illuminate\\Database\\Connection->select('select * from \"...', Array, true)
#5 D:\\Proyek 3\\sidora_dosen\\devOps\\vendor\\laravel\\framework\\src\\Illuminate\\Database\\Query\\Builder.php(3173): Illuminate\\Database\\Query\\Builder->runSelect()
#6 D:\\Proyek 3\\sidora_dosen\\devOps\\vendor\\laravel\\framework\\src\\Illuminate\\Database\\Query\\Builder.php(3763): Illuminate\\Database\\Query\\Builder->Illuminate\\Database\\Query\\{closure}()
#7 D:\\Proyek 3\\sidora_dosen\\devOps\\vendor\\laravel\\framework\\src\\Illuminate\\Database\\Query\\Builder.php(3172): Illuminate\\Database\\Query\\Builder->onceWithColumns(Array, Object(Closure))
#8 D:\\Proyek 3\\sidora_dosen\\devOps\\vendor\\laravel\\framework\\src\\Illuminate\\Database\\Eloquent\\Builder.php(902): Illuminate\\Database\\Query\\Builder->get(Array)
#9 D:\\Proyek 3\\sidora_dosen\\devOps\\vendor\\laravel\\framework\\src\\Illuminate\\Database\\Eloquent\\Builder.php(884): Illuminate\\Database\\Eloquent\\Builder->getModels(Array)
#10 D:\\Proyek 3\\sidora_dosen\\devOps\\vendor\\laravel\\framework\\src\\Illuminate\\Database\\Concerns\\BuildsQueries.php(366): Illuminate\\Database\\Eloquent\\Builder->get(Array)
#11 D:\\Proyek 3\\sidora_dosen\\devOps\\vendor\\laravel\\framework\\src\\Illuminate\\Database\\Eloquent\\Relations\\HasOne.php(31): Illuminate\\Database\\Eloquent\\Builder->first()
#12 D:\\Proyek 3\\sidora_dosen\\devOps\\vendor\\laravel\\framework\\src\\Illuminate\\Database\\Eloquent\\Concerns\\HasAttributes.php(635): Illuminate\\Database\\Eloquent\\Relations\\HasOne->getResults()
#13 D:\\Proyek 3\\sidora_dosen\\devOps\\vendor\\laravel\\framework\\src\\Illuminate\\Database\\Eloquent\\Concerns\\HasAttributes.php(573): Illuminate\\Database\\Eloquent\\Model->getRelationshipFromMethod('profilDosen')
#14 D:\\Proyek 3\\sidora_dosen\\devOps\\vendor\\laravel\\framework\\src\\Illuminate\\Database\\Eloquent\\Concerns\\HasAttributes.php(494): Illuminate\\Database\\Eloquent\\Model->getRelationValue('profilDosen')
#15 D:\\Proyek 3\\sidora_dosen\\devOps\\vendor\\laravel\\framework\\src\\Illuminate\\Database\\Eloquent\\Model.php(2423): Illuminate\\Database\\Eloquent\\Model->getAttribute('profilDosen')
#16 D:\\Proyek 3\\sidora_dosen\\devOps\\app\\Http\\Controllers\\Dosen\\PortofolioController.php(28): Illuminate\\Database\\Eloquent\\Model->__get('profilDosen')
#17 D:\\Proyek 3\\sidora_dosen\\devOps\\vendor\\laravel\\framework\\src\\Illuminate\\Routing\\ControllerDispatcher.php(46): App\\Http\\Controllers\\Dosen\\PortofolioController->index()
#18 D:\\Proyek 3\\sidora_dosen\\devOps\\vendor\\laravel\\framework\\src\\Illuminate\\Routing\\Route.php(265): Illuminate\\Routing\\ControllerDispatcher->dispatch(Object(Illuminate\\Routing\\Route), Object(App\\Http\\Controllers\\Dosen\\PortofolioController), 'index')
#19 D:\\Proyek 3\\sidora_dosen\\devOps\\vendor\\laravel\\framework\\src\\Illuminate\\Routing\\Route.php(211): Illuminate\\Routing\\Route->runController()
#20 D:\\Proyek 3\\sidora_dosen\\devOps\\vendor\\laravel\\framework\\src\\Illuminate\\Routing\\Router.php(822): Illuminate\\Routing\\Route->run()
#21 D:\\Proyek 3\\sidora_dosen\\devOps\\vendor\\laravel\\framework\\src\\Illuminate\\Pipeline\\Pipeline.php(180): Illuminate\\Routing\\Router->Illuminate\\Routing\\{closure}(Object(Illuminate\\Http\\Request))
#22 D:\\Proyek 3\\sidora_dosen\\devOps\\app\\Http\\Middleware\\CheckRole.php(34): Illuminate\\Pipeline\\Pipeline->Illuminate\\Pipeline\\{closure}(Object(Illuminate\\Http\\Request))
#23 D:\\Proyek 3\\sidora_dosen\\devOps\\vendor\\laravel\\framework\\src\\Illuminate\\Pipeline\\Pipeline.php(219): App\\Http\\Middleware\\CheckRole->handle(Object(Illuminate\\Http\\Request), Object(Closure), 'dosen')
#24 D:\\Proyek 3\\sidora_dosen\\devOps\\vendor\\laravel\\framework\\src\\Illuminate\\Foundation\\Http\\Middleware\\VerifyCsrfToken.php(87): Illuminate\\Pipeline\\Pipeline->Illuminate\\Pipeline\\{closure}(Object(Illuminate\\Http\\Request))
#25 D:\\Proyek 3\\sidora_dosen\\devOps\\vendor\\laravel\\framework\\src\\Illuminate\\Pipeline\\Pipeline.php(219): Illuminate\\Foundation\\Http\\Middleware\\VerifyCsrfToken->handle(Object(Illuminate\\Http\\Request), Object(Closure))
#26 D:\\Proyek 3\\sidora_dosen\\devOps\\vendor\\laravel\\framework\\src\\Illuminate\\Routing\\Middleware\\SubstituteBindings.php(50): Illuminate\\Pipeline\\Pipeline->Illuminate\\Pipeline\\{closure}(Object(Illuminate\\Http\\Request))
#27 D:\\Proyek 3\\sidora_dosen\\devOps\\vendor\\laravel\\framework\\src\\Illuminate\\Pipeline\\Pipeline.php(219): Illuminate\\Routing\\Middleware\\SubstituteBindings->handle(Object(Illuminate\\Http\\Request), Object(Closure))
#28 D:\\Proyek 3\\sidora_dosen\\devOps\\vendor\\laravel\\framework\\src\\Illuminate\\Session\\Middleware\\AuthenticateSession.php(66): Illuminate\\Pipeline\\Pipeline->Illuminate\\Pipeline\\{closure}(Object(Illuminate\\Http\\Request))
#29 D:\\Proyek 3\\sidora_dosen\\devOps\\vendor\\laravel\\framework\\src\\Illuminate\\Pipeline\\Pipeline.php(219): Illuminate\\Session\\Middleware\\AuthenticateSession->handle(Object(Illuminate\\Http\\Request), Object(Closure))
#30 D:\\Proyek 3\\sidora_dosen\\devOps\\vendor\\laravel\\framework\\src\\Illuminate\\Auth\\Middleware\\Authenticate.php(63): Illuminate\\Pipeline\\Pipeline->Illuminate\\Pipeline\\{closure}(Object(Illuminate\\Http\\Request))
#31 D:\\Proyek 3\\sidora_dosen\\devOps\\vendor\\laravel\\framework\\src\\Illuminate\\Pipeline\\Pipeline.php(219): Illuminate\\Auth\\Middleware\\Authenticate->handle(Object(Illuminate\\Http\\Request), Object(Closure))
#32 D:\\Proyek 3\\sidora_dosen\\devOps\\vendor\\laravel\\framework\\src\\Illuminate\\Foundation\\Http\\Middleware\\VerifyCsrfToken.php(87): Illuminate\\Pipeline\\Pipeline->Illuminate\\Pipeline\\{closure}(Object(Illuminate\\Http\\Request))
#33 D:\\Proyek 3\\sidora_dosen\\devOps\\vendor\\laravel\\framework\\src\\Illuminate\\Pipeline\\Pipeline.php(219): Illuminate\\Foundation\\Http\\Middleware\\VerifyCsrfToken->handle(Object(Illuminate\\Http\\Request), Object(Closure))
#34 D:\\Proyek 3\\sidora_dosen\\devOps\\vendor\\laravel\\framework\\src\\Illuminate\\View\\Middleware\\ShareErrorsFromSession.php(48): Illuminate\\Pipeline\\Pipeline->Illuminate\\Pipeline\\{closure}(Object(Illuminate\\Http\\Request))
#35 D:\\Proyek 3\\sidora_dosen\\devOps\\vendor\\laravel\\framework\\src\\Illuminate\\Pipeline\\Pipeline.php(219): Illuminate\\View\\Middleware\\ShareErrorsFromSession->handle(Object(Illuminate\\Http\\Request), Object(Closure))
#36 D:\\Proyek 3\\sidora_dosen\\devOps\\vendor\\laravel\\framework\\src\\Illuminate\\Session\\Middleware\\StartSession.php(120): Illuminate\\Pipeline\\Pipeline->Illuminate\\Pipeline\\{closure}(Object(Illuminate\\Http\\Request))
#37 D:\\Proyek 3\\sidora_dosen\\devOps\\vendor\\laravel\\framework\\src\\Illuminate\\Session\\Middleware\\StartSession.php(63): Illuminate\\Session\\Middleware\\StartSession->handleStatefulRequest(Object(Illuminate\\Http\\Request), Object(Illuminate\\Session\\Store), Object(Closure))
#38 D:\\Proyek 3\\sidora_dosen\\devOps\\vendor\\laravel\\framework\\src\\Illuminate\\Pipeline\\Pipeline.php(219): Illuminate\\Session\\Middleware\\StartSession->handle(Object(Illuminate\\Http\\Request), Object(Closure))
#39 D:\\Proyek 3\\sidora_dosen\\devOps\\vendor\\laravel\\framework\\src\\Illuminate\\Cookie\\Middleware\\AddQueuedCookiesToResponse.php(36): Illuminate\\Pipeline\\Pipeline->Illuminate\\Pipeline\\{closure}(Object(Illuminate\\Http\\Request))
#40 D:\\Proyek 3\\sidora_dosen\\devOps\\vendor\\laravel\\framework\\src\\Illuminate\\Pipeline\\Pipeline.php(219): Illuminate\\Cookie\\Middleware\\AddQueuedCookiesToResponse->handle(Object(Illuminate\\Http\\Request), Object(Closure))
#41 D:\\Proyek 3\\sidora_dosen\\devOps\\vendor\\laravel\\framework\\src\\Illuminate\\Cookie\\Middleware\\EncryptCookies.php(74): Illuminate\\Pipeline\\Pipeline->Illuminate\\Pipeline\\{closure}(Object(Illuminate\\Http\\Request))
#42 D:\\Proyek 3\\sidora_dosen\\devOps\\vendor\\laravel\\framework\\src\\Illuminate\\Pipeline\\Pipeline.php(219): Illuminate\\Cookie\\Middleware\\EncryptCookies->handle(Object(Illuminate\\Http\\Request), Object(Closure))
#43 D:\\Proyek 3\\sidora_dosen\\devOps\\vendor\\laravel\\framework\\src\\Illuminate\\Pipeline\\Pipeline.php(137): Illuminate\\Pipeline\\Pipeline->Illuminate\\Pipeline\\{closure}(Object(Illuminate\\Http\\Request))
#44 D:\\Proyek 3\\sidora_dosen\\devOps\\vendor\\laravel\\framework\\src\\Illuminate\\Routing\\Router.php(821): Illuminate\\Pipeline\\Pipeline->then(Object(Closure))
#45 D:\\Proyek 3\\sidora_dosen\\devOps\\vendor\\laravel\\framework\\src\\Illuminate\\Routing\\Router.php(800): Illuminate\\Routing\\Router->runRouteWithinStack(Object(Illuminate\\Routing\\Route), Object(Illuminate\\Http\\Request))
#46 D:\\Proyek 3\\sidora_dosen\\devOps\\vendor\\laravel\\framework\\src\\Illuminate\\Routing\\Router.php(764): Illuminate\\Routing\\Router->runRoute(Object(Illuminate\\Http\\Request), Object(Illuminate\\Routing\\Route))
#47 D:\\Proyek 3\\sidora_dosen\\devOps\\vendor\\laravel\\framework\\src\\Illuminate\\Routing\\Router.php(753): Illuminate\\Routing\\Router->dispatchToRoute(Object(Illuminate\\Http\\Request))
#48 D:\\Proyek 3\\sidora_dosen\\devOps\\vendor\\laravel\\framework\\src\\Illuminate\\Foundation\\Http\\Kernel.php(200): Illuminate\\Routing\\Router->dispatch(Object(Illuminate\\Http\\Request))
#49 D:\\Proyek 3\\sidora_dosen\\devOps\\vendor\\laravel\\framework\\src\\Illuminate\\Pipeline\\Pipeline.php(180): Illuminate\\Foundation\\Http\\Kernel->Illuminate\\Foundation\\Http\\{closure}(Object(Illuminate\\Http\\Request))
#50 D:\\Proyek 3\\sidora_dosen\\devOps\\vendor\\laravel\\framework\\src\\Illuminate\\Foundation\\Http\\Middleware\\TransformsRequest.php(21): Illuminate\\Pipeline\\Pipeline->Illuminate\\Pipeline\\{closure}(Object(Illuminate\\Http\\Request))
#51 D:\\Proyek 3\\sidora_dosen\\devOps\\vendor\\laravel\\framework\\src\\Illuminate\\Foundation\\Http\\Middleware\\ConvertEmptyStringsToNull.php(31): Illuminate\\Foundation\\Http\\Middleware\\TransformsRequest->handle(Object(Illuminate\\Http\\Request), Object(Closure))
#52 D:\\Proyek 3\\sidora_dosen\\devOps\\vendor\\laravel\\framework\\src\\Illuminate\\Pipeline\\Pipeline.php(219): Illuminate\\Foundation\\Http\\Middleware\\ConvertEmptyStringsToNull->handle(Object(Illuminate\\Http\\Request), Object(Closure))
#53 D:\\Proyek 3\\sidora_dosen\\devOps\\vendor\\laravel\\framework\\src\\Illuminate\\Foundation\\Http\\Middleware\\TransformsRequest.php(21): Illuminate\\Pipeline\\Pipeline->Illuminate\\Pipeline\\{closure}(Object(Illuminate\\Http\\Request))
#54 D:\\Proyek 3\\sidora_dosen\\devOps\\vendor\\laravel\\framework\\src\\Illuminate\\Foundation\\Http\\Middleware\\TrimStrings.php(51): Illuminate\\Foundation\\Http\\Middleware\\TransformsRequest->handle(Object(Illuminate\\Http\\Request), Object(Closure))
#55 D:\\Proyek 3\\sidora_dosen\\devOps\\vendor\\laravel\\framework\\src\\Illuminate\\Pipeline\\Pipeline.php(219): Illuminate\\Foundation\\Http\\Middleware\\TrimStrings->handle(Object(Illuminate\\Http\\Request), Object(Closure))
#56 D:\\Proyek 3\\sidora_dosen\\devOps\\vendor\\laravel\\framework\\src\\Illuminate\\Http\\Middleware\\ValidatePostSize.php(27): Illuminate\\Pipeline\\Pipeline->Illuminate\\Pipeline\\{closure}(Object(Illuminate\\Http\\Request))
#57 D:\\Proyek 3\\sidora_dosen\\devOps\\vendor\\laravel\\framework\\src\\Illuminate\\Pipeline\\Pipeline.php(219): Illuminate\\Http\\Middleware\\ValidatePostSize->handle(Object(Illuminate\\Http\\Request), Object(Closure))
#58 D:\\Proyek 3\\sidora_dosen\\devOps\\vendor\\laravel\\framework\\src\\Illuminate\\Foundation\\Http\\Middleware\\PreventRequestsDuringMaintenance.php(109): Illuminate\\Pipeline\\Pipeline->Illuminate\\Pipeline\\{closure}(Object(Illuminate\\Http\\Request))
#59 D:\\Proyek 3\\sidora_dosen\\devOps\\vendor\\laravel\\framework\\src\\Illuminate\\Pipeline\\Pipeline.php(219): Illuminate\\Foundation\\Http\\Middleware\\PreventRequestsDuringMaintenance->handle(Object(Illuminate\\Http\\Request), Object(Closure))
#60 D:\\Proyek 3\\sidora_dosen\\devOps\\vendor\\laravel\\framework\\src\\Illuminate\\Http\\Middleware\\HandleCors.php(48): Illuminate\\Pipeline\\Pipeline->Illuminate\\Pipeline\\{closure}(Object(Illuminate\\Http\\Request))
#61 D:\\Proyek 3\\sidora_dosen\\devOps\\vendor\\laravel\\framework\\src\\Illuminate\\Pipeline\\Pipeline.php(219): Illuminate\\Http\\Middleware\\HandleCors->handle(Object(Illuminate\\Http\\Request), Object(Closure))
#62 D:\\Proyek 3\\sidora_dosen\\devOps\\vendor\\laravel\\framework\\src\\Illuminate\\Http\\Middleware\\TrustProxies.php(58): Illuminate\\Pipeline\\Pipeline->Illuminate\\Pipeline\\{closure}(Object(Illuminate\\Http\\Request))
#63 D:\\Proyek 3\\sidora_dosen\\devOps\\vendor\\laravel\\framework\\src\\Illuminate\\Pipeline\\Pipeline.php(219): Illuminate\\Http\\Middleware\\TrustProxies->handle(Object(Illuminate\\Http\\Request), Object(Closure))
#64 D:\\Proyek 3\\sidora_dosen\\devOps\\vendor\\laravel\\framework\\src\\Illuminate\\Foundation\\Http\\Middleware\\InvokeDeferredCallbacks.php(22): Illuminate\\Pipeline\\Pipeline->Illuminate\\Pipeline\\{closure}(Object(Illuminate\\Http\\Request))
#65 D:\\Proyek 3\\sidora_dosen\\devOps\\vendor\\laravel\\framework\\src\\Illuminate\\Pipeline\\Pipeline.php(219): Illuminate\\Foundation\\Http\\Middleware\\InvokeDeferredCallbacks->handle(Object(Illuminate\\Http\\Request), Object(Closure))
#66 D:\\Proyek 3\\sidora_dosen\\devOps\\vendor\\laravel\\framework\\src\\Illuminate\\Http\\Middleware\\ValidatePathEncoding.php(26): Illuminate\\Pipeline\\Pipeline->Illuminate\\Pipeline\\{closure}(Object(Illuminate\\Http\\Request))
#67 D:\\Proyek 3\\sidora_dosen\\devOps\\vendor\\laravel\\framework\\src\\Illuminate\\Pipeline\\Pipeline.php(219): Illuminate\\Http\\Middleware\\ValidatePathEncoding->handle(Object(Illuminate\\Http\\Request), Object(Closure))
#68 D:\\Proyek 3\\sidora_dosen\\devOps\\vendor\\laravel\\framework\\src\\Illuminate\\Pipeline\\Pipeline.php(137): Illuminate\\Pipeline\\Pipeline->Illuminate\\Pipeline\\{closure}(Object(Illuminate\\Http\\Request))
#69 D:\\Proyek 3\\sidora_dosen\\devOps\\vendor\\laravel\\framework\\src\\Illuminate\\Foundation\\Http\\Kernel.php(175): Illuminate\\Pipeline\\Pipeline->then(Object(Closure))
#70 D:\\Proyek 3\\sidora_dosen\\devOps\\vendor\\laravel\\framework\\src\\Illuminate\\Foundation\\Http\\Kernel.php(144): Illuminate\\Foundation\\Http\\Kernel->sendRequestThroughRouter(Object(Illuminate\\Http\\Request))
#71 D:\\Proyek 3\\sidora_dosen\\devOps\\vendor\\laravel\\framework\\src\\Illuminate\\Foundation\\Application.php(1220): Illuminate\\Foundation\\Http\\Kernel->handle(Object(Illuminate\\Http\\Request))
#72 D:\\Proyek 3\\sidora_dosen\\devOps\\public\\index.php(20): Illuminate\\Foundation\\Application->handleRequest(Object(Illuminate\\Http\\Request))
#73 D:\\Proyek 3\\sidora_dosen\\devOps\\vendor\\laravel\\framework\\src\\Illuminate\\Foundation\\resources\\server.php(23): require_once('D:\\\\Proyek 3\\\\sid...')
#74 {main}
"} 
[2025-11-26 10:44:43] local.ERROR: SQLSTATE[42P01]: Undefined table: 7 ERROR:  relation "profil_dosen" does not exist
LINE 1: select * from "profil_dosen" where "profil_dosen"."id_user" ...
                      ^ (Connection: pgsql, SQL: select * from "profil_dosen" where "profil_dosen"."id_user" = 9 and "profil_dosen"."id_user" is not null limit 1) {"userId":9,"exception":"[object] (Illuminate\\Database\\QueryException(code: 42P01): SQLSTATE[42P01]: Undefined table: 7 ERROR:  relation \"profil_dosen\" does not exist
LINE 1: select * from \"profil_dosen\" where \"profil_dosen\".\"id_user\" ...
                      ^ (Connection: pgsql, SQL: select * from \"profil_dosen\" where \"profil_dosen\".\"id_user\" = 9 and \"profil_dosen\".\"id_user\" is not null limit 1) at D:\\Proyek 3\\sidora_dosen\\devOps\\vendor\\laravel\\framework\\src\\Illuminate\\Database\\Connection.php:824)
[stacktrace]
#0 D:\\Proyek 3\\sidora_dosen\\devOps\\vendor\\laravel\\framework\\src\\Illuminate\\Database\\Connection.php(778): Illuminate\\Database\\Connection->runQueryCallback('select * from \"...', Array, Object(Closure))
#1 D:\\Proyek 3\\sidora_dosen\\devOps\\vendor\\laravel\\framework\\src\\Illuminate\\Database\\Connection.php(397): Illuminate\\Database\\Connection->run('select * from \"...', Array, Object(Closure))
#2 D:\\Proyek 3\\sidora_dosen\\devOps\\vendor\\laravel\\framework\\src\\Illuminate\\Database\\Query\\Builder.php(3188): Illuminate\\Database\\Connection->select('select * from \"...', Array, true)
#3 D:\\Proyek 3\\sidora_dosen\\devOps\\vendor\\laravel\\framework\\src\\Illuminate\\Database\\Query\\Builder.php(3173): Illuminate\\Database\\Query\\Builder->runSelect()
#4 D:\\Proyek 3\\sidora_dosen\\devOps\\vendor\\laravel\\framework\\src\\Illuminate\\Database\\Query\\Builder.php(3763): Illuminate\\Database\\Query\\Builder->Illuminate\\Database\\Query\\{closure}()
#5 D:\\Proyek 3\\sidora_dosen\\devOps\\vendor\\laravel\\framework\\src\\Illuminate\\Database\\Query\\Builder.php(3172): Illuminate\\Database\\Query\\Builder->onceWithColumns(Array, Object(Closure))
#6 D:\\Proyek 3\\sidora_dosen\\devOps\\vendor\\laravel\\framework\\src\\Illuminate\\Database\\Eloquent\\Builder.php(902): Illuminate\\Database\\Query\\Builder->get(Array)
#7 D:\\Proyek 3\\sidora_dosen\\devOps\\vendor\\laravel\\framework\\src\\Illuminate\\Database\\Eloquent\\Builder.php(884): Illuminate\\Database\\Eloquent\\Builder->getModels(Array)
#8 D:\\Proyek 3\\sidora_dosen\\devOps\\vendor\\laravel\\framework\\src\\Illuminate\\Database\\Concerns\\BuildsQueries.php(366): Illuminate\\Database\\Eloquent\\Builder->get(Array)
#9 D:\\Proyek 3\\sidora_dosen\\devOps\\vendor\\laravel\\framework\\src\\Illuminate\\Database\\Eloquent\\Relations\\HasOne.php(31): Illuminate\\Database\\Eloquent\\Builder->first()
#10 D:\\Proyek 3\\sidora_dosen\\devOps\\vendor\\laravel\\framework\\src\\Illuminate\\Database\\Eloquent\\Concerns\\HasAttributes.php(635): Illuminate\\Database\\Eloquent\\Relations\\HasOne->getResults()
#11 D:\\Proyek 3\\sidora_dosen\\devOps\\vendor\\laravel\\framework\\src\\Illuminate\\Database\\Eloquent\\Concerns\\HasAttributes.php(573): Illuminate\\Database\\Eloquent\\Model->getRelationshipFromMethod('profilDosen')
#12 D:\\Proyek 3\\sidora_dosen\\devOps\\vendor\\laravel\\framework\\src\\Illuminate\\Database\\Eloquent\\Concerns\\HasAttributes.php(494): Illuminate\\Database\\Eloquent\\Model->getRelationValue('profilDosen')
#13 D:\\Proyek 3\\sidora_dosen\\devOps\\vendor\\laravel\\framework\\src\\Illuminate\\Database\\Eloquent\\Model.php(2423): Illuminate\\Database\\Eloquent\\Model->getAttribute('profilDosen')
#14 D:\\Proyek 3\\sidora_dosen\\devOps\\app\\Http\\Controllers\\Dosen\\PortofolioController.php(28): Illuminate\\Database\\Eloquent\\Model->__get('profilDosen')
#15 D:\\Proyek 3\\sidora_dosen\\devOps\\vendor\\laravel\\framework\\src\\Illuminate\\Routing\\ControllerDispatcher.php(46): App\\Http\\Controllers\\Dosen\\PortofolioController->index()
#16 D:\\Proyek 3\\sidora_dosen\\devOps\\vendor\\laravel\\framework\\src\\Illuminate\\Routing\\Route.php(265): Illuminate\\Routing\\ControllerDispatcher->dispatch(Object(Illuminate\\Routing\\Route), Object(App\\Http\\Controllers\\Dosen\\PortofolioController), 'index')
#17 D:\\Proyek 3\\sidora_dosen\\devOps\\vendor\\laravel\\framework\\src\\Illuminate\\Routing\\Route.php(211): Illuminate\\Routing\\Route->runController()
#18 D:\\Proyek 3\\sidora_dosen\\devOps\\vendor\\laravel\\framework\\src\\Illuminate\\Routing\\Router.php(822): Illuminate\\Routing\\Route->run()
#19 D:\\Proyek 3\\sidora_dosen\\devOps\\vendor\\laravel\\framework\\src\\Illuminate\\Pipeline\\Pipeline.php(180): Illuminate\\Routing\\Router->Illuminate\\Routing\\{closure}(Object(Illuminate\\Http\\Request))
#20 D:\\Proyek 3\\sidora_dosen\\devOps\\app\\Http\\Middleware\\CheckRole.php(34): Illuminate\\Pipeline\\Pipeline->Illuminate\\Pipeline\\{closure}(Object(Illuminate\\Http\\Request))
#21 D:\\Proyek 3\\sidora_dosen\\devOps\\vendor\\laravel\\framework\\src\\Illuminate\\Pipeline\\Pipeline.php(219): App\\Http\\Middleware\\CheckRole->handle(Object(Illuminate\\Http\\Request), Object(Closure), 'dosen')
#22 D:\\Proyek 3\\sidora_dosen\\devOps\\vendor\\laravel\\framework\\src\\Illuminate\\Foundation\\Http\\Middleware\\VerifyCsrfToken.php(87): Illuminate\\Pipeline\\Pipeline->Illuminate\\Pipeline\\{closure}(Object(Illuminate\\Http\\Request))
#23 D:\\Proyek 3\\sidora_dosen\\devOps\\vendor\\laravel\\framework\\src\\Illuminate\\Pipeline\\Pipeline.php(219): Illuminate\\Foundation\\Http\\Middleware\\VerifyCsrfToken->handle(Object(Illuminate\\Http\\Request), Object(Closure))
#24 D:\\Proyek 3\\sidora_dosen\\devOps\\vendor\\laravel\\framework\\src\\Illuminate\\Routing\\Middleware\\SubstituteBindings.php(50): Illuminate\\Pipeline\\Pipeline->Illuminate\\Pipeline\\{closure}(Object(Illuminate\\Http\\Request))
#25 D:\\Proyek 3\\sidora_dosen\\devOps\\vendor\\laravel\\framework\\src\\Illuminate\\Pipeline\\Pipeline.php(219): Illuminate\\Routing\\Middleware\\SubstituteBindings->handle(Object(Illuminate\\Http\\Request), Object(Closure))
#26 D:\\Proyek 3\\sidora_dosen\\devOps\\vendor\\laravel\\framework\\src\\Illuminate\\Session\\Middleware\\AuthenticateSession.php(66): Illuminate\\Pipeline\\Pipeline->Illuminate\\Pipeline\\{closure}(Object(Illuminate\\Http\\Request))
#27 D:\\Proyek 3\\sidora_dosen\\devOps\\vendor\\laravel\\framework\\src\\Illuminate\\Pipeline\\Pipeline.php(219): Illuminate\\Session\\Middleware\\AuthenticateSession->handle(Object(Illuminate\\Http\\Request), Object(Closure))
#28 D:\\Proyek 3\\sidora_dosen\\devOps\\vendor\\laravel\\framework\\src\\Illuminate\\Auth\\Middleware\\Authenticate.php(63): Illuminate\\Pipeline\\Pipeline->Illuminate\\Pipeline\\{closure}(Object(Illuminate\\Http\\Request))
#29 D:\\Proyek 3\\sidora_dosen\\devOps\\vendor\\laravel\\framework\\src\\Illuminate\\Pipeline\\Pipeline.php(219): Illuminate\\Auth\\Middleware\\Authenticate->handle(Object(Illuminate\\Http\\Request), Object(Closure))
#30 D:\\Proyek 3\\sidora_dosen\\devOps\\vendor\\laravel\\framework\\src\\Illuminate\\Foundation\\Http\\Middleware\\VerifyCsrfToken.php(87): Illuminate\\Pipeline\\Pipeline->Illuminate\\Pipeline\\{closure}(Object(Illuminate\\Http\\Request))
#31 D:\\Proyek 3\\sidora_dosen\\devOps\\vendor\\laravel\\framework\\src\\Illuminate\\Pipeline\\Pipeline.php(219): Illuminate\\Foundation\\Http\\Middleware\\VerifyCsrfToken->handle(Object(Illuminate\\Http\\Request), Object(Closure))
#32 D:\\Proyek 3\\sidora_dosen\\devOps\\vendor\\laravel\\framework\\src\\Illuminate\\View\\Middleware\\ShareErrorsFromSession.php(48): Illuminate\\Pipeline\\Pipeline->Illuminate\\Pipeline\\{closure}(Object(Illuminate\\Http\\Request))
#33 D:\\Proyek 3\\sidora_dosen\\devOps\\vendor\\laravel\\framework\\src\\Illuminate\\Pipeline\\Pipeline.php(219): Illuminate\\View\\Middleware\\ShareErrorsFromSession->handle(Object(Illuminate\\Http\\Request), Object(Closure))
#34 D:\\Proyek 3\\sidora_dosen\\devOps\\vendor\\laravel\\framework\\src\\Illuminate\\Session\\Middleware\\StartSession.php(120): Illuminate\\Pipeline\\Pipeline->Illuminate\\Pipeline\\{closure}(Object(Illuminate\\Http\\Request))
#35 D:\\Proyek 3\\sidora_dosen\\devOps\\vendor\\laravel\\framework\\src\\Illuminate\\Session\\Middleware\\StartSession.php(63): Illuminate\\Session\\Middleware\\StartSession->handleStatefulRequest(Object(Illuminate\\Http\\Request), Object(Illuminate\\Session\\Store), Object(Closure))
#36 D:\\Proyek 3\\sidora_dosen\\devOps\\vendor\\laravel\\framework\\src\\Illuminate\\Pipeline\\Pipeline.php(219): Illuminate\\Session\\Middleware\\StartSession->handle(Object(Illuminate\\Http\\Request), Object(Closure))
#37 D:\\Proyek 3\\sidora_dosen\\devOps\\vendor\\laravel\\framework\\src\\Illuminate\\Cookie\\Middleware\\AddQueuedCookiesToResponse.php(36): Illuminate\\Pipeline\\Pipeline->Illuminate\\Pipeline\\{closure}(Object(Illuminate\\Http\\Request))
#38 D:\\Proyek 3\\sidora_dosen\\devOps\\vendor\\laravel\\framework\\src\\Illuminate\\Pipeline\\Pipeline.php(219): Illuminate\\Cookie\\Middleware\\AddQueuedCookiesToResponse->handle(Object(Illuminate\\Http\\Request), Object(Closure))
#39 D:\\Proyek 3\\sidora_dosen\\devOps\\vendor\\laravel\\framework\\src\\Illuminate\\Cookie\\Middleware\\EncryptCookies.php(74): Illuminate\\Pipeline\\Pipeline->Illuminate\\Pipeline\\{closure}(Object(Illuminate\\Http\\Request))
#40 D:\\Proyek 3\\sidora_dosen\\devOps\\vendor\\laravel\\framework\\src\\Illuminate\\Pipeline\\Pipeline.php(219): Illuminate\\Cookie\\Middleware\\EncryptCookies->handle(Object(Illuminate\\Http\\Request), Object(Closure))
#41 D:\\Proyek 3\\sidora_dosen\\devOps\\vendor\\laravel\\framework\\src\\Illuminate\\Pipeline\\Pipeline.php(137): Illuminate\\Pipeline\\Pipeline->Illuminate\\Pipeline\\{closure}(Object(Illuminate\\Http\\Request))
#42 D:\\Proyek 3\\sidora_dosen\\devOps\\vendor\\laravel\\framework\\src\\Illuminate\\Routing\\Router.php(821): Illuminate\\Pipeline\\Pipeline->then(Object(Closure))
#43 D:\\Proyek 3\\sidora_dosen\\devOps\\vendor\\laravel\\framework\\src\\Illuminate\\Routing\\Router.php(800): Illuminate\\Routing\\Router->runRouteWithinStack(Object(Illuminate\\Routing\\Route), Object(Illuminate\\Http\\Request))
#44 D:\\Proyek 3\\sidora_dosen\\devOps\\vendor\\laravel\\framework\\src\\Illuminate\\Routing\\Router.php(764): Illuminate\\Routing\\Router->runRoute(Object(Illuminate\\Http\\Request), Object(Illuminate\\Routing\\Route))
#45 D:\\Proyek 3\\sidora_dosen\\devOps\\vendor\\laravel\\framework\\src\\Illuminate\\Routing\\Router.php(753): Illuminate\\Routing\\Router->dispatchToRoute(Object(Illuminate\\Http\\Request))
#46 D:\\Proyek 3\\sidora_dosen\\devOps\\vendor\\laravel\\framework\\src\\Illuminate\\Foundation\\Http\\Kernel.php(200): Illuminate\\Routing\\Router->dispatch(Object(Illuminate\\Http\\Request))
#47 D:\\Proyek 3\\sidora_dosen\\devOps\\vendor\\laravel\\framework\\src\\Illuminate\\Pipeline\\Pipeline.php(180): Illuminate\\Foundation\\Http\\Kernel->Illuminate\\Foundation\\Http\\{closure}(Object(Illuminate\\Http\\Request))
#48 D:\\Proyek 3\\sidora_dosen\\devOps\\vendor\\laravel\\framework\\src\\Illuminate\\Foundation\\Http\\Middleware\\TransformsRequest.php(21): Illuminate\\Pipeline\\Pipeline->Illuminate\\Pipeline\\{closure}(Object(Illuminate\\Http\\Request))
#49 D:\\Proyek 3\\sidora_dosen\\devOps\\vendor\\laravel\\framework\\src\\Illuminate\\Foundation\\Http\\Middleware\\ConvertEmptyStringsToNull.php(31): Illuminate\\Foundation\\Http\\Middleware\\TransformsRequest->handle(Object(Illuminate\\Http\\Request), Object(Closure))
#50 D:\\Proyek 3\\sidora_dosen\\devOps\\vendor\\laravel\\framework\\src\\Illuminate\\Pipeline\\Pipeline.php(219): Illuminate\\Foundation\\Http\\Middleware\\ConvertEmptyStringsToNull->handle(Object(Illuminate\\Http\\Request), Object(Closure))
#51 D:\\Proyek 3\\sidora_dosen\\devOps\\vendor\\laravel\\framework\\src\\Illuminate\\Foundation\\Http\\Middleware\\TransformsRequest.php(21): Illuminate\\Pipeline\\Pipeline->Illuminate\\Pipeline\\{closure}(Object(Illuminate\\Http\\Request))
#52 D:\\Proyek 3\\sidora_dosen\\devOps\\vendor\\laravel\\framework\\src\\Illuminate\\Foundation\\Http\\Middleware\\TrimStrings.php(51): Illuminate\\Foundation\\Http\\Middleware\\TransformsRequest->handle(Object(Illuminate\\Http\\Request), Object(Closure))
#53 D:\\Proyek 3\\sidora_dosen\\devOps\\vendor\\laravel\\framework\\src\\Illuminate\\Pipeline\\Pipeline.php(219): Illuminate\\Foundation\\Http\\Middleware\\TrimStrings->handle(Object(Illuminate\\Http\\Request), Object(Closure))
#54 D:\\Proyek 3\\sidora_dosen\\devOps\\vendor\\laravel\\framework\\src\\Illuminate\\Http\\Middleware\\ValidatePostSize.php(27): Illuminate\\Pipeline\\Pipeline->Illuminate\\Pipeline\\{closure}(Object(Illuminate\\Http\\Request))
#55 D:\\Proyek 3\\sidora_dosen\\devOps\\vendor\\laravel\\framework\\src\\Illuminate\\Pipeline\\Pipeline.php(219): Illuminate\\Http\\Middleware\\ValidatePostSize->handle(Object(Illuminate\\Http\\Request), Object(Closure))
#56 D:\\Proyek 3\\sidora_dosen\\devOps\\vendor\\laravel\\framework\\src\\Illuminate\\Foundation\\Http\\Middleware\\PreventRequestsDuringMaintenance.php(109): Illuminate\\Pipeline\\Pipeline->Illuminate\\Pipeline\\{closure}(Object(Illuminate\\Http\\Request))
#57 D:\\Proyek 3\\sidora_dosen\\devOps\\vendor\\laravel\\framework\\src\\Illuminate\\Pipeline\\Pipeline.php(219): Illuminate\\Foundation\\Http\\Middleware\\PreventRequestsDuringMaintenance->handle(Object(Illuminate\\Http\\Request), Object(Closure))
#58 D:\\Proyek 3\\sidora_dosen\\devOps\\vendor\\laravel\\framework\\src\\Illuminate\\Http\\Middleware\\HandleCors.php(48): Illuminate\\Pipeline\\Pipeline->Illuminate\\Pipeline\\{closure}(Object(Illuminate\\Http\\Request))
#59 D:\\Proyek 3\\sidora_dosen\\devOps\\vendor\\laravel\\framework\\src\\Illuminate\\Pipeline\\Pipeline.php(219): Illuminate\\Http\\Middleware\\HandleCors->handle(Object(Illuminate\\Http\\Request), Object(Closure))
#60 D:\\Proyek 3\\sidora_dosen\\devOps\\vendor\\laravel\\framework\\src\\Illuminate\\Http\\Middleware\\TrustProxies.php(58): Illuminate\\Pipeline\\Pipeline->Illuminate\\Pipeline\\{closure}(Object(Illuminate\\Http\\Request))
#61 D:\\Proyek 3\\sidora_dosen\\devOps\\vendor\\laravel\\framework\\src\\Illuminate\\Pipeline\\Pipeline.php(219): Illuminate\\Http\\Middleware\\TrustProxies->handle(Object(Illuminate\\Http\\Request), Object(Closure))
#62 D:\\Proyek 3\\sidora_dosen\\devOps\\vendor\\laravel\\framework\\src\\Illuminate\\Foundation\\Http\\Middleware\\InvokeDeferredCallbacks.php(22): Illuminate\\Pipeline\\Pipeline->Illuminate\\Pipeline\\{closure}(Object(Illuminate\\Http\\Request))
#63 D:\\Proyek 3\\sidora_dosen\\devOps\\vendor\\laravel\\framework\\src\\Illuminate\\Pipeline\\Pipeline.php(219): Illuminate\\Foundation\\Http\\Middleware\\InvokeDeferredCallbacks->handle(Object(Illuminate\\Http\\Request), Object(Closure))
#64 D:\\Proyek 3\\sidora_dosen\\devOps\\vendor\\laravel\\framework\\src\\Illuminate\\Http\\Middleware\\ValidatePathEncoding.php(26): Illuminate\\Pipeline\\Pipeline->Illuminate\\Pipeline\\{closure}(Object(Illuminate\\Http\\Request))
#65 D:\\Proyek 3\\sidora_dosen\\devOps\\vendor\\laravel\\framework\\src\\Illuminate\\Pipeline\\Pipeline.php(219): Illuminate\\Http\\Middleware\\ValidatePathEncoding->handle(Object(Illuminate\\Http\\Request), Object(Closure))
#66 D:\\Proyek 3\\sidora_dosen\\devOps\\vendor\\laravel\\framework\\src\\Illuminate\\Pipeline\\Pipeline.php(137): Illuminate\\Pipeline\\Pipeline->Illuminate\\Pipeline\\{closure}(Object(Illuminate\\Http\\Request))
#67 D:\\Proyek 3\\sidora_dosen\\devOps\\vendor\\laravel\\framework\\src\\Illuminate\\Foundation\\Http\\Kernel.php(175): Illuminate\\Pipeline\\Pipeline->then(Object(Closure))
#68 D:\\Proyek 3\\sidora_dosen\\devOps\\vendor\\laravel\\framework\\src\\Illuminate\\Foundation\\Http\\Kernel.php(144): Illuminate\\Foundation\\Http\\Kernel->sendRequestThroughRouter(Object(Illuminate\\Http\\Request))
#69 D:\\Proyek 3\\sidora_dosen\\devOps\\vendor\\laravel\\framework\\src\\Illuminate\\Foundation\\Application.php(1220): Illuminate\\Foundation\\Http\\Kernel->handle(Object(Illuminate\\Http\\Request))
#70 D:\\Proyek 3\\sidora_dosen\\devOps\\public\\index.php(20): Illuminate\\Foundation\\Application->handleRequest(Object(Illuminate\\Http\\Request))
#71 D:\\Proyek 3\\sidora_dosen\\devOps\\vendor\\laravel\\framework\\src\\Illuminate\\Foundation\\resources\\server.php(23): require_once('D:\\\\Proyek 3\\\\sid...')
#72 {main}

[previous exception] [object] (PDOException(code: 42P01): SQLSTATE[42P01]: Undefined table: 7 ERROR:  relation \"profil_dosen\" does not exist
LINE 1: select * from \"profil_dosen\" where \"profil_dosen\".\"id_user\" ...
                      ^ at D:\\Proyek 3\\sidora_dosen\\devOps\\vendor\\laravel\\framework\\src\\Illuminate\\Database\\Connection.php:411)
[stacktrace]
#0 D:\\Proyek 3\\sidora_dosen\\devOps\\vendor\\laravel\\framework\\src\\Illuminate\\Database\\Connection.php(411): PDOStatement->execute()
#1 D:\\Proyek 3\\sidora_dosen\\devOps\\vendor\\laravel\\framework\\src\\Illuminate\\Database\\Connection.php(811): Illuminate\\Database\\Connection->Illuminate\\Database\\{closure}('select * from \"...', Array)
#2 D:\\Proyek 3\\sidora_dosen\\devOps\\vendor\\laravel\\framework\\src\\Illuminate\\Database\\Connection.php(778): Illuminate\\Database\\Connection->runQueryCallback('select * from \"...', Array, Object(Closure))
#3 D:\\Proyek 3\\sidora_dosen\\devOps\\vendor\\laravel\\framework\\src\\Illuminate\\Database\\Connection.php(397): Illuminate\\Database\\Connection->run('select * from \"...', Array, Object(Closure))
#4 D:\\Proyek 3\\sidora_dosen\\devOps\\vendor\\laravel\\framework\\src\\Illuminate\\Database\\Query\\Builder.php(3188): Illuminate\\Database\\Connection->select('select * from \"...', Array, true)
#5 D:\\Proyek 3\\sidora_dosen\\devOps\\vendor\\laravel\\framework\\src\\Illuminate\\Database\\Query\\Builder.php(3173): Illuminate\\Database\\Query\\Builder->runSelect()
#6 D:\\Proyek 3\\sidora_dosen\\devOps\\vendor\\laravel\\framework\\src\\Illuminate\\Database\\Query\\Builder.php(3763): Illuminate\\Database\\Query\\Builder->Illuminate\\Database\\Query\\{closure}()
#7 D:\\Proyek 3\\sidora_dosen\\devOps\\vendor\\laravel\\framework\\src\\Illuminate\\Database\\Query\\Builder.php(3172): Illuminate\\Database\\Query\\Builder->onceWithColumns(Array, Object(Closure))
#8 D:\\Proyek 3\\sidora_dosen\\devOps\\vendor\\laravel\\framework\\src\\Illuminate\\Database\\Eloquent\\Builder.php(902): Illuminate\\Database\\Query\\Builder->get(Array)
#9 D:\\Proyek 3\\sidora_dosen\\devOps\\vendor\\laravel\\framework\\src\\Illuminate\\Database\\Eloquent\\Builder.php(884): Illuminate\\Database\\Eloquent\\Builder->getModels(Array)
#10 D:\\Proyek 3\\sidora_dosen\\devOps\\vendor\\laravel\\framework\\src\\Illuminate\\Database\\Concerns\\BuildsQueries.php(366): Illuminate\\Database\\Eloquent\\Builder->get(Array)
#11 D:\\Proyek 3\\sidora_dosen\\devOps\\vendor\\laravel\\framework\\src\\Illuminate\\Database\\Eloquent\\Relations\\HasOne.php(31): Illuminate\\Database\\Eloquent\\Builder->first()
#12 D:\\Proyek 3\\sidora_dosen\\devOps\\vendor\\laravel\\framework\\src\\Illuminate\\Database\\Eloquent\\Concerns\\HasAttributes.php(635): Illuminate\\Database\\Eloquent\\Relations\\HasOne->getResults()
#13 D:\\Proyek 3\\sidora_dosen\\devOps\\vendor\\laravel\\framework\\src\\Illuminate\\Database\\Eloquent\\Concerns\\HasAttributes.php(573): Illuminate\\Database\\Eloquent\\Model->getRelationshipFromMethod('profilDosen')
#14 D:\\Proyek 3\\sidora_dosen\\devOps\\vendor\\laravel\\framework\\src\\Illuminate\\Database\\Eloquent\\Concerns\\HasAttributes.php(494): Illuminate\\Database\\Eloquent\\Model->getRelationValue('profilDosen')
#15 D:\\Proyek 3\\sidora_dosen\\devOps\\vendor\\laravel\\framework\\src\\Illuminate\\Database\\Eloquent\\Model.php(2423): Illuminate\\Database\\Eloquent\\Model->getAttribute('profilDosen')
#16 D:\\Proyek 3\\sidora_dosen\\devOps\\app\\Http\\Controllers\\Dosen\\PortofolioController.php(28): Illuminate\\Database\\Eloquent\\Model->__get('profilDosen')
#17 D:\\Proyek 3\\sidora_dosen\\devOps\\vendor\\laravel\\framework\\src\\Illuminate\\Routing\\ControllerDispatcher.php(46): App\\Http\\Controllers\\Dosen\\PortofolioController->index()
#18 D:\\Proyek 3\\sidora_dosen\\devOps\\vendor\\laravel\\framework\\src\\Illuminate\\Routing\\Route.php(265): Illuminate\\Routing\\ControllerDispatcher->dispatch(Object(Illuminate\\Routing\\Route), Object(App\\Http\\Controllers\\Dosen\\PortofolioController), 'index')
#19 D:\\Proyek 3\\sidora_dosen\\devOps\\vendor\\laravel\\framework\\src\\Illuminate\\Routing\\Route.php(211): Illuminate\\Routing\\Route->runController()
#20 D:\\Proyek 3\\sidora_dosen\\devOps\\vendor\\laravel\\framework\\src\\Illuminate\\Routing\\Router.php(822): Illuminate\\Routing\\Route->run()
#21 D:\\Proyek 3\\sidora_dosen\\devOps\\vendor\\laravel\\framework\\src\\Illuminate\\Pipeline\\Pipeline.php(180): Illuminate\\Routing\\Router->Illuminate\\Routing\\{closure}(Object(Illuminate\\Http\\Request))
#22 D:\\Proyek 3\\sidora_dosen\\devOps\\app\\Http\\Middleware\\CheckRole.php(34): Illuminate\\Pipeline\\Pipeline->Illuminate\\Pipeline\\{closure}(Object(Illuminate\\Http\\Request))
#23 D:\\Proyek 3\\sidora_dosen\\devOps\\vendor\\laravel\\framework\\src\\Illuminate\\Pipeline\\Pipeline.php(219): App\\Http\\Middleware\\CheckRole->handle(Object(Illuminate\\Http\\Request), Object(Closure), 'dosen')
#24 D:\\Proyek 3\\sidora_dosen\\devOps\\vendor\\laravel\\framework\\src\\Illuminate\\Foundation\\Http\\Middleware\\VerifyCsrfToken.php(87): Illuminate\\Pipeline\\Pipeline->Illuminate\\Pipeline\\{closure}(Object(Illuminate\\Http\\Request))
#25 D:\\Proyek 3\\sidora_dosen\\devOps\\vendor\\laravel\\framework\\src\\Illuminate\\Pipeline\\Pipeline.php(219): Illuminate\\Foundation\\Http\\Middleware\\VerifyCsrfToken->handle(Object(Illuminate\\Http\\Request), Object(Closure))
#26 D:\\Proyek 3\\sidora_dosen\\devOps\\vendor\\laravel\\framework\\src\\Illuminate\\Routing\\Middleware\\SubstituteBindings.php(50): Illuminate\\Pipeline\\Pipeline->Illuminate\\Pipeline\\{closure}(Object(Illuminate\\Http\\Request))
#27 D:\\Proyek 3\\sidora_dosen\\devOps\\vendor\\laravel\\framework\\src\\Illuminate\\Pipeline\\Pipeline.php(219): Illuminate\\Routing\\Middleware\\SubstituteBindings->handle(Object(Illuminate\\Http\\Request), Object(Closure))
#28 D:\\Proyek 3\\sidora_dosen\\devOps\\vendor\\laravel\\framework\\src\\Illuminate\\Session\\Middleware\\AuthenticateSession.php(66): Illuminate\\Pipeline\\Pipeline->Illuminate\\Pipeline\\{closure}(Object(Illuminate\\Http\\Request))
#29 D:\\Proyek 3\\sidora_dosen\\devOps\\vendor\\laravel\\framework\\src\\Illuminate\\Pipeline\\Pipeline.php(219): Illuminate\\Session\\Middleware\\AuthenticateSession->handle(Object(Illuminate\\Http\\Request), Object(Closure))
#30 D:\\Proyek 3\\sidora_dosen\\devOps\\vendor\\laravel\\framework\\src\\Illuminate\\Auth\\Middleware\\Authenticate.php(63): Illuminate\\Pipeline\\Pipeline->Illuminate\\Pipeline\\{closure}(Object(Illuminate\\Http\\Request))
#31 D:\\Proyek 3\\sidora_dosen\\devOps\\vendor\\laravel\\framework\\src\\Illuminate\\Pipeline\\Pipeline.php(219): Illuminate\\Auth\\Middleware\\Authenticate->handle(Object(Illuminate\\Http\\Request), Object(Closure))
#32 D:\\Proyek 3\\sidora_dosen\\devOps\\vendor\\laravel\\framework\\src\\Illuminate\\Foundation\\Http\\Middleware\\VerifyCsrfToken.php(87): Illuminate\\Pipeline\\Pipeline->Illuminate\\Pipeline\\{closure}(Object(Illuminate\\Http\\Request))
#33 D:\\Proyek 3\\sidora_dosen\\devOps\\vendor\\laravel\\framework\\src\\Illuminate\\Pipeline\\Pipeline.php(219): Illuminate\\Foundation\\Http\\Middleware\\VerifyCsrfToken->handle(Object(Illuminate\\Http\\Request), Object(Closure))
#34 D:\\Proyek 3\\sidora_dosen\\devOps\\vendor\\laravel\\framework\\src\\Illuminate\\View\\Middleware\\ShareErrorsFromSession.php(48): Illuminate\\Pipeline\\Pipeline->Illuminate\\Pipeline\\{closure}(Object(Illuminate\\Http\\Request))
#35 D:\\Proyek 3\\sidora_dosen\\devOps\\vendor\\laravel\\framework\\src\\Illuminate\\Pipeline\\Pipeline.php(219): Illuminate\\View\\Middleware\\ShareErrorsFromSession->handle(Object(Illuminate\\Http\\Request), Object(Closure))
#36 D:\\Proyek 3\\sidora_dosen\\devOps\\vendor\\laravel\\framework\\src\\Illuminate\\Session\\Middleware\\StartSession.php(120): Illuminate\\Pipeline\\Pipeline->Illuminate\\Pipeline\\{closure}(Object(Illuminate\\Http\\Request))
#37 D:\\Proyek 3\\sidora_dosen\\devOps\\vendor\\laravel\\framework\\src\\Illuminate\\Session\\Middleware\\StartSession.php(63): Illuminate\\Session\\Middleware\\StartSession->handleStatefulRequest(Object(Illuminate\\Http\\Request), Object(Illuminate\\Session\\Store), Object(Closure))
#38 D:\\Proyek 3\\sidora_dosen\\devOps\\vendor\\laravel\\framework\\src\\Illuminate\\Pipeline\\Pipeline.php(219): Illuminate\\Session\\Middleware\\StartSession->handle(Object(Illuminate\\Http\\Request), Object(Closure))
#39 D:\\Proyek 3\\sidora_dosen\\devOps\\vendor\\laravel\\framework\\src\\Illuminate\\Cookie\\Middleware\\AddQueuedCookiesToResponse.php(36): Illuminate\\Pipeline\\Pipeline->Illuminate\\Pipeline\\{closure}(Object(Illuminate\\Http\\Request))
#40 D:\\Proyek 3\\sidora_dosen\\devOps\\vendor\\laravel\\framework\\src\\Illuminate\\Pipeline\\Pipeline.php(219): Illuminate\\Cookie\\Middleware\\AddQueuedCookiesToResponse->handle(Object(Illuminate\\Http\\Request), Object(Closure))
#41 D:\\Proyek 3\\sidora_dosen\\devOps\\vendor\\laravel\\framework\\src\\Illuminate\\Cookie\\Middleware\\EncryptCookies.php(74): Illuminate\\Pipeline\\Pipeline->Illuminate\\Pipeline\\{closure}(Object(Illuminate\\Http\\Request))
#42 D:\\Proyek 3\\sidora_dosen\\devOps\\vendor\\laravel\\framework\\src\\Illuminate\\Pipeline\\Pipeline.php(219): Illuminate\\Cookie\\Middleware\\EncryptCookies->handle(Object(Illuminate\\Http\\Request), Object(Closure))
#43 D:\\Proyek 3\\sidora_dosen\\devOps\\vendor\\laravel\\framework\\src\\Illuminate\\Pipeline\\Pipeline.php(137): Illuminate\\Pipeline\\Pipeline->Illuminate\\Pipeline\\{closure}(Object(Illuminate\\Http\\Request))
#44 D:\\Proyek 3\\sidora_dosen\\devOps\\vendor\\laravel\\framework\\src\\Illuminate\\Routing\\Router.php(821): Illuminate\\Pipeline\\Pipeline->then(Object(Closure))
#45 D:\\Proyek 3\\sidora_dosen\\devOps\\vendor\\laravel\\framework\\src\\Illuminate\\Routing\\Router.php(800): Illuminate\\Routing\\Router->runRouteWithinStack(Object(Illuminate\\Routing\\Route), Object(Illuminate\\Http\\Request))
#46 D:\\Proyek 3\\sidora_dosen\\devOps\\vendor\\laravel\\framework\\src\\Illuminate\\Routing\\Router.php(764): Illuminate\\Routing\\Router->runRoute(Object(Illuminate\\Http\\Request), Object(Illuminate\\Routing\\Route))
#47 D:\\Proyek 3\\sidora_dosen\\devOps\\vendor\\laravel\\framework\\src\\Illuminate\\Routing\\Router.php(753): Illuminate\\Routing\\Router->dispatchToRoute(Object(Illuminate\\Http\\Request))
#48 D:\\Proyek 3\\sidora_dosen\\devOps\\vendor\\laravel\\framework\\src\\Illuminate\\Foundation\\Http\\Kernel.php(200): Illuminate\\Routing\\Router->dispatch(Object(Illuminate\\Http\\Request))
#49 D:\\Proyek 3\\sidora_dosen\\devOps\\vendor\\laravel\\framework\\src\\Illuminate\\Pipeline\\Pipeline.php(180): Illuminate\\Foundation\\Http\\Kernel->Illuminate\\Foundation\\Http\\{closure}(Object(Illuminate\\Http\\Request))
#50 D:\\Proyek 3\\sidora_dosen\\devOps\\vendor\\laravel\\framework\\src\\Illuminate\\Foundation\\Http\\Middleware\\TransformsRequest.php(21): Illuminate\\Pipeline\\Pipeline->Illuminate\\Pipeline\\{closure}(Object(Illuminate\\Http\\Request))
#51 D:\\Proyek 3\\sidora_dosen\\devOps\\vendor\\laravel\\framework\\src\\Illuminate\\Foundation\\Http\\Middleware\\ConvertEmptyStringsToNull.php(31): Illuminate\\Foundation\\Http\\Middleware\\TransformsRequest->handle(Object(Illuminate\\Http\\Request), Object(Closure))
#52 D:\\Proyek 3\\sidora_dosen\\devOps\\vendor\\laravel\\framework\\src\\Illuminate\\Pipeline\\Pipeline.php(219): Illuminate\\Foundation\\Http\\Middleware\\ConvertEmptyStringsToNull->handle(Object(Illuminate\\Http\\Request), Object(Closure))
#53 D:\\Proyek 3\\sidora_dosen\\devOps\\vendor\\laravel\\framework\\src\\Illuminate\\Foundation\\Http\\Middleware\\TransformsRequest.php(21): Illuminate\\Pipeline\\Pipeline->Illuminate\\Pipeline\\{closure}(Object(Illuminate\\Http\\Request))
#54 D:\\Proyek 3\\sidora_dosen\\devOps\\vendor\\laravel\\framework\\src\\Illuminate\\Foundation\\Http\\Middleware\\TrimStrings.php(51): Illuminate\\Foundation\\Http\\Middleware\\TransformsRequest->handle(Object(Illuminate\\Http\\Request), Object(Closure))
#55 D:\\Proyek 3\\sidora_dosen\\devOps\\vendor\\laravel\\framework\\src\\Illuminate\\Pipeline\\Pipeline.php(219): Illuminate\\Foundation\\Http\\Middleware\\TrimStrings->handle(Object(Illuminate\\Http\\Request), Object(Closure))
#56 D:\\Proyek 3\\sidora_dosen\\devOps\\vendor\\laravel\\framework\\src\\Illuminate\\Http\\Middleware\\ValidatePostSize.php(27): Illuminate\\Pipeline\\Pipeline->Illuminate\\Pipeline\\{closure}(Object(Illuminate\\Http\\Request))
#57 D:\\Proyek 3\\sidora_dosen\\devOps\\vendor\\laravel\\framework\\src\\Illuminate\\Pipeline\\Pipeline.php(219): Illuminate\\Http\\Middleware\\ValidatePostSize->handle(Object(Illuminate\\Http\\Request), Object(Closure))
#58 D:\\Proyek 3\\sidora_dosen\\devOps\\vendor\\laravel\\framework\\src\\Illuminate\\Foundation\\Http\\Middleware\\PreventRequestsDuringMaintenance.php(109): Illuminate\\Pipeline\\Pipeline->Illuminate\\Pipeline\\{closure}(Object(Illuminate\\Http\\Request))
#59 D:\\Proyek 3\\sidora_dosen\\devOps\\vendor\\laravel\\framework\\src\\Illuminate\\Pipeline\\Pipeline.php(219): Illuminate\\Foundation\\Http\\Middleware\\PreventRequestsDuringMaintenance->handle(Object(Illuminate\\Http\\Request), Object(Closure))
#60 D:\\Proyek 3\\sidora_dosen\\devOps\\vendor\\laravel\\framework\\src\\Illuminate\\Http\\Middleware\\HandleCors.php(48): Illuminate\\Pipeline\\Pipeline->Illuminate\\Pipeline\\{closure}(Object(Illuminate\\Http\\Request))
#61 D:\\Proyek 3\\sidora_dosen\\devOps\\vendor\\laravel\\framework\\src\\Illuminate\\Pipeline\\Pipeline.php(219): Illuminate\\Http\\Middleware\\HandleCors->handle(Object(Illuminate\\Http\\Request), Object(Closure))
#62 D:\\Proyek 3\\sidora_dosen\\devOps\\vendor\\laravel\\framework\\src\\Illuminate\\Http\\Middleware\\TrustProxies.php(58): Illuminate\\Pipeline\\Pipeline->Illuminate\\Pipeline\\{closure}(Object(Illuminate\\Http\\Request))
#63 D:\\Proyek 3\\sidora_dosen\\devOps\\vendor\\laravel\\framework\\src\\Illuminate\\Pipeline\\Pipeline.php(219): Illuminate\\Http\\Middleware\\TrustProxies->handle(Object(Illuminate\\Http\\Request), Object(Closure))
#64 D:\\Proyek 3\\sidora_dosen\\devOps\\vendor\\laravel\\framework\\src\\Illuminate\\Foundation\\Http\\Middleware\\InvokeDeferredCallbacks.php(22): Illuminate\\Pipeline\\Pipeline->Illuminate\\Pipeline\\{closure}(Object(Illuminate\\Http\\Request))
#65 D:\\Proyek 3\\sidora_dosen\\devOps\\vendor\\laravel\\framework\\src\\Illuminate\\Pipeline\\Pipeline.php(219): Illuminate\\Foundation\\Http\\Middleware\\InvokeDeferredCallbacks->handle(Object(Illuminate\\Http\\Request), Object(Closure))
#66 D:\\Proyek 3\\sidora_dosen\\devOps\\vendor\\laravel\\framework\\src\\Illuminate\\Http\\Middleware\\ValidatePathEncoding.php(26): Illuminate\\Pipeline\\Pipeline->Illuminate\\Pipeline\\{closure}(Object(Illuminate\\Http\\Request))
#67 D:\\Proyek 3\\sidora_dosen\\devOps\\vendor\\laravel\\framework\\src\\Illuminate\\Pipeline\\Pipeline.php(219): Illuminate\\Http\\Middleware\\ValidatePathEncoding->handle(Object(Illuminate\\Http\\Request), Object(Closure))
#68 D:\\Proyek 3\\sidora_dosen\\devOps\\vendor\\laravel\\framework\\src\\Illuminate\\Pipeline\\Pipeline.php(137): Illuminate\\Pipeline\\Pipeline->Illuminate\\Pipeline\\{closure}(Object(Illuminate\\Http\\Request))
#69 D:\\Proyek 3\\sidora_dosen\\devOps\\vendor\\laravel\\framework\\src\\Illuminate\\Foundation\\Http\\Kernel.php(175): Illuminate\\Pipeline\\Pipeline->then(Object(Closure))
#70 D:\\Proyek 3\\sidora_dosen\\devOps\\vendor\\laravel\\framework\\src\\Illuminate\\Foundation\\Http\\Kernel.php(144): Illuminate\\Foundation\\Http\\Kernel->sendRequestThroughRouter(Object(Illuminate\\Http\\Request))
#71 D:\\Proyek 3\\sidora_dosen\\devOps\\vendor\\laravel\\framework\\src\\Illuminate\\Foundation\\Application.php(1220): Illuminate\\Foundation\\Http\\Kernel->handle(Object(Illuminate\\Http\\Request))
#72 D:\\Proyek 3\\sidora_dosen\\devOps\\public\\index.php(20): Illuminate\\Foundation\\Application->handleRequest(Object(Illuminate\\Http\\Request))
#73 D:\\Proyek 3\\sidora_dosen\\devOps\\vendor\\laravel\\framework\\src\\Illuminate\\Foundation\\resources\\server.php(23): require_once('D:\\\\Proyek 3\\\\sid...')
#74 {main}
"} 
[2025-11-26 10:51:33] local.ERROR: SQLSTATE[42P01]: Undefined table: 7 ERROR:  relation "profil_dosen" does not exist
LINE 1: select * from "profil_dosen" where "profil_dosen"."id_user" ...
                      ^ (Connection: pgsql, SQL: select * from "profil_dosen" where "profil_dosen"."id_user" = 9 and "profil_dosen"."id_user" is not null limit 1) {"userId":9,"exception":"[object] (Illuminate\\Database\\QueryException(code: 42P01): SQLSTATE[42P01]: Undefined table: 7 ERROR:  relation \"profil_dosen\" does not exist
LINE 1: select * from \"profil_dosen\" where \"profil_dosen\".\"id_user\" ...
                      ^ (Connection: pgsql, SQL: select * from \"profil_dosen\" where \"profil_dosen\".\"id_user\" = 9 and \"profil_dosen\".\"id_user\" is not null limit 1) at D:\\Proyek 3\\sidora_dosen\\devOps\\vendor\\laravel\\framework\\src\\Illuminate\\Database\\Connection.php:824)
[stacktrace]
#0 D:\\Proyek 3\\sidora_dosen\\devOps\\vendor\\laravel\\framework\\src\\Illuminate\\Database\\Connection.php(778): Illuminate\\Database\\Connection->runQueryCallback('select * from \"...', Array, Object(Closure))
#1 D:\\Proyek 3\\sidora_dosen\\devOps\\vendor\\laravel\\framework\\src\\Illuminate\\Database\\Connection.php(397): Illuminate\\Database\\Connection->run('select * from \"...', Array, Object(Closure))
#2 D:\\Proyek 3\\sidora_dosen\\devOps\\vendor\\laravel\\framework\\src\\Illuminate\\Database\\Query\\Builder.php(3188): Illuminate\\Database\\Connection->select('select * from \"...', Array, true)
#3 D:\\Proyek 3\\sidora_dosen\\devOps\\vendor\\laravel\\framework\\src\\Illuminate\\Database\\Query\\Builder.php(3173): Illuminate\\Database\\Query\\Builder->runSelect()
#4 D:\\Proyek 3\\sidora_dosen\\devOps\\vendor\\laravel\\framework\\src\\Illuminate\\Database\\Query\\Builder.php(3763): Illuminate\\Database\\Query\\Builder->Illuminate\\Database\\Query\\{closure}()
#5 D:\\Proyek 3\\sidora_dosen\\devOps\\vendor\\laravel\\framework\\src\\Illuminate\\Database\\Query\\Builder.php(3172): Illuminate\\Database\\Query\\Builder->onceWithColumns(Array, Object(Closure))
#6 D:\\Proyek 3\\sidora_dosen\\devOps\\vendor\\laravel\\framework\\src\\Illuminate\\Database\\Eloquent\\Builder.php(902): Illuminate\\Database\\Query\\Builder->get(Array)
#7 D:\\Proyek 3\\sidora_dosen\\devOps\\vendor\\laravel\\framework\\src\\Illuminate\\Database\\Eloquent\\Builder.php(884): Illuminate\\Database\\Eloquent\\Builder->getModels(Array)
#8 D:\\Proyek 3\\sidora_dosen\\devOps\\vendor\\laravel\\framework\\src\\Illuminate\\Database\\Concerns\\BuildsQueries.php(366): Illuminate\\Database\\Eloquent\\Builder->get(Array)
#9 D:\\Proyek 3\\sidora_dosen\\devOps\\vendor\\laravel\\framework\\src\\Illuminate\\Database\\Eloquent\\Relations\\HasOne.php(31): Illuminate\\Database\\Eloquent\\Builder->first()
#10 D:\\Proyek 3\\sidora_dosen\\devOps\\vendor\\laravel\\framework\\src\\Illuminate\\Database\\Eloquent\\Concerns\\HasAttributes.php(635): Illuminate\\Database\\Eloquent\\Relations\\HasOne->getResults()
#11 D:\\Proyek 3\\sidora_dosen\\devOps\\vendor\\laravel\\framework\\src\\Illuminate\\Database\\Eloquent\\Concerns\\HasAttributes.php(573): Illuminate\\Database\\Eloquent\\Model->getRelationshipFromMethod('profilDosen')
#12 D:\\Proyek 3\\sidora_dosen\\devOps\\vendor\\laravel\\framework\\src\\Illuminate\\Database\\Eloquent\\Concerns\\HasAttributes.php(494): Illuminate\\Database\\Eloquent\\Model->getRelationValue('profilDosen')
#13 D:\\Proyek 3\\sidora_dosen\\devOps\\vendor\\laravel\\framework\\src\\Illuminate\\Database\\Eloquent\\Model.php(2423): Illuminate\\Database\\Eloquent\\Model->getAttribute('profilDosen')
#14 D:\\Proyek 3\\sidora_dosen\\devOps\\app\\Http\\Controllers\\Dosen\\PortofolioController.php(28): Illuminate\\Database\\Eloquent\\Model->__get('profilDosen')
#15 D:\\Proyek 3\\sidora_dosen\\devOps\\vendor\\laravel\\framework\\src\\Illuminate\\Routing\\ControllerDispatcher.php(46): App\\Http\\Controllers\\Dosen\\PortofolioController->index()
#16 D:\\Proyek 3\\sidora_dosen\\devOps\\vendor\\laravel\\framework\\src\\Illuminate\\Routing\\Route.php(265): Illuminate\\Routing\\ControllerDispatcher->dispatch(Object(Illuminate\\Routing\\Route), Object(App\\Http\\Controllers\\Dosen\\PortofolioController), 'index')
#17 D:\\Proyek 3\\sidora_dosen\\devOps\\vendor\\laravel\\framework\\src\\Illuminate\\Routing\\Route.php(211): Illuminate\\Routing\\Route->runController()
#18 D:\\Proyek 3\\sidora_dosen\\devOps\\vendor\\laravel\\framework\\src\\Illuminate\\Routing\\Router.php(822): Illuminate\\Routing\\Route->run()
#19 D:\\Proyek 3\\sidora_dosen\\devOps\\vendor\\laravel\\framework\\src\\Illuminate\\Pipeline\\Pipeline.php(180): Illuminate\\Routing\\Router->Illuminate\\Routing\\{closure}(Object(Illuminate\\Http\\Request))
#20 D:\\Proyek 3\\sidora_dosen\\devOps\\app\\Http\\Middleware\\CheckRole.php(34): Illuminate\\Pipeline\\Pipeline->Illuminate\\Pipeline\\{closure}(Object(Illuminate\\Http\\Request))
#21 D:\\Proyek 3\\sidora_dosen\\devOps\\vendor\\laravel\\framework\\src\\Illuminate\\Pipeline\\Pipeline.php(219): App\\Http\\Middleware\\CheckRole->handle(Object(Illuminate\\Http\\Request), Object(Closure), 'dosen')
#22 D:\\Proyek 3\\sidora_dosen\\devOps\\vendor\\laravel\\framework\\src\\Illuminate\\Foundation\\Http\\Middleware\\VerifyCsrfToken.php(87): Illuminate\\Pipeline\\Pipeline->Illuminate\\Pipeline\\{closure}(Object(Illuminate\\Http\\Request))
#23 D:\\Proyek 3\\sidora_dosen\\devOps\\vendor\\laravel\\framework\\src\\Illuminate\\Pipeline\\Pipeline.php(219): Illuminate\\Foundation\\Http\\Middleware\\VerifyCsrfToken->handle(Object(Illuminate\\Http\\Request), Object(Closure))
#24 D:\\Proyek 3\\sidora_dosen\\devOps\\vendor\\laravel\\framework\\src\\Illuminate\\Routing\\Middleware\\SubstituteBindings.php(50): Illuminate\\Pipeline\\Pipeline->Illuminate\\Pipeline\\{closure}(Object(Illuminate\\Http\\Request))
#25 D:\\Proyek 3\\sidora_dosen\\devOps\\vendor\\laravel\\framework\\src\\Illuminate\\Pipeline\\Pipeline.php(219): Illuminate\\Routing\\Middleware\\SubstituteBindings->handle(Object(Illuminate\\Http\\Request), Object(Closure))
#26 D:\\Proyek 3\\sidora_dosen\\devOps\\vendor\\laravel\\framework\\src\\Illuminate\\Session\\Middleware\\AuthenticateSession.php(66): Illuminate\\Pipeline\\Pipeline->Illuminate\\Pipeline\\{closure}(Object(Illuminate\\Http\\Request))
#27 D:\\Proyek 3\\sidora_dosen\\devOps\\vendor\\laravel\\framework\\src\\Illuminate\\Pipeline\\Pipeline.php(219): Illuminate\\Session\\Middleware\\AuthenticateSession->handle(Object(Illuminate\\Http\\Request), Object(Closure))
#28 D:\\Proyek 3\\sidora_dosen\\devOps\\vendor\\laravel\\framework\\src\\Illuminate\\Auth\\Middleware\\Authenticate.php(63): Illuminate\\Pipeline\\Pipeline->Illuminate\\Pipeline\\{closure}(Object(Illuminate\\Http\\Request))
#29 D:\\Proyek 3\\sidora_dosen\\devOps\\vendor\\laravel\\framework\\src\\Illuminate\\Pipeline\\Pipeline.php(219): Illuminate\\Auth\\Middleware\\Authenticate->handle(Object(Illuminate\\Http\\Request), Object(Closure))
#30 D:\\Proyek 3\\sidora_dosen\\devOps\\vendor\\laravel\\framework\\src\\Illuminate\\Foundation\\Http\\Middleware\\VerifyCsrfToken.php(87): Illuminate\\Pipeline\\Pipeline->Illuminate\\Pipeline\\{closure}(Object(Illuminate\\Http\\Request))
#31 D:\\Proyek 3\\sidora_dosen\\devOps\\vendor\\laravel\\framework\\src\\Illuminate\\Pipeline\\Pipeline.php(219): Illuminate\\Foundation\\Http\\Middleware\\VerifyCsrfToken->handle(Object(Illuminate\\Http\\Request), Object(Closure))
#32 D:\\Proyek 3\\sidora_dosen\\devOps\\vendor\\laravel\\framework\\src\\Illuminate\\View\\Middleware\\ShareErrorsFromSession.php(48): Illuminate\\Pipeline\\Pipeline->Illuminate\\Pipeline\\{closure}(Object(Illuminate\\Http\\Request))
#33 D:\\Proyek 3\\sidora_dosen\\devOps\\vendor\\laravel\\framework\\src\\Illuminate\\Pipeline\\Pipeline.php(219): Illuminate\\View\\Middleware\\ShareErrorsFromSession->handle(Object(Illuminate\\Http\\Request), Object(Closure))
#34 D:\\Proyek 3\\sidora_dosen\\devOps\\vendor\\laravel\\framework\\src\\Illuminate\\Session\\Middleware\\StartSession.php(120): Illuminate\\Pipeline\\Pipeline->Illuminate\\Pipeline\\{closure}(Object(Illuminate\\Http\\Request))
#35 D:\\Proyek 3\\sidora_dosen\\devOps\\vendor\\laravel\\framework\\src\\Illuminate\\Session\\Middleware\\StartSession.php(63): Illuminate\\Session\\Middleware\\StartSession->handleStatefulRequest(Object(Illuminate\\Http\\Request), Object(Illuminate\\Session\\Store), Object(Closure))
#36 D:\\Proyek 3\\sidora_dosen\\devOps\\vendor\\laravel\\framework\\src\\Illuminate\\Pipeline\\Pipeline.php(219): Illuminate\\Session\\Middleware\\StartSession->handle(Object(Illuminate\\Http\\Request), Object(Closure))
#37 D:\\Proyek 3\\sidora_dosen\\devOps\\vendor\\laravel\\framework\\src\\Illuminate\\Cookie\\Middleware\\AddQueuedCookiesToResponse.php(36): Illuminate\\Pipeline\\Pipeline->Illuminate\\Pipeline\\{closure}(Object(Illuminate\\Http\\Request))
#38 D:\\Proyek 3\\sidora_dosen\\devOps\\vendor\\laravel\\framework\\src\\Illuminate\\Pipeline\\Pipeline.php(219): Illuminate\\Cookie\\Middleware\\AddQueuedCookiesToResponse->handle(Object(Illuminate\\Http\\Request), Object(Closure))
#39 D:\\Proyek 3\\sidora_dosen\\devOps\\vendor\\laravel\\framework\\src\\Illuminate\\Cookie\\Middleware\\EncryptCookies.php(74): Illuminate\\Pipeline\\Pipeline->Illuminate\\Pipeline\\{closure}(Object(Illuminate\\Http\\Request))
#40 D:\\Proyek 3\\sidora_dosen\\devOps\\vendor\\laravel\\framework\\src\\Illuminate\\Pipeline\\Pipeline.php(219): Illuminate\\Cookie\\Middleware\\EncryptCookies->handle(Object(Illuminate\\Http\\Request), Object(Closure))
#41 D:\\Proyek 3\\sidora_dosen\\devOps\\vendor\\laravel\\framework\\src\\Illuminate\\Pipeline\\Pipeline.php(137): Illuminate\\Pipeline\\Pipeline->Illuminate\\Pipeline\\{closure}(Object(Illuminate\\Http\\Request))
#42 D:\\Proyek 3\\sidora_dosen\\devOps\\vendor\\laravel\\framework\\src\\Illuminate\\Routing\\Router.php(821): Illuminate\\Pipeline\\Pipeline->then(Object(Closure))
#43 D:\\Proyek 3\\sidora_dosen\\devOps\\vendor\\laravel\\framework\\src\\Illuminate\\Routing\\Router.php(800): Illuminate\\Routing\\Router->runRouteWithinStack(Object(Illuminate\\Routing\\Route), Object(Illuminate\\Http\\Request))
#44 D:\\Proyek 3\\sidora_dosen\\devOps\\vendor\\laravel\\framework\\src\\Illuminate\\Routing\\Router.php(764): Illuminate\\Routing\\Router->runRoute(Object(Illuminate\\Http\\Request), Object(Illuminate\\Routing\\Route))
#45 D:\\Proyek 3\\sidora_dosen\\devOps\\vendor\\laravel\\framework\\src\\Illuminate\\Routing\\Router.php(753): Illuminate\\Routing\\Router->dispatchToRoute(Object(Illuminate\\Http\\Request))
#46 D:\\Proyek 3\\sidora_dosen\\devOps\\vendor\\laravel\\framework\\src\\Illuminate\\Foundation\\Http\\Kernel.php(200): Illuminate\\Routing\\Router->dispatch(Object(Illuminate\\Http\\Request))
#47 D:\\Proyek 3\\sidora_dosen\\devOps\\vendor\\laravel\\framework\\src\\Illuminate\\Pipeline\\Pipeline.php(180): Illuminate\\Foundation\\Http\\Kernel->Illuminate\\Foundation\\Http\\{closure}(Object(Illuminate\\Http\\Request))
#48 D:\\Proyek 3\\sidora_dosen\\devOps\\vendor\\laravel\\framework\\src\\Illuminate\\Foundation\\Http\\Middleware\\TransformsRequest.php(21): Illuminate\\Pipeline\\Pipeline->Illuminate\\Pipeline\\{closure}(Object(Illuminate\\Http\\Request))
#49 D:\\Proyek 3\\sidora_dosen\\devOps\\vendor\\laravel\\framework\\src\\Illuminate\\Foundation\\Http\\Middleware\\ConvertEmptyStringsToNull.php(31): Illuminate\\Foundation\\Http\\Middleware\\TransformsRequest->handle(Object(Illuminate\\Http\\Request), Object(Closure))
#50 D:\\Proyek 3\\sidora_dosen\\devOps\\vendor\\laravel\\framework\\src\\Illuminate\\Pipeline\\Pipeline.php(219): Illuminate\\Foundation\\Http\\Middleware\\ConvertEmptyStringsToNull->handle(Object(Illuminate\\Http\\Request), Object(Closure))
#51 D:\\Proyek 3\\sidora_dosen\\devOps\\vendor\\laravel\\framework\\src\\Illuminate\\Foundation\\Http\\Middleware\\TransformsRequest.php(21): Illuminate\\Pipeline\\Pipeline->Illuminate\\Pipeline\\{closure}(Object(Illuminate\\Http\\Request))
#52 D:\\Proyek 3\\sidora_dosen\\devOps\\vendor\\laravel\\framework\\src\\Illuminate\\Foundation\\Http\\Middleware\\TrimStrings.php(51): Illuminate\\Foundation\\Http\\Middleware\\TransformsRequest->handle(Object(Illuminate\\Http\\Request), Object(Closure))
#53 D:\\Proyek 3\\sidora_dosen\\devOps\\vendor\\laravel\\framework\\src\\Illuminate\\Pipeline\\Pipeline.php(219): Illuminate\\Foundation\\Http\\Middleware\\TrimStrings->handle(Object(Illuminate\\Http\\Request), Object(Closure))
#54 D:\\Proyek 3\\sidora_dosen\\devOps\\vendor\\laravel\\framework\\src\\Illuminate\\Http\\Middleware\\ValidatePostSize.php(27): Illuminate\\Pipeline\\Pipeline->Illuminate\\Pipeline\\{closure}(Object(Illuminate\\Http\\Request))
#55 D:\\Proyek 3\\sidora_dosen\\devOps\\vendor\\laravel\\framework\\src\\Illuminate\\Pipeline\\Pipeline.php(219): Illuminate\\Http\\Middleware\\ValidatePostSize->handle(Object(Illuminate\\Http\\Request), Object(Closure))
#56 D:\\Proyek 3\\sidora_dosen\\devOps\\vendor\\laravel\\framework\\src\\Illuminate\\Foundation\\Http\\Middleware\\PreventRequestsDuringMaintenance.php(109): Illuminate\\Pipeline\\Pipeline->Illuminate\\Pipeline\\{closure}(Object(Illuminate\\Http\\Request))
#57 D:\\Proyek 3\\sidora_dosen\\devOps\\vendor\\laravel\\framework\\src\\Illuminate\\Pipeline\\Pipeline.php(219): Illuminate\\Foundation\\Http\\Middleware\\PreventRequestsDuringMaintenance->handle(Object(Illuminate\\Http\\Request), Object(Closure))
#58 D:\\Proyek 3\\sidora_dosen\\devOps\\vendor\\laravel\\framework\\src\\Illuminate\\Http\\Middleware\\HandleCors.php(48): Illuminate\\Pipeline\\Pipeline->Illuminate\\Pipeline\\{closure}(Object(Illuminate\\Http\\Request))
#59 D:\\Proyek 3\\sidora_dosen\\devOps\\vendor\\laravel\\framework\\src\\Illuminate\\Pipeline\\Pipeline.php(219): Illuminate\\Http\\Middleware\\HandleCors->handle(Object(Illuminate\\Http\\Request), Object(Closure))
#60 D:\\Proyek 3\\sidora_dosen\\devOps\\vendor\\laravel\\framework\\src\\Illuminate\\Http\\Middleware\\TrustProxies.php(58): Illuminate\\Pipeline\\Pipeline->Illuminate\\Pipeline\\{closure}(Object(Illuminate\\Http\\Request))
#61 D:\\Proyek 3\\sidora_dosen\\devOps\\vendor\\laravel\\framework\\src\\Illuminate\\Pipeline\\Pipeline.php(219): Illuminate\\Http\\Middleware\\TrustProxies->handle(Object(Illuminate\\Http\\Request), Object(Closure))
#62 D:\\Proyek 3\\sidora_dosen\\devOps\\vendor\\laravel\\framework\\src\\Illuminate\\Foundation\\Http\\Middleware\\InvokeDeferredCallbacks.php(22): Illuminate\\Pipeline\\Pipeline->Illuminate\\Pipeline\\{closure}(Object(Illuminate\\Http\\Request))
#63 D:\\Proyek 3\\sidora_dosen\\devOps\\vendor\\laravel\\framework\\src\\Illuminate\\Pipeline\\Pipeline.php(219): Illuminate\\Foundation\\Http\\Middleware\\InvokeDeferredCallbacks->handle(Object(Illuminate\\Http\\Request), Object(Closure))
#64 D:\\Proyek 3\\sidora_dosen\\devOps\\vendor\\laravel\\framework\\src\\Illuminate\\Http\\Middleware\\ValidatePathEncoding.php(26): Illuminate\\Pipeline\\Pipeline->Illuminate\\Pipeline\\{closure}(Object(Illuminate\\Http\\Request))
#65 D:\\Proyek 3\\sidora_dosen\\devOps\\vendor\\laravel\\framework\\src\\Illuminate\\Pipeline\\Pipeline.php(219): Illuminate\\Http\\Middleware\\ValidatePathEncoding->handle(Object(Illuminate\\Http\\Request), Object(Closure))
#66 D:\\Proyek 3\\sidora_dosen\\devOps\\vendor\\laravel\\framework\\src\\Illuminate\\Pipeline\\Pipeline.php(137): Illuminate\\Pipeline\\Pipeline->Illuminate\\Pipeline\\{closure}(Object(Illuminate\\Http\\Request))
#67 D:\\Proyek 3\\sidora_dosen\\devOps\\vendor\\laravel\\framework\\src\\Illuminate\\Foundation\\Http\\Kernel.php(175): Illuminate\\Pipeline\\Pipeline->then(Object(Closure))
#68 D:\\Proyek 3\\sidora_dosen\\devOps\\vendor\\laravel\\framework\\src\\Illuminate\\Foundation\\Http\\Kernel.php(144): Illuminate\\Foundation\\Http\\Kernel->sendRequestThroughRouter(Object(Illuminate\\Http\\Request))
#69 D:\\Proyek 3\\sidora_dosen\\devOps\\vendor\\laravel\\framework\\src\\Illuminate\\Foundation\\Application.php(1220): Illuminate\\Foundation\\Http\\Kernel->handle(Object(Illuminate\\Http\\Request))
#70 D:\\Proyek 3\\sidora_dosen\\devOps\\public\\index.php(20): Illuminate\\Foundation\\Application->handleRequest(Object(Illuminate\\Http\\Request))
#71 D:\\Proyek 3\\sidora_dosen\\devOps\\vendor\\laravel\\framework\\src\\Illuminate\\Foundation\\resources\\server.php(23): require_once('D:\\\\Proyek 3\\\\sid...')
#72 {main}

[previous exception] [object] (PDOException(code: 42P01): SQLSTATE[42P01]: Undefined table: 7 ERROR:  relation \"profil_dosen\" does not exist
LINE 1: select * from \"profil_dosen\" where \"profil_dosen\".\"id_user\" ...
                      ^ at D:\\Proyek 3\\sidora_dosen\\devOps\\vendor\\laravel\\framework\\src\\Illuminate\\Database\\Connection.php:411)
[stacktrace]
#0 D:\\Proyek 3\\sidora_dosen\\devOps\\vendor\\laravel\\framework\\src\\Illuminate\\Database\\Connection.php(411): PDOStatement->execute()
#1 D:\\Proyek 3\\sidora_dosen\\devOps\\vendor\\laravel\\framework\\src\\Illuminate\\Database\\Connection.php(811): Illuminate\\Database\\Connection->Illuminate\\Database\\{closure}('select * from \"...', Array)
#2 D:\\Proyek 3\\sidora_dosen\\devOps\\vendor\\laravel\\framework\\src\\Illuminate\\Database\\Connection.php(778): Illuminate\\Database\\Connection->runQueryCallback('select * from \"...', Array, Object(Closure))
#3 D:\\Proyek 3\\sidora_dosen\\devOps\\vendor\\laravel\\framework\\src\\Illuminate\\Database\\Connection.php(397): Illuminate\\Database\\Connection->run('select * from \"...', Array, Object(Closure))
#4 D:\\Proyek 3\\sidora_dosen\\devOps\\vendor\\laravel\\framework\\src\\Illuminate\\Database\\Query\\Builder.php(3188): Illuminate\\Database\\Connection->select('select * from \"...', Array, true)
#5 D:\\Proyek 3\\sidora_dosen\\devOps\\vendor\\laravel\\framework\\src\\Illuminate\\Database\\Query\\Builder.php(3173): Illuminate\\Database\\Query\\Builder->runSelect()
#6 D:\\Proyek 3\\sidora_dosen\\devOps\\vendor\\laravel\\framework\\src\\Illuminate\\Database\\Query\\Builder.php(3763): Illuminate\\Database\\Query\\Builder->Illuminate\\Database\\Query\\{closure}()
#7 D:\\Proyek 3\\sidora_dosen\\devOps\\vendor\\laravel\\framework\\src\\Illuminate\\Database\\Query\\Builder.php(3172): Illuminate\\Database\\Query\\Builder->onceWithColumns(Array, Object(Closure))
#8 D:\\Proyek 3\\sidora_dosen\\devOps\\vendor\\laravel\\framework\\src\\Illuminate\\Database\\Eloquent\\Builder.php(902): Illuminate\\Database\\Query\\Builder->get(Array)
#9 D:\\Proyek 3\\sidora_dosen\\devOps\\vendor\\laravel\\framework\\src\\Illuminate\\Database\\Eloquent\\Builder.php(884): Illuminate\\Database\\Eloquent\\Builder->getModels(Array)
#10 D:\\Proyek 3\\sidora_dosen\\devOps\\vendor\\laravel\\framework\\src\\Illuminate\\Database\\Concerns\\BuildsQueries.php(366): Illuminate\\Database\\Eloquent\\Builder->get(Array)
#11 D:\\Proyek 3\\sidora_dosen\\devOps\\vendor\\laravel\\framework\\src\\Illuminate\\Database\\Eloquent\\Relations\\HasOne.php(31): Illuminate\\Database\\Eloquent\\Builder->first()
#12 D:\\Proyek 3\\sidora_dosen\\devOps\\vendor\\laravel\\framework\\src\\Illuminate\\Database\\Eloquent\\Concerns\\HasAttributes.php(635): Illuminate\\Database\\Eloquent\\Relations\\HasOne->getResults()
#13 D:\\Proyek 3\\sidora_dosen\\devOps\\vendor\\laravel\\framework\\src\\Illuminate\\Database\\Eloquent\\Concerns\\HasAttributes.php(573): Illuminate\\Database\\Eloquent\\Model->getRelationshipFromMethod('profilDosen')
#14 D:\\Proyek 3\\sidora_dosen\\devOps\\vendor\\laravel\\framework\\src\\Illuminate\\Database\\Eloquent\\Concerns\\HasAttributes.php(494): Illuminate\\Database\\Eloquent\\Model->getRelationValue('profilDosen')
#15 D:\\Proyek 3\\sidora_dosen\\devOps\\vendor\\laravel\\framework\\src\\Illuminate\\Database\\Eloquent\\Model.php(2423): Illuminate\\Database\\Eloquent\\Model->getAttribute('profilDosen')
#16 D:\\Proyek 3\\sidora_dosen\\devOps\\app\\Http\\Controllers\\Dosen\\PortofolioController.php(28): Illuminate\\Database\\Eloquent\\Model->__get('profilDosen')
#17 D:\\Proyek 3\\sidora_dosen\\devOps\\vendor\\laravel\\framework\\src\\Illuminate\\Routing\\ControllerDispatcher.php(46): App\\Http\\Controllers\\Dosen\\PortofolioController->index()
#18 D:\\Proyek 3\\sidora_dosen\\devOps\\vendor\\laravel\\framework\\src\\Illuminate\\Routing\\Route.php(265): Illuminate\\Routing\\ControllerDispatcher->dispatch(Object(Illuminate\\Routing\\Route), Object(App\\Http\\Controllers\\Dosen\\PortofolioController), 'index')
#19 D:\\Proyek 3\\sidora_dosen\\devOps\\vendor\\laravel\\framework\\src\\Illuminate\\Routing\\Route.php(211): Illuminate\\Routing\\Route->runController()
#20 D:\\Proyek 3\\sidora_dosen\\devOps\\vendor\\laravel\\framework\\src\\Illuminate\\Routing\\Router.php(822): Illuminate\\Routing\\Route->run()
#21 D:\\Proyek 3\\sidora_dosen\\devOps\\vendor\\laravel\\framework\\src\\Illuminate\\Pipeline\\Pipeline.php(180): Illuminate\\Routing\\Router->Illuminate\\Routing\\{closure}(Object(Illuminate\\Http\\Request))
#22 D:\\Proyek 3\\sidora_dosen\\devOps\\app\\Http\\Middleware\\CheckRole.php(34): Illuminate\\Pipeline\\Pipeline->Illuminate\\Pipeline\\{closure}(Object(Illuminate\\Http\\Request))
#23 D:\\Proyek 3\\sidora_dosen\\devOps\\vendor\\laravel\\framework\\src\\Illuminate\\Pipeline\\Pipeline.php(219): App\\Http\\Middleware\\CheckRole->handle(Object(Illuminate\\Http\\Request), Object(Closure), 'dosen')
#24 D:\\Proyek 3\\sidora_dosen\\devOps\\vendor\\laravel\\framework\\src\\Illuminate\\Foundation\\Http\\Middleware\\VerifyCsrfToken.php(87): Illuminate\\Pipeline\\Pipeline->Illuminate\\Pipeline\\{closure}(Object(Illuminate\\Http\\Request))
#25 D:\\Proyek 3\\sidora_dosen\\devOps\\vendor\\laravel\\framework\\src\\Illuminate\\Pipeline\\Pipeline.php(219): Illuminate\\Foundation\\Http\\Middleware\\VerifyCsrfToken->handle(Object(Illuminate\\Http\\Request), Object(Closure))
#26 D:\\Proyek 3\\sidora_dosen\\devOps\\vendor\\laravel\\framework\\src\\Illuminate\\Routing\\Middleware\\SubstituteBindings.php(50): Illuminate\\Pipeline\\Pipeline->Illuminate\\Pipeline\\{closure}(Object(Illuminate\\Http\\Request))
#27 D:\\Proyek 3\\sidora_dosen\\devOps\\vendor\\laravel\\framework\\src\\Illuminate\\Pipeline\\Pipeline.php(219): Illuminate\\Routing\\Middleware\\SubstituteBindings->handle(Object(Illuminate\\Http\\Request), Object(Closure))
#28 D:\\Proyek 3\\sidora_dosen\\devOps\\vendor\\laravel\\framework\\src\\Illuminate\\Session\\Middleware\\AuthenticateSession.php(66): Illuminate\\Pipeline\\Pipeline->Illuminate\\Pipeline\\{closure}(Object(Illuminate\\Http\\Request))
#29 D:\\Proyek 3\\sidora_dosen\\devOps\\vendor\\laravel\\framework\\src\\Illuminate\\Pipeline\\Pipeline.php(219): Illuminate\\Session\\Middleware\\AuthenticateSession->handle(Object(Illuminate\\Http\\Request), Object(Closure))
#30 D:\\Proyek 3\\sidora_dosen\\devOps\\vendor\\laravel\\framework\\src\\Illuminate\\Auth\\Middleware\\Authenticate.php(63): Illuminate\\Pipeline\\Pipeline->Illuminate\\Pipeline\\{closure}(Object(Illuminate\\Http\\Request))
#31 D:\\Proyek 3\\sidora_dosen\\devOps\\vendor\\laravel\\framework\\src\\Illuminate\\Pipeline\\Pipeline.php(219): Illuminate\\Auth\\Middleware\\Authenticate->handle(Object(Illuminate\\Http\\Request), Object(Closure))
#32 D:\\Proyek 3\\sidora_dosen\\devOps\\vendor\\laravel\\framework\\src\\Illuminate\\Foundation\\Http\\Middleware\\VerifyCsrfToken.php(87): Illuminate\\Pipeline\\Pipeline->Illuminate\\Pipeline\\{closure}(Object(Illuminate\\Http\\Request))
#33 D:\\Proyek 3\\sidora_dosen\\devOps\\vendor\\laravel\\framework\\src\\Illuminate\\Pipeline\\Pipeline.php(219): Illuminate\\Foundation\\Http\\Middleware\\VerifyCsrfToken->handle(Object(Illuminate\\Http\\Request), Object(Closure))
#34 D:\\Proyek 3\\sidora_dosen\\devOps\\vendor\\laravel\\framework\\src\\Illuminate\\View\\Middleware\\ShareErrorsFromSession.php(48): Illuminate\\Pipeline\\Pipeline->Illuminate\\Pipeline\\{closure}(Object(Illuminate\\Http\\Request))
#35 D:\\Proyek 3\\sidora_dosen\\devOps\\vendor\\laravel\\framework\\src\\Illuminate\\Pipeline\\Pipeline.php(219): Illuminate\\View\\Middleware\\ShareErrorsFromSession->handle(Object(Illuminate\\Http\\Request), Object(Closure))
#36 D:\\Proyek 3\\sidora_dosen\\devOps\\vendor\\laravel\\framework\\src\\Illuminate\\Session\\Middleware\\StartSession.php(120): Illuminate\\Pipeline\\Pipeline->Illuminate\\Pipeline\\{closure}(Object(Illuminate\\Http\\Request))
#37 D:\\Proyek 3\\sidora_dosen\\devOps\\vendor\\laravel\\framework\\src\\Illuminate\\Session\\Middleware\\StartSession.php(63): Illuminate\\Session\\Middleware\\StartSession->handleStatefulRequest(Object(Illuminate\\Http\\Request), Object(Illuminate\\Session\\Store), Object(Closure))
#38 D:\\Proyek 3\\sidora_dosen\\devOps\\vendor\\laravel\\framework\\src\\Illuminate\\Pipeline\\Pipeline.php(219): Illuminate\\Session\\Middleware\\StartSession->handle(Object(Illuminate\\Http\\Request), Object(Closure))
#39 D:\\Proyek 3\\sidora_dosen\\devOps\\vendor\\laravel\\framework\\src\\Illuminate\\Cookie\\Middleware\\AddQueuedCookiesToResponse.php(36): Illuminate\\Pipeline\\Pipeline->Illuminate\\Pipeline\\{closure}(Object(Illuminate\\Http\\Request))
#40 D:\\Proyek 3\\sidora_dosen\\devOps\\vendor\\laravel\\framework\\src\\Illuminate\\Pipeline\\Pipeline.php(219): Illuminate\\Cookie\\Middleware\\AddQueuedCookiesToResponse->handle(Object(Illuminate\\Http\\Request), Object(Closure))
#41 D:\\Proyek 3\\sidora_dosen\\devOps\\vendor\\laravel\\framework\\src\\Illuminate\\Cookie\\Middleware\\EncryptCookies.php(74): Illuminate\\Pipeline\\Pipeline->Illuminate\\Pipeline\\{closure}(Object(Illuminate\\Http\\Request))
#42 D:\\Proyek 3\\sidora_dosen\\devOps\\vendor\\laravel\\framework\\src\\Illuminate\\Pipeline\\Pipeline.php(219): Illuminate\\Cookie\\Middleware\\EncryptCookies->handle(Object(Illuminate\\Http\\Request), Object(Closure))
#43 D:\\Proyek 3\\sidora_dosen\\devOps\\vendor\\laravel\\framework\\src\\Illuminate\\Pipeline\\Pipeline.php(137): Illuminate\\Pipeline\\Pipeline->Illuminate\\Pipeline\\{closure}(Object(Illuminate\\Http\\Request))
#44 D:\\Proyek 3\\sidora_dosen\\devOps\\vendor\\laravel\\framework\\src\\Illuminate\\Routing\\Router.php(821): Illuminate\\Pipeline\\Pipeline->then(Object(Closure))
#45 D:\\Proyek 3\\sidora_dosen\\devOps\\vendor\\laravel\\framework\\src\\Illuminate\\Routing\\Router.php(800): Illuminate\\Routing\\Router->runRouteWithinStack(Object(Illuminate\\Routing\\Route), Object(Illuminate\\Http\\Request))
#46 D:\\Proyek 3\\sidora_dosen\\devOps\\vendor\\laravel\\framework\\src\\Illuminate\\Routing\\Router.php(764): Illuminate\\Routing\\Router->runRoute(Object(Illuminate\\Http\\Request), Object(Illuminate\\Routing\\Route))
#47 D:\\Proyek 3\\sidora_dosen\\devOps\\vendor\\laravel\\framework\\src\\Illuminate\\Routing\\Router.php(753): Illuminate\\Routing\\Router->dispatchToRoute(Object(Illuminate\\Http\\Request))
#48 D:\\Proyek 3\\sidora_dosen\\devOps\\vendor\\laravel\\framework\\src\\Illuminate\\Foundation\\Http\\Kernel.php(200): Illuminate\\Routing\\Router->dispatch(Object(Illuminate\\Http\\Request))
#49 D:\\Proyek 3\\sidora_dosen\\devOps\\vendor\\laravel\\framework\\src\\Illuminate\\Pipeline\\Pipeline.php(180): Illuminate\\Foundation\\Http\\Kernel->Illuminate\\Foundation\\Http\\{closure}(Object(Illuminate\\Http\\Request))
#50 D:\\Proyek 3\\sidora_dosen\\devOps\\vendor\\laravel\\framework\\src\\Illuminate\\Foundation\\Http\\Middleware\\TransformsRequest.php(21): Illuminate\\Pipeline\\Pipeline->Illuminate\\Pipeline\\{closure}(Object(Illuminate\\Http\\Request))
#51 D:\\Proyek 3\\sidora_dosen\\devOps\\vendor\\laravel\\framework\\src\\Illuminate\\Foundation\\Http\\Middleware\\ConvertEmptyStringsToNull.php(31): Illuminate\\Foundation\\Http\\Middleware\\TransformsRequest->handle(Object(Illuminate\\Http\\Request), Object(Closure))
#52 D:\\Proyek 3\\sidora_dosen\\devOps\\vendor\\laravel\\framework\\src\\Illuminate\\Pipeline\\Pipeline.php(219): Illuminate\\Foundation\\Http\\Middleware\\ConvertEmptyStringsToNull->handle(Object(Illuminate\\Http\\Request), Object(Closure))
#53 D:\\Proyek 3\\sidora_dosen\\devOps\\vendor\\laravel\\framework\\src\\Illuminate\\Foundation\\Http\\Middleware\\TransformsRequest.php(21): Illuminate\\Pipeline\\Pipeline->Illuminate\\Pipeline\\{closure}(Object(Illuminate\\Http\\Request))
#54 D:\\Proyek 3\\sidora_dosen\\devOps\\vendor\\laravel\\framework\\src\\Illuminate\\Foundation\\Http\\Middleware\\TrimStrings.php(51): Illuminate\\Foundation\\Http\\Middleware\\TransformsRequest->handle(Object(Illuminate\\Http\\Request), Object(Closure))
#55 D:\\Proyek 3\\sidora_dosen\\devOps\\vendor\\laravel\\framework\\src\\Illuminate\\Pipeline\\Pipeline.php(219): Illuminate\\Foundation\\Http\\Middleware\\TrimStrings->handle(Object(Illuminate\\Http\\Request), Object(Closure))
#56 D:\\Proyek 3\\sidora_dosen\\devOps\\vendor\\laravel\\framework\\src\\Illuminate\\Http\\Middleware\\ValidatePostSize.php(27): Illuminate\\Pipeline\\Pipeline->Illuminate\\Pipeline\\{closure}(Object(Illuminate\\Http\\Request))
#57 D:\\Proyek 3\\sidora_dosen\\devOps\\vendor\\laravel\\framework\\src\\Illuminate\\Pipeline\\Pipeline.php(219): Illuminate\\Http\\Middleware\\ValidatePostSize->handle(Object(Illuminate\\Http\\Request), Object(Closure))
#58 D:\\Proyek 3\\sidora_dosen\\devOps\\vendor\\laravel\\framework\\src\\Illuminate\\Foundation\\Http\\Middleware\\PreventRequestsDuringMaintenance.php(109): Illuminate\\Pipeline\\Pipeline->Illuminate\\Pipeline\\{closure}(Object(Illuminate\\Http\\Request))
#59 D:\\Proyek 3\\sidora_dosen\\devOps\\vendor\\laravel\\framework\\src\\Illuminate\\Pipeline\\Pipeline.php(219): Illuminate\\Foundation\\Http\\Middleware\\PreventRequestsDuringMaintenance->handle(Object(Illuminate\\Http\\Request), Object(Closure))
#60 D:\\Proyek 3\\sidora_dosen\\devOps\\vendor\\laravel\\framework\\src\\Illuminate\\Http\\Middleware\\HandleCors.php(48): Illuminate\\Pipeline\\Pipeline->Illuminate\\Pipeline\\{closure}(Object(Illuminate\\Http\\Request))
#61 D:\\Proyek 3\\sidora_dosen\\devOps\\vendor\\laravel\\framework\\src\\Illuminate\\Pipeline\\Pipeline.php(219): Illuminate\\Http\\Middleware\\HandleCors->handle(Object(Illuminate\\Http\\Request), Object(Closure))
#62 D:\\Proyek 3\\sidora_dosen\\devOps\\vendor\\laravel\\framework\\src\\Illuminate\\Http\\Middleware\\TrustProxies.php(58): Illuminate\\Pipeline\\Pipeline->Illuminate\\Pipeline\\{closure}(Object(Illuminate\\Http\\Request))
#63 D:\\Proyek 3\\sidora_dosen\\devOps\\vendor\\laravel\\framework\\src\\Illuminate\\Pipeline\\Pipeline.php(219): Illuminate\\Http\\Middleware\\TrustProxies->handle(Object(Illuminate\\Http\\Request), Object(Closure))
#64 D:\\Proyek 3\\sidora_dosen\\devOps\\vendor\\laravel\\framework\\src\\Illuminate\\Foundation\\Http\\Middleware\\InvokeDeferredCallbacks.php(22): Illuminate\\Pipeline\\Pipeline->Illuminate\\Pipeline\\{closure}(Object(Illuminate\\Http\\Request))
#65 D:\\Proyek 3\\sidora_dosen\\devOps\\vendor\\laravel\\framework\\src\\Illuminate\\Pipeline\\Pipeline.php(219): Illuminate\\Foundation\\Http\\Middleware\\InvokeDeferredCallbacks->handle(Object(Illuminate\\Http\\Request), Object(Closure))
#66 D:\\Proyek 3\\sidora_dosen\\devOps\\vendor\\laravel\\framework\\src\\Illuminate\\Http\\Middleware\\ValidatePathEncoding.php(26): Illuminate\\Pipeline\\Pipeline->Illuminate\\Pipeline\\{closure}(Object(Illuminate\\Http\\Request))
#67 D:\\Proyek 3\\sidora_dosen\\devOps\\vendor\\laravel\\framework\\src\\Illuminate\\Pipeline\\Pipeline.php(219): Illuminate\\Http\\Middleware\\ValidatePathEncoding->handle(Object(Illuminate\\Http\\Request), Object(Closure))
#68 D:\\Proyek 3\\sidora_dosen\\devOps\\vendor\\laravel\\framework\\src\\Illuminate\\Pipeline\\Pipeline.php(137): Illuminate\\Pipeline\\Pipeline->Illuminate\\Pipeline\\{closure}(Object(Illuminate\\Http\\Request))
#69 D:\\Proyek 3\\sidora_dosen\\devOps\\vendor\\laravel\\framework\\src\\Illuminate\\Foundation\\Http\\Kernel.php(175): Illuminate\\Pipeline\\Pipeline->then(Object(Closure))
#70 D:\\Proyek 3\\sidora_dosen\\devOps\\vendor\\laravel\\framework\\src\\Illuminate\\Foundation\\Http\\Kernel.php(144): Illuminate\\Foundation\\Http\\Kernel->sendRequestThroughRouter(Object(Illuminate\\Http\\Request))
#71 D:\\Proyek 3\\sidora_dosen\\devOps\\vendor\\laravel\\framework\\src\\Illuminate\\Foundation\\Application.php(1220): Illuminate\\Foundation\\Http\\Kernel->handle(Object(Illuminate\\Http\\Request))
#72 D:\\Proyek 3\\sidora_dosen\\devOps\\public\\index.php(20): Illuminate\\Foundation\\Application->handleRequest(Object(Illuminate\\Http\\Request))
#73 D:\\Proyek 3\\sidora_dosen\\devOps\\vendor\\laravel\\framework\\src\\Illuminate\\Foundation\\resources\\server.php(23): require_once('D:\\\\Proyek 3\\\\sid...')
#74 {main}
"} 
[2025-11-26 10:51:56] local.ERROR: SQLSTATE[42P01]: Undefined table: 7 ERROR:  relation "profil_dosen" does not exist
LINE 1: select * from "profil_dosen" where "profil_dosen"."id_user" ...
                      ^ (Connection: pgsql, SQL: select * from "profil_dosen" where "profil_dosen"."id_user" = 9 and "profil_dosen"."id_user" is not null limit 1) {"userId":9,"exception":"[object] (Illuminate\\Database\\QueryException(code: 42P01): SQLSTATE[42P01]: Undefined table: 7 ERROR:  relation \"profil_dosen\" does not exist
LINE 1: select * from \"profil_dosen\" where \"profil_dosen\".\"id_user\" ...
                      ^ (Connection: pgsql, SQL: select * from \"profil_dosen\" where \"profil_dosen\".\"id_user\" = 9 and \"profil_dosen\".\"id_user\" is not null limit 1) at D:\\Proyek 3\\sidora_dosen\\devOps\\vendor\\laravel\\framework\\src\\Illuminate\\Database\\Connection.php:824)
[stacktrace]
#0 D:\\Proyek 3\\sidora_dosen\\devOps\\vendor\\laravel\\framework\\src\\Illuminate\\Database\\Connection.php(778): Illuminate\\Database\\Connection->runQueryCallback('select * from \"...', Array, Object(Closure))
#1 D:\\Proyek 3\\sidora_dosen\\devOps\\vendor\\laravel\\framework\\src\\Illuminate\\Database\\Connection.php(397): Illuminate\\Database\\Connection->run('select * from \"...', Array, Object(Closure))
#2 D:\\Proyek 3\\sidora_dosen\\devOps\\vendor\\laravel\\framework\\src\\Illuminate\\Database\\Query\\Builder.php(3188): Illuminate\\Database\\Connection->select('select * from \"...', Array, true)
#3 D:\\Proyek 3\\sidora_dosen\\devOps\\vendor\\laravel\\framework\\src\\Illuminate\\Database\\Query\\Builder.php(3173): Illuminate\\Database\\Query\\Builder->runSelect()
#4 D:\\Proyek 3\\sidora_dosen\\devOps\\vendor\\laravel\\framework\\src\\Illuminate\\Database\\Query\\Builder.php(3763): Illuminate\\Database\\Query\\Builder->Illuminate\\Database\\Query\\{closure}()
#5 D:\\Proyek 3\\sidora_dosen\\devOps\\vendor\\laravel\\framework\\src\\Illuminate\\Database\\Query\\Builder.php(3172): Illuminate\\Database\\Query\\Builder->onceWithColumns(Array, Object(Closure))
#6 D:\\Proyek 3\\sidora_dosen\\devOps\\vendor\\laravel\\framework\\src\\Illuminate\\Database\\Eloquent\\Builder.php(902): Illuminate\\Database\\Query\\Builder->get(Array)
#7 D:\\Proyek 3\\sidora_dosen\\devOps\\vendor\\laravel\\framework\\src\\Illuminate\\Database\\Eloquent\\Builder.php(884): Illuminate\\Database\\Eloquent\\Builder->getModels(Array)
#8 D:\\Proyek 3\\sidora_dosen\\devOps\\vendor\\laravel\\framework\\src\\Illuminate\\Database\\Concerns\\BuildsQueries.php(366): Illuminate\\Database\\Eloquent\\Builder->get(Array)
#9 D:\\Proyek 3\\sidora_dosen\\devOps\\vendor\\laravel\\framework\\src\\Illuminate\\Database\\Eloquent\\Relations\\HasOne.php(31): Illuminate\\Database\\Eloquent\\Builder->first()
#10 D:\\Proyek 3\\sidora_dosen\\devOps\\vendor\\laravel\\framework\\src\\Illuminate\\Database\\Eloquent\\Concerns\\HasAttributes.php(635): Illuminate\\Database\\Eloquent\\Relations\\HasOne->getResults()
#11 D:\\Proyek 3\\sidora_dosen\\devOps\\vendor\\laravel\\framework\\src\\Illuminate\\Database\\Eloquent\\Concerns\\HasAttributes.php(573): Illuminate\\Database\\Eloquent\\Model->getRelationshipFromMethod('profilDosen')
#12 D:\\Proyek 3\\sidora_dosen\\devOps\\vendor\\laravel\\framework\\src\\Illuminate\\Database\\Eloquent\\Concerns\\HasAttributes.php(494): Illuminate\\Database\\Eloquent\\Model->getRelationValue('profilDosen')
#13 D:\\Proyek 3\\sidora_dosen\\devOps\\vendor\\laravel\\framework\\src\\Illuminate\\Database\\Eloquent\\Model.php(2423): Illuminate\\Database\\Eloquent\\Model->getAttribute('profilDosen')
#14 D:\\Proyek 3\\sidora_dosen\\devOps\\app\\Http\\Controllers\\Dosen\\PortofolioController.php(28): Illuminate\\Database\\Eloquent\\Model->__get('profilDosen')
#15 D:\\Proyek 3\\sidora_dosen\\devOps\\vendor\\laravel\\framework\\src\\Illuminate\\Routing\\ControllerDispatcher.php(46): App\\Http\\Controllers\\Dosen\\PortofolioController->index()
#16 D:\\Proyek 3\\sidora_dosen\\devOps\\vendor\\laravel\\framework\\src\\Illuminate\\Routing\\Route.php(265): Illuminate\\Routing\\ControllerDispatcher->dispatch(Object(Illuminate\\Routing\\Route), Object(App\\Http\\Controllers\\Dosen\\PortofolioController), 'index')
#17 D:\\Proyek 3\\sidora_dosen\\devOps\\vendor\\laravel\\framework\\src\\Illuminate\\Routing\\Route.php(211): Illuminate\\Routing\\Route->runController()
#18 D:\\Proyek 3\\sidora_dosen\\devOps\\vendor\\laravel\\framework\\src\\Illuminate\\Routing\\Router.php(822): Illuminate\\Routing\\Route->run()
#19 D:\\Proyek 3\\sidora_dosen\\devOps\\vendor\\laravel\\framework\\src\\Illuminate\\Pipeline\\Pipeline.php(180): Illuminate\\Routing\\Router->Illuminate\\Routing\\{closure}(Object(Illuminate\\Http\\Request))
#20 D:\\Proyek 3\\sidora_dosen\\devOps\\app\\Http\\Middleware\\CheckRole.php(34): Illuminate\\Pipeline\\Pipeline->Illuminate\\Pipeline\\{closure}(Object(Illuminate\\Http\\Request))
#21 D:\\Proyek 3\\sidora_dosen\\devOps\\vendor\\laravel\\framework\\src\\Illuminate\\Pipeline\\Pipeline.php(219): App\\Http\\Middleware\\CheckRole->handle(Object(Illuminate\\Http\\Request), Object(Closure), 'dosen')
#22 D:\\Proyek 3\\sidora_dosen\\devOps\\vendor\\laravel\\framework\\src\\Illuminate\\Foundation\\Http\\Middleware\\VerifyCsrfToken.php(87): Illuminate\\Pipeline\\Pipeline->Illuminate\\Pipeline\\{closure}(Object(Illuminate\\Http\\Request))
#23 D:\\Proyek 3\\sidora_dosen\\devOps\\vendor\\laravel\\framework\\src\\Illuminate\\Pipeline\\Pipeline.php(219): Illuminate\\Foundation\\Http\\Middleware\\VerifyCsrfToken->handle(Object(Illuminate\\Http\\Request), Object(Closure))
#24 D:\\Proyek 3\\sidora_dosen\\devOps\\vendor\\laravel\\framework\\src\\Illuminate\\Routing\\Middleware\\SubstituteBindings.php(50): Illuminate\\Pipeline\\Pipeline->Illuminate\\Pipeline\\{closure}(Object(Illuminate\\Http\\Request))
#25 D:\\Proyek 3\\sidora_dosen\\devOps\\vendor\\laravel\\framework\\src\\Illuminate\\Pipeline\\Pipeline.php(219): Illuminate\\Routing\\Middleware\\SubstituteBindings->handle(Object(Illuminate\\Http\\Request), Object(Closure))
#26 D:\\Proyek 3\\sidora_dosen\\devOps\\vendor\\laravel\\framework\\src\\Illuminate\\Session\\Middleware\\AuthenticateSession.php(66): Illuminate\\Pipeline\\Pipeline->Illuminate\\Pipeline\\{closure}(Object(Illuminate\\Http\\Request))
#27 D:\\Proyek 3\\sidora_dosen\\devOps\\vendor\\laravel\\framework\\src\\Illuminate\\Pipeline\\Pipeline.php(219): Illuminate\\Session\\Middleware\\AuthenticateSession->handle(Object(Illuminate\\Http\\Request), Object(Closure))
#28 D:\\Proyek 3\\sidora_dosen\\devOps\\vendor\\laravel\\framework\\src\\Illuminate\\Auth\\Middleware\\Authenticate.php(63): Illuminate\\Pipeline\\Pipeline->Illuminate\\Pipeline\\{closure}(Object(Illuminate\\Http\\Request))
#29 D:\\Proyek 3\\sidora_dosen\\devOps\\vendor\\laravel\\framework\\src\\Illuminate\\Pipeline\\Pipeline.php(219): Illuminate\\Auth\\Middleware\\Authenticate->handle(Object(Illuminate\\Http\\Request), Object(Closure))
#30 D:\\Proyek 3\\sidora_dosen\\devOps\\vendor\\laravel\\framework\\src\\Illuminate\\Foundation\\Http\\Middleware\\VerifyCsrfToken.php(87): Illuminate\\Pipeline\\Pipeline->Illuminate\\Pipeline\\{closure}(Object(Illuminate\\Http\\Request))
#31 D:\\Proyek 3\\sidora_dosen\\devOps\\vendor\\laravel\\framework\\src\\Illuminate\\Pipeline\\Pipeline.php(219): Illuminate\\Foundation\\Http\\Middleware\\VerifyCsrfToken->handle(Object(Illuminate\\Http\\Request), Object(Closure))
#32 D:\\Proyek 3\\sidora_dosen\\devOps\\vendor\\laravel\\framework\\src\\Illuminate\\View\\Middleware\\ShareErrorsFromSession.php(48): Illuminate\\Pipeline\\Pipeline->Illuminate\\Pipeline\\{closure}(Object(Illuminate\\Http\\Request))
#33 D:\\Proyek 3\\sidora_dosen\\devOps\\vendor\\laravel\\framework\\src\\Illuminate\\Pipeline\\Pipeline.php(219): Illuminate\\View\\Middleware\\ShareErrorsFromSession->handle(Object(Illuminate\\Http\\Request), Object(Closure))
#34 D:\\Proyek 3\\sidora_dosen\\devOps\\vendor\\laravel\\framework\\src\\Illuminate\\Session\\Middleware\\StartSession.php(120): Illuminate\\Pipeline\\Pipeline->Illuminate\\Pipeline\\{closure}(Object(Illuminate\\Http\\Request))
#35 D:\\Proyek 3\\sidora_dosen\\devOps\\vendor\\laravel\\framework\\src\\Illuminate\\Session\\Middleware\\StartSession.php(63): Illuminate\\Session\\Middleware\\StartSession->handleStatefulRequest(Object(Illuminate\\Http\\Request), Object(Illuminate\\Session\\Store), Object(Closure))
#36 D:\\Proyek 3\\sidora_dosen\\devOps\\vendor\\laravel\\framework\\src\\Illuminate\\Pipeline\\Pipeline.php(219): Illuminate\\Session\\Middleware\\StartSession->handle(Object(Illuminate\\Http\\Request), Object(Closure))
#37 D:\\Proyek 3\\sidora_dosen\\devOps\\vendor\\laravel\\framework\\src\\Illuminate\\Cookie\\Middleware\\AddQueuedCookiesToResponse.php(36): Illuminate\\Pipeline\\Pipeline->Illuminate\\Pipeline\\{closure}(Object(Illuminate\\Http\\Request))
#38 D:\\Proyek 3\\sidora_dosen\\devOps\\vendor\\laravel\\framework\\src\\Illuminate\\Pipeline\\Pipeline.php(219): Illuminate\\Cookie\\Middleware\\AddQueuedCookiesToResponse->handle(Object(Illuminate\\Http\\Request), Object(Closure))
#39 D:\\Proyek 3\\sidora_dosen\\devOps\\vendor\\laravel\\framework\\src\\Illuminate\\Cookie\\Middleware\\EncryptCookies.php(74): Illuminate\\Pipeline\\Pipeline->Illuminate\\Pipeline\\{closure}(Object(Illuminate\\Http\\Request))
#40 D:\\Proyek 3\\sidora_dosen\\devOps\\vendor\\laravel\\framework\\src\\Illuminate\\Pipeline\\Pipeline.php(219): Illuminate\\Cookie\\Middleware\\EncryptCookies->handle(Object(Illuminate\\Http\\Request), Object(Closure))
#41 D:\\Proyek 3\\sidora_dosen\\devOps\\vendor\\laravel\\framework\\src\\Illuminate\\Pipeline\\Pipeline.php(137): Illuminate\\Pipeline\\Pipeline->Illuminate\\Pipeline\\{closure}(Object(Illuminate\\Http\\Request))
#42 D:\\Proyek 3\\sidora_dosen\\devOps\\vendor\\laravel\\framework\\src\\Illuminate\\Routing\\Router.php(821): Illuminate\\Pipeline\\Pipeline->then(Object(Closure))
#43 D:\\Proyek 3\\sidora_dosen\\devOps\\vendor\\laravel\\framework\\src\\Illuminate\\Routing\\Router.php(800): Illuminate\\Routing\\Router->runRouteWithinStack(Object(Illuminate\\Routing\\Route), Object(Illuminate\\Http\\Request))
#44 D:\\Proyek 3\\sidora_dosen\\devOps\\vendor\\laravel\\framework\\src\\Illuminate\\Routing\\Router.php(764): Illuminate\\Routing\\Router->runRoute(Object(Illuminate\\Http\\Request), Object(Illuminate\\Routing\\Route))
#45 D:\\Proyek 3\\sidora_dosen\\devOps\\vendor\\laravel\\framework\\src\\Illuminate\\Routing\\Router.php(753): Illuminate\\Routing\\Router->dispatchToRoute(Object(Illuminate\\Http\\Request))
#46 D:\\Proyek 3\\sidora_dosen\\devOps\\vendor\\laravel\\framework\\src\\Illuminate\\Foundation\\Http\\Kernel.php(200): Illuminate\\Routing\\Router->dispatch(Object(Illuminate\\Http\\Request))
#47 D:\\Proyek 3\\sidora_dosen\\devOps\\vendor\\laravel\\framework\\src\\Illuminate\\Pipeline\\Pipeline.php(180): Illuminate\\Foundation\\Http\\Kernel->Illuminate\\Foundation\\Http\\{closure}(Object(Illuminate\\Http\\Request))
#48 D:\\Proyek 3\\sidora_dosen\\devOps\\vendor\\laravel\\framework\\src\\Illuminate\\Foundation\\Http\\Middleware\\TransformsRequest.php(21): Illuminate\\Pipeline\\Pipeline->Illuminate\\Pipeline\\{closure}(Object(Illuminate\\Http\\Request))
#49 D:\\Proyek 3\\sidora_dosen\\devOps\\vendor\\laravel\\framework\\src\\Illuminate\\Foundation\\Http\\Middleware\\ConvertEmptyStringsToNull.php(31): Illuminate\\Foundation\\Http\\Middleware\\TransformsRequest->handle(Object(Illuminate\\Http\\Request), Object(Closure))
#50 D:\\Proyek 3\\sidora_dosen\\devOps\\vendor\\laravel\\framework\\src\\Illuminate\\Pipeline\\Pipeline.php(219): Illuminate\\Foundation\\Http\\Middleware\\ConvertEmptyStringsToNull->handle(Object(Illuminate\\Http\\Request), Object(Closure))
#51 D:\\Proyek 3\\sidora_dosen\\devOps\\vendor\\laravel\\framework\\src\\Illuminate\\Foundation\\Http\\Middleware\\TransformsRequest.php(21): Illuminate\\Pipeline\\Pipeline->Illuminate\\Pipeline\\{closure}(Object(Illuminate\\Http\\Request))
#52 D:\\Proyek 3\\sidora_dosen\\devOps\\vendor\\laravel\\framework\\src\\Illuminate\\Foundation\\Http\\Middleware\\TrimStrings.php(51): Illuminate\\Foundation\\Http\\Middleware\\TransformsRequest->handle(Object(Illuminate\\Http\\Request), Object(Closure))
#53 D:\\Proyek 3\\sidora_dosen\\devOps\\vendor\\laravel\\framework\\src\\Illuminate\\Pipeline\\Pipeline.php(219): Illuminate\\Foundation\\Http\\Middleware\\TrimStrings->handle(Object(Illuminate\\Http\\Request), Object(Closure))
#54 D:\\Proyek 3\\sidora_dosen\\devOps\\vendor\\laravel\\framework\\src\\Illuminate\\Http\\Middleware\\ValidatePostSize.php(27): Illuminate\\Pipeline\\Pipeline->Illuminate\\Pipeline\\{closure}(Object(Illuminate\\Http\\Request))
#55 D:\\Proyek 3\\sidora_dosen\\devOps\\vendor\\laravel\\framework\\src\\Illuminate\\Pipeline\\Pipeline.php(219): Illuminate\\Http\\Middleware\\ValidatePostSize->handle(Object(Illuminate\\Http\\Request), Object(Closure))
#56 D:\\Proyek 3\\sidora_dosen\\devOps\\vendor\\laravel\\framework\\src\\Illuminate\\Foundation\\Http\\Middleware\\PreventRequestsDuringMaintenance.php(109): Illuminate\\Pipeline\\Pipeline->Illuminate\\Pipeline\\{closure}(Object(Illuminate\\Http\\Request))
#57 D:\\Proyek 3\\sidora_dosen\\devOps\\vendor\\laravel\\framework\\src\\Illuminate\\Pipeline\\Pipeline.php(219): Illuminate\\Foundation\\Http\\Middleware\\PreventRequestsDuringMaintenance->handle(Object(Illuminate\\Http\\Request), Object(Closure))
#58 D:\\Proyek 3\\sidora_dosen\\devOps\\vendor\\laravel\\framework\\src\\Illuminate\\Http\\Middleware\\HandleCors.php(48): Illuminate\\Pipeline\\Pipeline->Illuminate\\Pipeline\\{closure}(Object(Illuminate\\Http\\Request))
#59 D:\\Proyek 3\\sidora_dosen\\devOps\\vendor\\laravel\\framework\\src\\Illuminate\\Pipeline\\Pipeline.php(219): Illuminate\\Http\\Middleware\\HandleCors->handle(Object(Illuminate\\Http\\Request), Object(Closure))
#60 D:\\Proyek 3\\sidora_dosen\\devOps\\vendor\\laravel\\framework\\src\\Illuminate\\Http\\Middleware\\TrustProxies.php(58): Illuminate\\Pipeline\\Pipeline->Illuminate\\Pipeline\\{closure}(Object(Illuminate\\Http\\Request))
#61 D:\\Proyek 3\\sidora_dosen\\devOps\\vendor\\laravel\\framework\\src\\Illuminate\\Pipeline\\Pipeline.php(219): Illuminate\\Http\\Middleware\\TrustProxies->handle(Object(Illuminate\\Http\\Request), Object(Closure))
#62 D:\\Proyek 3\\sidora_dosen\\devOps\\vendor\\laravel\\framework\\src\\Illuminate\\Foundation\\Http\\Middleware\\InvokeDeferredCallbacks.php(22): Illuminate\\Pipeline\\Pipeline->Illuminate\\Pipeline\\{closure}(Object(Illuminate\\Http\\Request))
#63 D:\\Proyek 3\\sidora_dosen\\devOps\\vendor\\laravel\\framework\\src\\Illuminate\\Pipeline\\Pipeline.php(219): Illuminate\\Foundation\\Http\\Middleware\\InvokeDeferredCallbacks->handle(Object(Illuminate\\Http\\Request), Object(Closure))
#64 D:\\Proyek 3\\sidora_dosen\\devOps\\vendor\\laravel\\framework\\src\\Illuminate\\Http\\Middleware\\ValidatePathEncoding.php(26): Illuminate\\Pipeline\\Pipeline->Illuminate\\Pipeline\\{closure}(Object(Illuminate\\Http\\Request))
#65 D:\\Proyek 3\\sidora_dosen\\devOps\\vendor\\laravel\\framework\\src\\Illuminate\\Pipeline\\Pipeline.php(219): Illuminate\\Http\\Middleware\\ValidatePathEncoding->handle(Object(Illuminate\\Http\\Request), Object(Closure))
#66 D:\\Proyek 3\\sidora_dosen\\devOps\\vendor\\laravel\\framework\\src\\Illuminate\\Pipeline\\Pipeline.php(137): Illuminate\\Pipeline\\Pipeline->Illuminate\\Pipeline\\{closure}(Object(Illuminate\\Http\\Request))
#67 D:\\Proyek 3\\sidora_dosen\\devOps\\vendor\\laravel\\framework\\src\\Illuminate\\Foundation\\Http\\Kernel.php(175): Illuminate\\Pipeline\\Pipeline->then(Object(Closure))
#68 D:\\Proyek 3\\sidora_dosen\\devOps\\vendor\\laravel\\framework\\src\\Illuminate\\Foundation\\Http\\Kernel.php(144): Illuminate\\Foundation\\Http\\Kernel->sendRequestThroughRouter(Object(Illuminate\\Http\\Request))
#69 D:\\Proyek 3\\sidora_dosen\\devOps\\vendor\\laravel\\framework\\src\\Illuminate\\Foundation\\Application.php(1220): Illuminate\\Foundation\\Http\\Kernel->handle(Object(Illuminate\\Http\\Request))
#70 D:\\Proyek 3\\sidora_dosen\\devOps\\public\\index.php(20): Illuminate\\Foundation\\Application->handleRequest(Object(Illuminate\\Http\\Request))
#71 D:\\Proyek 3\\sidora_dosen\\devOps\\vendor\\laravel\\framework\\src\\Illuminate\\Foundation\\resources\\server.php(23): require_once('D:\\\\Proyek 3\\\\sid...')
#72 {main}

[previous exception] [object] (PDOException(code: 42P01): SQLSTATE[42P01]: Undefined table: 7 ERROR:  relation \"profil_dosen\" does not exist
LINE 1: select * from \"profil_dosen\" where \"profil_dosen\".\"id_user\" ...
                      ^ at D:\\Proyek 3\\sidora_dosen\\devOps\\vendor\\laravel\\framework\\src\\Illuminate\\Database\\Connection.php:411)
[stacktrace]
#0 D:\\Proyek 3\\sidora_dosen\\devOps\\vendor\\laravel\\framework\\src\\Illuminate\\Database\\Connection.php(411): PDOStatement->execute()
#1 D:\\Proyek 3\\sidora_dosen\\devOps\\vendor\\laravel\\framework\\src\\Illuminate\\Database\\Connection.php(811): Illuminate\\Database\\Connection->Illuminate\\Database\\{closure}('select * from \"...', Array)
#2 D:\\Proyek 3\\sidora_dosen\\devOps\\vendor\\laravel\\framework\\src\\Illuminate\\Database\\Connection.php(778): Illuminate\\Database\\Connection->runQueryCallback('select * from \"...', Array, Object(Closure))
#3 D:\\Proyek 3\\sidora_dosen\\devOps\\vendor\\laravel\\framework\\src\\Illuminate\\Database\\Connection.php(397): Illuminate\\Database\\Connection->run('select * from \"...', Array, Object(Closure))
#4 D:\\Proyek 3\\sidora_dosen\\devOps\\vendor\\laravel\\framework\\src\\Illuminate\\Database\\Query\\Builder.php(3188): Illuminate\\Database\\Connection->select('select * from \"...', Array, true)
#5 D:\\Proyek 3\\sidora_dosen\\devOps\\vendor\\laravel\\framework\\src\\Illuminate\\Database\\Query\\Builder.php(3173): Illuminate\\Database\\Query\\Builder->runSelect()
#6 D:\\Proyek 3\\sidora_dosen\\devOps\\vendor\\laravel\\framework\\src\\Illuminate\\Database\\Query\\Builder.php(3763): Illuminate\\Database\\Query\\Builder->Illuminate\\Database\\Query\\{closure}()
#7 D:\\Proyek 3\\sidora_dosen\\devOps\\vendor\\laravel\\framework\\src\\Illuminate\\Database\\Query\\Builder.php(3172): Illuminate\\Database\\Query\\Builder->onceWithColumns(Array, Object(Closure))
#8 D:\\Proyek 3\\sidora_dosen\\devOps\\vendor\\laravel\\framework\\src\\Illuminate\\Database\\Eloquent\\Builder.php(902): Illuminate\\Database\\Query\\Builder->get(Array)
#9 D:\\Proyek 3\\sidora_dosen\\devOps\\vendor\\laravel\\framework\\src\\Illuminate\\Database\\Eloquent\\Builder.php(884): Illuminate\\Database\\Eloquent\\Builder->getModels(Array)
#10 D:\\Proyek 3\\sidora_dosen\\devOps\\vendor\\laravel\\framework\\src\\Illuminate\\Database\\Concerns\\BuildsQueries.php(366): Illuminate\\Database\\Eloquent\\Builder->get(Array)
#11 D:\\Proyek 3\\sidora_dosen\\devOps\\vendor\\laravel\\framework\\src\\Illuminate\\Database\\Eloquent\\Relations\\HasOne.php(31): Illuminate\\Database\\Eloquent\\Builder->first()
#12 D:\\Proyek 3\\sidora_dosen\\devOps\\vendor\\laravel\\framework\\src\\Illuminate\\Database\\Eloquent\\Concerns\\HasAttributes.php(635): Illuminate\\Database\\Eloquent\\Relations\\HasOne->getResults()
#13 D:\\Proyek 3\\sidora_dosen\\devOps\\vendor\\laravel\\framework\\src\\Illuminate\\Database\\Eloquent\\Concerns\\HasAttributes.php(573): Illuminate\\Database\\Eloquent\\Model->getRelationshipFromMethod('profilDosen')
#14 D:\\Proyek 3\\sidora_dosen\\devOps\\vendor\\laravel\\framework\\src\\Illuminate\\Database\\Eloquent\\Concerns\\HasAttributes.php(494): Illuminate\\Database\\Eloquent\\Model->getRelationValue('profilDosen')
#15 D:\\Proyek 3\\sidora_dosen\\devOps\\vendor\\laravel\\framework\\src\\Illuminate\\Database\\Eloquent\\Model.php(2423): Illuminate\\Database\\Eloquent\\Model->getAttribute('profilDosen')
#16 D:\\Proyek 3\\sidora_dosen\\devOps\\app\\Http\\Controllers\\Dosen\\PortofolioController.php(28): Illuminate\\Database\\Eloquent\\Model->__get('profilDosen')
#17 D:\\Proyek 3\\sidora_dosen\\devOps\\vendor\\laravel\\framework\\src\\Illuminate\\Routing\\ControllerDispatcher.php(46): App\\Http\\Controllers\\Dosen\\PortofolioController->index()
#18 D:\\Proyek 3\\sidora_dosen\\devOps\\vendor\\laravel\\framework\\src\\Illuminate\\Routing\\Route.php(265): Illuminate\\Routing\\ControllerDispatcher->dispatch(Object(Illuminate\\Routing\\Route), Object(App\\Http\\Controllers\\Dosen\\PortofolioController), 'index')
#19 D:\\Proyek 3\\sidora_dosen\\devOps\\vendor\\laravel\\framework\\src\\Illuminate\\Routing\\Route.php(211): Illuminate\\Routing\\Route->runController()
#20 D:\\Proyek 3\\sidora_dosen\\devOps\\vendor\\laravel\\framework\\src\\Illuminate\\Routing\\Router.php(822): Illuminate\\Routing\\Route->run()
#21 D:\\Proyek 3\\sidora_dosen\\devOps\\vendor\\laravel\\framework\\src\\Illuminate\\Pipeline\\Pipeline.php(180): Illuminate\\Routing\\Router->Illuminate\\Routing\\{closure}(Object(Illuminate\\Http\\Request))
#22 D:\\Proyek 3\\sidora_dosen\\devOps\\app\\Http\\Middleware\\CheckRole.php(34): Illuminate\\Pipeline\\Pipeline->Illuminate\\Pipeline\\{closure}(Object(Illuminate\\Http\\Request))
#23 D:\\Proyek 3\\sidora_dosen\\devOps\\vendor\\laravel\\framework\\src\\Illuminate\\Pipeline\\Pipeline.php(219): App\\Http\\Middleware\\CheckRole->handle(Object(Illuminate\\Http\\Request), Object(Closure), 'dosen')
#24 D:\\Proyek 3\\sidora_dosen\\devOps\\vendor\\laravel\\framework\\src\\Illuminate\\Foundation\\Http\\Middleware\\VerifyCsrfToken.php(87): Illuminate\\Pipeline\\Pipeline->Illuminate\\Pipeline\\{closure}(Object(Illuminate\\Http\\Request))
#25 D:\\Proyek 3\\sidora_dosen\\devOps\\vendor\\laravel\\framework\\src\\Illuminate\\Pipeline\\Pipeline.php(219): Illuminate\\Foundation\\Http\\Middleware\\VerifyCsrfToken->handle(Object(Illuminate\\Http\\Request), Object(Closure))
#26 D:\\Proyek 3\\sidora_dosen\\devOps\\vendor\\laravel\\framework\\src\\Illuminate\\Routing\\Middleware\\SubstituteBindings.php(50): Illuminate\\Pipeline\\Pipeline->Illuminate\\Pipeline\\{closure}(Object(Illuminate\\Http\\Request))
#27 D:\\Proyek 3\\sidora_dosen\\devOps\\vendor\\laravel\\framework\\src\\Illuminate\\Pipeline\\Pipeline.php(219): Illuminate\\Routing\\Middleware\\SubstituteBindings->handle(Object(Illuminate\\Http\\Request), Object(Closure))
#28 D:\\Proyek 3\\sidora_dosen\\devOps\\vendor\\laravel\\framework\\src\\Illuminate\\Session\\Middleware\\AuthenticateSession.php(66): Illuminate\\Pipeline\\Pipeline->Illuminate\\Pipeline\\{closure}(Object(Illuminate\\Http\\Request))
#29 D:\\Proyek 3\\sidora_dosen\\devOps\\vendor\\laravel\\framework\\src\\Illuminate\\Pipeline\\Pipeline.php(219): Illuminate\\Session\\Middleware\\AuthenticateSession->handle(Object(Illuminate\\Http\\Request), Object(Closure))
#30 D:\\Proyek 3\\sidora_dosen\\devOps\\vendor\\laravel\\framework\\src\\Illuminate\\Auth\\Middleware\\Authenticate.php(63): Illuminate\\Pipeline\\Pipeline->Illuminate\\Pipeline\\{closure}(Object(Illuminate\\Http\\Request))
#31 D:\\Proyek 3\\sidora_dosen\\devOps\\vendor\\laravel\\framework\\src\\Illuminate\\Pipeline\\Pipeline.php(219): Illuminate\\Auth\\Middleware\\Authenticate->handle(Object(Illuminate\\Http\\Request), Object(Closure))
#32 D:\\Proyek 3\\sidora_dosen\\devOps\\vendor\\laravel\\framework\\src\\Illuminate\\Foundation\\Http\\Middleware\\VerifyCsrfToken.php(87): Illuminate\\Pipeline\\Pipeline->Illuminate\\Pipeline\\{closure}(Object(Illuminate\\Http\\Request))
#33 D:\\Proyek 3\\sidora_dosen\\devOps\\vendor\\laravel\\framework\\src\\Illuminate\\Pipeline\\Pipeline.php(219): Illuminate\\Foundation\\Http\\Middleware\\VerifyCsrfToken->handle(Object(Illuminate\\Http\\Request), Object(Closure))
#34 D:\\Proyek 3\\sidora_dosen\\devOps\\vendor\\laravel\\framework\\src\\Illuminate\\View\\Middleware\\ShareErrorsFromSession.php(48): Illuminate\\Pipeline\\Pipeline->Illuminate\\Pipeline\\{closure}(Object(Illuminate\\Http\\Request))
#35 D:\\Proyek 3\\sidora_dosen\\devOps\\vendor\\laravel\\framework\\src\\Illuminate\\Pipeline\\Pipeline.php(219): Illuminate\\View\\Middleware\\ShareErrorsFromSession->handle(Object(Illuminate\\Http\\Request), Object(Closure))
#36 D:\\Proyek 3\\sidora_dosen\\devOps\\vendor\\laravel\\framework\\src\\Illuminate\\Session\\Middleware\\StartSession.php(120): Illuminate\\Pipeline\\Pipeline->Illuminate\\Pipeline\\{closure}(Object(Illuminate\\Http\\Request))
#37 D:\\Proyek 3\\sidora_dosen\\devOps\\vendor\\laravel\\framework\\src\\Illuminate\\Session\\Middleware\\StartSession.php(63): Illuminate\\Session\\Middleware\\StartSession->handleStatefulRequest(Object(Illuminate\\Http\\Request), Object(Illuminate\\Session\\Store), Object(Closure))
#38 D:\\Proyek 3\\sidora_dosen\\devOps\\vendor\\laravel\\framework\\src\\Illuminate\\Pipeline\\Pipeline.php(219): Illuminate\\Session\\Middleware\\StartSession->handle(Object(Illuminate\\Http\\Request), Object(Closure))
#39 D:\\Proyek 3\\sidora_dosen\\devOps\\vendor\\laravel\\framework\\src\\Illuminate\\Cookie\\Middleware\\AddQueuedCookiesToResponse.php(36): Illuminate\\Pipeline\\Pipeline->Illuminate\\Pipeline\\{closure}(Object(Illuminate\\Http\\Request))
#40 D:\\Proyek 3\\sidora_dosen\\devOps\\vendor\\laravel\\framework\\src\\Illuminate\\Pipeline\\Pipeline.php(219): Illuminate\\Cookie\\Middleware\\AddQueuedCookiesToResponse->handle(Object(Illuminate\\Http\\Request), Object(Closure))
#41 D:\\Proyek 3\\sidora_dosen\\devOps\\vendor\\laravel\\framework\\src\\Illuminate\\Cookie\\Middleware\\EncryptCookies.php(74): Illuminate\\Pipeline\\Pipeline->Illuminate\\Pipeline\\{closure}(Object(Illuminate\\Http\\Request))
#42 D:\\Proyek 3\\sidora_dosen\\devOps\\vendor\\laravel\\framework\\src\\Illuminate\\Pipeline\\Pipeline.php(219): Illuminate\\Cookie\\Middleware\\EncryptCookies->handle(Object(Illuminate\\Http\\Request), Object(Closure))
#43 D:\\Proyek 3\\sidora_dosen\\devOps\\vendor\\laravel\\framework\\src\\Illuminate\\Pipeline\\Pipeline.php(137): Illuminate\\Pipeline\\Pipeline->Illuminate\\Pipeline\\{closure}(Object(Illuminate\\Http\\Request))
#44 D:\\Proyek 3\\sidora_dosen\\devOps\\vendor\\laravel\\framework\\src\\Illuminate\\Routing\\Router.php(821): Illuminate\\Pipeline\\Pipeline->then(Object(Closure))
#45 D:\\Proyek 3\\sidora_dosen\\devOps\\vendor\\laravel\\framework\\src\\Illuminate\\Routing\\Router.php(800): Illuminate\\Routing\\Router->runRouteWithinStack(Object(Illuminate\\Routing\\Route), Object(Illuminate\\Http\\Request))
#46 D:\\Proyek 3\\sidora_dosen\\devOps\\vendor\\laravel\\framework\\src\\Illuminate\\Routing\\Router.php(764): Illuminate\\Routing\\Router->runRoute(Object(Illuminate\\Http\\Request), Object(Illuminate\\Routing\\Route))
#47 D:\\Proyek 3\\sidora_dosen\\devOps\\vendor\\laravel\\framework\\src\\Illuminate\\Routing\\Router.php(753): Illuminate\\Routing\\Router->dispatchToRoute(Object(Illuminate\\Http\\Request))
#48 D:\\Proyek 3\\sidora_dosen\\devOps\\vendor\\laravel\\framework\\src\\Illuminate\\Foundation\\Http\\Kernel.php(200): Illuminate\\Routing\\Router->dispatch(Object(Illuminate\\Http\\Request))
#49 D:\\Proyek 3\\sidora_dosen\\devOps\\vendor\\laravel\\framework\\src\\Illuminate\\Pipeline\\Pipeline.php(180): Illuminate\\Foundation\\Http\\Kernel->Illuminate\\Foundation\\Http\\{closure}(Object(Illuminate\\Http\\Request))
#50 D:\\Proyek 3\\sidora_dosen\\devOps\\vendor\\laravel\\framework\\src\\Illuminate\\Foundation\\Http\\Middleware\\TransformsRequest.php(21): Illuminate\\Pipeline\\Pipeline->Illuminate\\Pipeline\\{closure}(Object(Illuminate\\Http\\Request))
#51 D:\\Proyek 3\\sidora_dosen\\devOps\\vendor\\laravel\\framework\\src\\Illuminate\\Foundation\\Http\\Middleware\\ConvertEmptyStringsToNull.php(31): Illuminate\\Foundation\\Http\\Middleware\\TransformsRequest->handle(Object(Illuminate\\Http\\Request), Object(Closure))
#52 D:\\Proyek 3\\sidora_dosen\\devOps\\vendor\\laravel\\framework\\src\\Illuminate\\Pipeline\\Pipeline.php(219): Illuminate\\Foundation\\Http\\Middleware\\ConvertEmptyStringsToNull->handle(Object(Illuminate\\Http\\Request), Object(Closure))
#53 D:\\Proyek 3\\sidora_dosen\\devOps\\vendor\\laravel\\framework\\src\\Illuminate\\Foundation\\Http\\Middleware\\TransformsRequest.php(21): Illuminate\\Pipeline\\Pipeline->Illuminate\\Pipeline\\{closure}(Object(Illuminate\\Http\\Request))
#54 D:\\Proyek 3\\sidora_dosen\\devOps\\vendor\\laravel\\framework\\src\\Illuminate\\Foundation\\Http\\Middleware\\TrimStrings.php(51): Illuminate\\Foundation\\Http\\Middleware\\TransformsRequest->handle(Object(Illuminate\\Http\\Request), Object(Closure))
#55 D:\\Proyek 3\\sidora_dosen\\devOps\\vendor\\laravel\\framework\\src\\Illuminate\\Pipeline\\Pipeline.php(219): Illuminate\\Foundation\\Http\\Middleware\\TrimStrings->handle(Object(Illuminate\\Http\\Request), Object(Closure))
#56 D:\\Proyek 3\\sidora_dosen\\devOps\\vendor\\laravel\\framework\\src\\Illuminate\\Http\\Middleware\\ValidatePostSize.php(27): Illuminate\\Pipeline\\Pipeline->Illuminate\\Pipeline\\{closure}(Object(Illuminate\\Http\\Request))
#57 D:\\Proyek 3\\sidora_dosen\\devOps\\vendor\\laravel\\framework\\src\\Illuminate\\Pipeline\\Pipeline.php(219): Illuminate\\Http\\Middleware\\ValidatePostSize->handle(Object(Illuminate\\Http\\Request), Object(Closure))
#58 D:\\Proyek 3\\sidora_dosen\\devOps\\vendor\\laravel\\framework\\src\\Illuminate\\Foundation\\Http\\Middleware\\PreventRequestsDuringMaintenance.php(109): Illuminate\\Pipeline\\Pipeline->Illuminate\\Pipeline\\{closure}(Object(Illuminate\\Http\\Request))
#59 D:\\Proyek 3\\sidora_dosen\\devOps\\vendor\\laravel\\framework\\src\\Illuminate\\Pipeline\\Pipeline.php(219): Illuminate\\Foundation\\Http\\Middleware\\PreventRequestsDuringMaintenance->handle(Object(Illuminate\\Http\\Request), Object(Closure))
#60 D:\\Proyek 3\\sidora_dosen\\devOps\\vendor\\laravel\\framework\\src\\Illuminate\\Http\\Middleware\\HandleCors.php(48): Illuminate\\Pipeline\\Pipeline->Illuminate\\Pipeline\\{closure}(Object(Illuminate\\Http\\Request))
#61 D:\\Proyek 3\\sidora_dosen\\devOps\\vendor\\laravel\\framework\\src\\Illuminate\\Pipeline\\Pipeline.php(219): Illuminate\\Http\\Middleware\\HandleCors->handle(Object(Illuminate\\Http\\Request), Object(Closure))
#62 D:\\Proyek 3\\sidora_dosen\\devOps\\vendor\\laravel\\framework\\src\\Illuminate\\Http\\Middleware\\TrustProxies.php(58): Illuminate\\Pipeline\\Pipeline->Illuminate\\Pipeline\\{closure}(Object(Illuminate\\Http\\Request))
#63 D:\\Proyek 3\\sidora_dosen\\devOps\\vendor\\laravel\\framework\\src\\Illuminate\\Pipeline\\Pipeline.php(219): Illuminate\\Http\\Middleware\\TrustProxies->handle(Object(Illuminate\\Http\\Request), Object(Closure))
#64 D:\\Proyek 3\\sidora_dosen\\devOps\\vendor\\laravel\\framework\\src\\Illuminate\\Foundation\\Http\\Middleware\\InvokeDeferredCallbacks.php(22): Illuminate\\Pipeline\\Pipeline->Illuminate\\Pipeline\\{closure}(Object(Illuminate\\Http\\Request))
#65 D:\\Proyek 3\\sidora_dosen\\devOps\\vendor\\laravel\\framework\\src\\Illuminate\\Pipeline\\Pipeline.php(219): Illuminate\\Foundation\\Http\\Middleware\\InvokeDeferredCallbacks->handle(Object(Illuminate\\Http\\Request), Object(Closure))
#66 D:\\Proyek 3\\sidora_dosen\\devOps\\vendor\\laravel\\framework\\src\\Illuminate\\Http\\Middleware\\ValidatePathEncoding.php(26): Illuminate\\Pipeline\\Pipeline->Illuminate\\Pipeline\\{closure}(Object(Illuminate\\Http\\Request))
#67 D:\\Proyek 3\\sidora_dosen\\devOps\\vendor\\laravel\\framework\\src\\Illuminate\\Pipeline\\Pipeline.php(219): Illuminate\\Http\\Middleware\\ValidatePathEncoding->handle(Object(Illuminate\\Http\\Request), Object(Closure))
#68 D:\\Proyek 3\\sidora_dosen\\devOps\\vendor\\laravel\\framework\\src\\Illuminate\\Pipeline\\Pipeline.php(137): Illuminate\\Pipeline\\Pipeline->Illuminate\\Pipeline\\{closure}(Object(Illuminate\\Http\\Request))
#69 D:\\Proyek 3\\sidora_dosen\\devOps\\vendor\\laravel\\framework\\src\\Illuminate\\Foundation\\Http\\Kernel.php(175): Illuminate\\Pipeline\\Pipeline->then(Object(Closure))
#70 D:\\Proyek 3\\sidora_dosen\\devOps\\vendor\\laravel\\framework\\src\\Illuminate\\Foundation\\Http\\Kernel.php(144): Illuminate\\Foundation\\Http\\Kernel->sendRequestThroughRouter(Object(Illuminate\\Http\\Request))
#71 D:\\Proyek 3\\sidora_dosen\\devOps\\vendor\\laravel\\framework\\src\\Illuminate\\Foundation\\Application.php(1220): Illuminate\\Foundation\\Http\\Kernel->handle(Object(Illuminate\\Http\\Request))
#72 D:\\Proyek 3\\sidora_dosen\\devOps\\public\\index.php(20): Illuminate\\Foundation\\Application->handleRequest(Object(Illuminate\\Http\\Request))
#73 D:\\Proyek 3\\sidora_dosen\\devOps\\vendor\\laravel\\framework\\src\\Illuminate\\Foundation\\resources\\server.php(23): require_once('D:\\\\Proyek 3\\\\sid...')
#74 {main}
"} 
[2025-11-26 10:52:05] local.ERROR: SQLSTATE[42P01]: Undefined table: 7 ERROR:  relation "profil_dosen" does not exist
LINE 1: select * from "profil_dosen" where "profil_dosen"."id_user" ...
                      ^ (Connection: pgsql, SQL: select * from "profil_dosen" where "profil_dosen"."id_user" = 9 and "profil_dosen"."id_user" is not null limit 1) {"userId":9,"exception":"[object] (Illuminate\\Database\\QueryException(code: 42P01): SQLSTATE[42P01]: Undefined table: 7 ERROR:  relation \"profil_dosen\" does not exist
LINE 1: select * from \"profil_dosen\" where \"profil_dosen\".\"id_user\" ...
                      ^ (Connection: pgsql, SQL: select * from \"profil_dosen\" where \"profil_dosen\".\"id_user\" = 9 and \"profil_dosen\".\"id_user\" is not null limit 1) at D:\\Proyek 3\\sidora_dosen\\devOps\\vendor\\laravel\\framework\\src\\Illuminate\\Database\\Connection.php:824)
[stacktrace]
#0 D:\\Proyek 3\\sidora_dosen\\devOps\\vendor\\laravel\\framework\\src\\Illuminate\\Database\\Connection.php(778): Illuminate\\Database\\Connection->runQueryCallback('select * from \"...', Array, Object(Closure))
#1 D:\\Proyek 3\\sidora_dosen\\devOps\\vendor\\laravel\\framework\\src\\Illuminate\\Database\\Connection.php(397): Illuminate\\Database\\Connection->run('select * from \"...', Array, Object(Closure))
#2 D:\\Proyek 3\\sidora_dosen\\devOps\\vendor\\laravel\\framework\\src\\Illuminate\\Database\\Query\\Builder.php(3188): Illuminate\\Database\\Connection->select('select * from \"...', Array, true)
#3 D:\\Proyek 3\\sidora_dosen\\devOps\\vendor\\laravel\\framework\\src\\Illuminate\\Database\\Query\\Builder.php(3173): Illuminate\\Database\\Query\\Builder->runSelect()
#4 D:\\Proyek 3\\sidora_dosen\\devOps\\vendor\\laravel\\framework\\src\\Illuminate\\Database\\Query\\Builder.php(3763): Illuminate\\Database\\Query\\Builder->Illuminate\\Database\\Query\\{closure}()
#5 D:\\Proyek 3\\sidora_dosen\\devOps\\vendor\\laravel\\framework\\src\\Illuminate\\Database\\Query\\Builder.php(3172): Illuminate\\Database\\Query\\Builder->onceWithColumns(Array, Object(Closure))
#6 D:\\Proyek 3\\sidora_dosen\\devOps\\vendor\\laravel\\framework\\src\\Illuminate\\Database\\Eloquent\\Builder.php(902): Illuminate\\Database\\Query\\Builder->get(Array)
#7 D:\\Proyek 3\\sidora_dosen\\devOps\\vendor\\laravel\\framework\\src\\Illuminate\\Database\\Eloquent\\Builder.php(884): Illuminate\\Database\\Eloquent\\Builder->getModels(Array)
#8 D:\\Proyek 3\\sidora_dosen\\devOps\\vendor\\laravel\\framework\\src\\Illuminate\\Database\\Concerns\\BuildsQueries.php(366): Illuminate\\Database\\Eloquent\\Builder->get(Array)
#9 D:\\Proyek 3\\sidora_dosen\\devOps\\vendor\\laravel\\framework\\src\\Illuminate\\Database\\Eloquent\\Relations\\HasOne.php(31): Illuminate\\Database\\Eloquent\\Builder->first()
#10 D:\\Proyek 3\\sidora_dosen\\devOps\\vendor\\laravel\\framework\\src\\Illuminate\\Database\\Eloquent\\Concerns\\HasAttributes.php(635): Illuminate\\Database\\Eloquent\\Relations\\HasOne->getResults()
#11 D:\\Proyek 3\\sidora_dosen\\devOps\\vendor\\laravel\\framework\\src\\Illuminate\\Database\\Eloquent\\Concerns\\HasAttributes.php(573): Illuminate\\Database\\Eloquent\\Model->getRelationshipFromMethod('profilDosen')
#12 D:\\Proyek 3\\sidora_dosen\\devOps\\vendor\\laravel\\framework\\src\\Illuminate\\Database\\Eloquent\\Concerns\\HasAttributes.php(494): Illuminate\\Database\\Eloquent\\Model->getRelationValue('profilDosen')
#13 D:\\Proyek 3\\sidora_dosen\\devOps\\vendor\\laravel\\framework\\src\\Illuminate\\Database\\Eloquent\\Model.php(2423): Illuminate\\Database\\Eloquent\\Model->getAttribute('profilDosen')
#14 D:\\Proyek 3\\sidora_dosen\\devOps\\app\\Http\\Controllers\\Dosen\\PortofolioController.php(28): Illuminate\\Database\\Eloquent\\Model->__get('profilDosen')
#15 D:\\Proyek 3\\sidora_dosen\\devOps\\vendor\\laravel\\framework\\src\\Illuminate\\Routing\\ControllerDispatcher.php(46): App\\Http\\Controllers\\Dosen\\PortofolioController->index()
#16 D:\\Proyek 3\\sidora_dosen\\devOps\\vendor\\laravel\\framework\\src\\Illuminate\\Routing\\Route.php(265): Illuminate\\Routing\\ControllerDispatcher->dispatch(Object(Illuminate\\Routing\\Route), Object(App\\Http\\Controllers\\Dosen\\PortofolioController), 'index')
#17 D:\\Proyek 3\\sidora_dosen\\devOps\\vendor\\laravel\\framework\\src\\Illuminate\\Routing\\Route.php(211): Illuminate\\Routing\\Route->runController()
#18 D:\\Proyek 3\\sidora_dosen\\devOps\\vendor\\laravel\\framework\\src\\Illuminate\\Routing\\Router.php(822): Illuminate\\Routing\\Route->run()
#19 D:\\Proyek 3\\sidora_dosen\\devOps\\vendor\\laravel\\framework\\src\\Illuminate\\Pipeline\\Pipeline.php(180): Illuminate\\Routing\\Router->Illuminate\\Routing\\{closure}(Object(Illuminate\\Http\\Request))
#20 D:\\Proyek 3\\sidora_dosen\\devOps\\app\\Http\\Middleware\\CheckRole.php(34): Illuminate\\Pipeline\\Pipeline->Illuminate\\Pipeline\\{closure}(Object(Illuminate\\Http\\Request))
#21 D:\\Proyek 3\\sidora_dosen\\devOps\\vendor\\laravel\\framework\\src\\Illuminate\\Pipeline\\Pipeline.php(219): App\\Http\\Middleware\\CheckRole->handle(Object(Illuminate\\Http\\Request), Object(Closure), 'dosen')
#22 D:\\Proyek 3\\sidora_dosen\\devOps\\vendor\\laravel\\framework\\src\\Illuminate\\Foundation\\Http\\Middleware\\VerifyCsrfToken.php(87): Illuminate\\Pipeline\\Pipeline->Illuminate\\Pipeline\\{closure}(Object(Illuminate\\Http\\Request))
#23 D:\\Proyek 3\\sidora_dosen\\devOps\\vendor\\laravel\\framework\\src\\Illuminate\\Pipeline\\Pipeline.php(219): Illuminate\\Foundation\\Http\\Middleware\\VerifyCsrfToken->handle(Object(Illuminate\\Http\\Request), Object(Closure))
#24 D:\\Proyek 3\\sidora_dosen\\devOps\\vendor\\laravel\\framework\\src\\Illuminate\\Routing\\Middleware\\SubstituteBindings.php(50): Illuminate\\Pipeline\\Pipeline->Illuminate\\Pipeline\\{closure}(Object(Illuminate\\Http\\Request))
#25 D:\\Proyek 3\\sidora_dosen\\devOps\\vendor\\laravel\\framework\\src\\Illuminate\\Pipeline\\Pipeline.php(219): Illuminate\\Routing\\Middleware\\SubstituteBindings->handle(Object(Illuminate\\Http\\Request), Object(Closure))
#26 D:\\Proyek 3\\sidora_dosen\\devOps\\vendor\\laravel\\framework\\src\\Illuminate\\Session\\Middleware\\AuthenticateSession.php(66): Illuminate\\Pipeline\\Pipeline->Illuminate\\Pipeline\\{closure}(Object(Illuminate\\Http\\Request))
#27 D:\\Proyek 3\\sidora_dosen\\devOps\\vendor\\laravel\\framework\\src\\Illuminate\\Pipeline\\Pipeline.php(219): Illuminate\\Session\\Middleware\\AuthenticateSession->handle(Object(Illuminate\\Http\\Request), Object(Closure))
#28 D:\\Proyek 3\\sidora_dosen\\devOps\\vendor\\laravel\\framework\\src\\Illuminate\\Auth\\Middleware\\Authenticate.php(63): Illuminate\\Pipeline\\Pipeline->Illuminate\\Pipeline\\{closure}(Object(Illuminate\\Http\\Request))
#29 D:\\Proyek 3\\sidora_dosen\\devOps\\vendor\\laravel\\framework\\src\\Illuminate\\Pipeline\\Pipeline.php(219): Illuminate\\Auth\\Middleware\\Authenticate->handle(Object(Illuminate\\Http\\Request), Object(Closure))
#30 D:\\Proyek 3\\sidora_dosen\\devOps\\vendor\\laravel\\framework\\src\\Illuminate\\Foundation\\Http\\Middleware\\VerifyCsrfToken.php(87): Illuminate\\Pipeline\\Pipeline->Illuminate\\Pipeline\\{closure}(Object(Illuminate\\Http\\Request))
#31 D:\\Proyek 3\\sidora_dosen\\devOps\\vendor\\laravel\\framework\\src\\Illuminate\\Pipeline\\Pipeline.php(219): Illuminate\\Foundation\\Http\\Middleware\\VerifyCsrfToken->handle(Object(Illuminate\\Http\\Request), Object(Closure))
#32 D:\\Proyek 3\\sidora_dosen\\devOps\\vendor\\laravel\\framework\\src\\Illuminate\\View\\Middleware\\ShareErrorsFromSession.php(48): Illuminate\\Pipeline\\Pipeline->Illuminate\\Pipeline\\{closure}(Object(Illuminate\\Http\\Request))
#33 D:\\Proyek 3\\sidora_dosen\\devOps\\vendor\\laravel\\framework\\src\\Illuminate\\Pipeline\\Pipeline.php(219): Illuminate\\View\\Middleware\\ShareErrorsFromSession->handle(Object(Illuminate\\Http\\Request), Object(Closure))
#34 D:\\Proyek 3\\sidora_dosen\\devOps\\vendor\\laravel\\framework\\src\\Illuminate\\Session\\Middleware\\StartSession.php(120): Illuminate\\Pipeline\\Pipeline->Illuminate\\Pipeline\\{closure}(Object(Illuminate\\Http\\Request))
#35 D:\\Proyek 3\\sidora_dosen\\devOps\\vendor\\laravel\\framework\\src\\Illuminate\\Session\\Middleware\\StartSession.php(63): Illuminate\\Session\\Middleware\\StartSession->handleStatefulRequest(Object(Illuminate\\Http\\Request), Object(Illuminate\\Session\\Store), Object(Closure))
#36 D:\\Proyek 3\\sidora_dosen\\devOps\\vendor\\laravel\\framework\\src\\Illuminate\\Pipeline\\Pipeline.php(219): Illuminate\\Session\\Middleware\\StartSession->handle(Object(Illuminate\\Http\\Request), Object(Closure))
#37 D:\\Proyek 3\\sidora_dosen\\devOps\\vendor\\laravel\\framework\\src\\Illuminate\\Cookie\\Middleware\\AddQueuedCookiesToResponse.php(36): Illuminate\\Pipeline\\Pipeline->Illuminate\\Pipeline\\{closure}(Object(Illuminate\\Http\\Request))
#38 D:\\Proyek 3\\sidora_dosen\\devOps\\vendor\\laravel\\framework\\src\\Illuminate\\Pipeline\\Pipeline.php(219): Illuminate\\Cookie\\Middleware\\AddQueuedCookiesToResponse->handle(Object(Illuminate\\Http\\Request), Object(Closure))
#39 D:\\Proyek 3\\sidora_dosen\\devOps\\vendor\\laravel\\framework\\src\\Illuminate\\Cookie\\Middleware\\EncryptCookies.php(74): Illuminate\\Pipeline\\Pipeline->Illuminate\\Pipeline\\{closure}(Object(Illuminate\\Http\\Request))
#40 D:\\Proyek 3\\sidora_dosen\\devOps\\vendor\\laravel\\framework\\src\\Illuminate\\Pipeline\\Pipeline.php(219): Illuminate\\Cookie\\Middleware\\EncryptCookies->handle(Object(Illuminate\\Http\\Request), Object(Closure))
#41 D:\\Proyek 3\\sidora_dosen\\devOps\\vendor\\laravel\\framework\\src\\Illuminate\\Pipeline\\Pipeline.php(137): Illuminate\\Pipeline\\Pipeline->Illuminate\\Pipeline\\{closure}(Object(Illuminate\\Http\\Request))
#42 D:\\Proyek 3\\sidora_dosen\\devOps\\vendor\\laravel\\framework\\src\\Illuminate\\Routing\\Router.php(821): Illuminate\\Pipeline\\Pipeline->then(Object(Closure))
#43 D:\\Proyek 3\\sidora_dosen\\devOps\\vendor\\laravel\\framework\\src\\Illuminate\\Routing\\Router.php(800): Illuminate\\Routing\\Router->runRouteWithinStack(Object(Illuminate\\Routing\\Route), Object(Illuminate\\Http\\Request))
#44 D:\\Proyek 3\\sidora_dosen\\devOps\\vendor\\laravel\\framework\\src\\Illuminate\\Routing\\Router.php(764): Illuminate\\Routing\\Router->runRoute(Object(Illuminate\\Http\\Request), Object(Illuminate\\Routing\\Route))
#45 D:\\Proyek 3\\sidora_dosen\\devOps\\vendor\\laravel\\framework\\src\\Illuminate\\Routing\\Router.php(753): Illuminate\\Routing\\Router->dispatchToRoute(Object(Illuminate\\Http\\Request))
#46 D:\\Proyek 3\\sidora_dosen\\devOps\\vendor\\laravel\\framework\\src\\Illuminate\\Foundation\\Http\\Kernel.php(200): Illuminate\\Routing\\Router->dispatch(Object(Illuminate\\Http\\Request))
#47 D:\\Proyek 3\\sidora_dosen\\devOps\\vendor\\laravel\\framework\\src\\Illuminate\\Pipeline\\Pipeline.php(180): Illuminate\\Foundation\\Http\\Kernel->Illuminate\\Foundation\\Http\\{closure}(Object(Illuminate\\Http\\Request))
#48 D:\\Proyek 3\\sidora_dosen\\devOps\\vendor\\laravel\\framework\\src\\Illuminate\\Foundation\\Http\\Middleware\\TransformsRequest.php(21): Illuminate\\Pipeline\\Pipeline->Illuminate\\Pipeline\\{closure}(Object(Illuminate\\Http\\Request))
#49 D:\\Proyek 3\\sidora_dosen\\devOps\\vendor\\laravel\\framework\\src\\Illuminate\\Foundation\\Http\\Middleware\\ConvertEmptyStringsToNull.php(31): Illuminate\\Foundation\\Http\\Middleware\\TransformsRequest->handle(Object(Illuminate\\Http\\Request), Object(Closure))
#50 D:\\Proyek 3\\sidora_dosen\\devOps\\vendor\\laravel\\framework\\src\\Illuminate\\Pipeline\\Pipeline.php(219): Illuminate\\Foundation\\Http\\Middleware\\ConvertEmptyStringsToNull->handle(Object(Illuminate\\Http\\Request), Object(Closure))
#51 D:\\Proyek 3\\sidora_dosen\\devOps\\vendor\\laravel\\framework\\src\\Illuminate\\Foundation\\Http\\Middleware\\TransformsRequest.php(21): Illuminate\\Pipeline\\Pipeline->Illuminate\\Pipeline\\{closure}(Object(Illuminate\\Http\\Request))
#52 D:\\Proyek 3\\sidora_dosen\\devOps\\vendor\\laravel\\framework\\src\\Illuminate\\Foundation\\Http\\Middleware\\TrimStrings.php(51): Illuminate\\Foundation\\Http\\Middleware\\TransformsRequest->handle(Object(Illuminate\\Http\\Request), Object(Closure))
#53 D:\\Proyek 3\\sidora_dosen\\devOps\\vendor\\laravel\\framework\\src\\Illuminate\\Pipeline\\Pipeline.php(219): Illuminate\\Foundation\\Http\\Middleware\\TrimStrings->handle(Object(Illuminate\\Http\\Request), Object(Closure))
#54 D:\\Proyek 3\\sidora_dosen\\devOps\\vendor\\laravel\\framework\\src\\Illuminate\\Http\\Middleware\\ValidatePostSize.php(27): Illuminate\\Pipeline\\Pipeline->Illuminate\\Pipeline\\{closure}(Object(Illuminate\\Http\\Request))
#55 D:\\Proyek 3\\sidora_dosen\\devOps\\vendor\\laravel\\framework\\src\\Illuminate\\Pipeline\\Pipeline.php(219): Illuminate\\Http\\Middleware\\ValidatePostSize->handle(Object(Illuminate\\Http\\Request), Object(Closure))
#56 D:\\Proyek 3\\sidora_dosen\\devOps\\vendor\\laravel\\framework\\src\\Illuminate\\Foundation\\Http\\Middleware\\PreventRequestsDuringMaintenance.php(109): Illuminate\\Pipeline\\Pipeline->Illuminate\\Pipeline\\{closure}(Object(Illuminate\\Http\\Request))
#57 D:\\Proyek 3\\sidora_dosen\\devOps\\vendor\\laravel\\framework\\src\\Illuminate\\Pipeline\\Pipeline.php(219): Illuminate\\Foundation\\Http\\Middleware\\PreventRequestsDuringMaintenance->handle(Object(Illuminate\\Http\\Request), Object(Closure))
#58 D:\\Proyek 3\\sidora_dosen\\devOps\\vendor\\laravel\\framework\\src\\Illuminate\\Http\\Middleware\\HandleCors.php(48): Illuminate\\Pipeline\\Pipeline->Illuminate\\Pipeline\\{closure}(Object(Illuminate\\Http\\Request))
#59 D:\\Proyek 3\\sidora_dosen\\devOps\\vendor\\laravel\\framework\\src\\Illuminate\\Pipeline\\Pipeline.php(219): Illuminate\\Http\\Middleware\\HandleCors->handle(Object(Illuminate\\Http\\Request), Object(Closure))
#60 D:\\Proyek 3\\sidora_dosen\\devOps\\vendor\\laravel\\framework\\src\\Illuminate\\Http\\Middleware\\TrustProxies.php(58): Illuminate\\Pipeline\\Pipeline->Illuminate\\Pipeline\\{closure}(Object(Illuminate\\Http\\Request))
#61 D:\\Proyek 3\\sidora_dosen\\devOps\\vendor\\laravel\\framework\\src\\Illuminate\\Pipeline\\Pipeline.php(219): Illuminate\\Http\\Middleware\\TrustProxies->handle(Object(Illuminate\\Http\\Request), Object(Closure))
#62 D:\\Proyek 3\\sidora_dosen\\devOps\\vendor\\laravel\\framework\\src\\Illuminate\\Foundation\\Http\\Middleware\\InvokeDeferredCallbacks.php(22): Illuminate\\Pipeline\\Pipeline->Illuminate\\Pipeline\\{closure}(Object(Illuminate\\Http\\Request))
#63 D:\\Proyek 3\\sidora_dosen\\devOps\\vendor\\laravel\\framework\\src\\Illuminate\\Pipeline\\Pipeline.php(219): Illuminate\\Foundation\\Http\\Middleware\\InvokeDeferredCallbacks->handle(Object(Illuminate\\Http\\Request), Object(Closure))
#64 D:\\Proyek 3\\sidora_dosen\\devOps\\vendor\\laravel\\framework\\src\\Illuminate\\Http\\Middleware\\ValidatePathEncoding.php(26): Illuminate\\Pipeline\\Pipeline->Illuminate\\Pipeline\\{closure}(Object(Illuminate\\Http\\Request))
#65 D:\\Proyek 3\\sidora_dosen\\devOps\\vendor\\laravel\\framework\\src\\Illuminate\\Pipeline\\Pipeline.php(219): Illuminate\\Http\\Middleware\\ValidatePathEncoding->handle(Object(Illuminate\\Http\\Request), Object(Closure))
#66 D:\\Proyek 3\\sidora_dosen\\devOps\\vendor\\laravel\\framework\\src\\Illuminate\\Pipeline\\Pipeline.php(137): Illuminate\\Pipeline\\Pipeline->Illuminate\\Pipeline\\{closure}(Object(Illuminate\\Http\\Request))
#67 D:\\Proyek 3\\sidora_dosen\\devOps\\vendor\\laravel\\framework\\src\\Illuminate\\Foundation\\Http\\Kernel.php(175): Illuminate\\Pipeline\\Pipeline->then(Object(Closure))
#68 D:\\Proyek 3\\sidora_dosen\\devOps\\vendor\\laravel\\framework\\src\\Illuminate\\Foundation\\Http\\Kernel.php(144): Illuminate\\Foundation\\Http\\Kernel->sendRequestThroughRouter(Object(Illuminate\\Http\\Request))
#69 D:\\Proyek 3\\sidora_dosen\\devOps\\vendor\\laravel\\framework\\src\\Illuminate\\Foundation\\Application.php(1220): Illuminate\\Foundation\\Http\\Kernel->handle(Object(Illuminate\\Http\\Request))
#70 D:\\Proyek 3\\sidora_dosen\\devOps\\public\\index.php(20): Illuminate\\Foundation\\Application->handleRequest(Object(Illuminate\\Http\\Request))
#71 D:\\Proyek 3\\sidora_dosen\\devOps\\vendor\\laravel\\framework\\src\\Illuminate\\Foundation\\resources\\server.php(23): require_once('D:\\\\Proyek 3\\\\sid...')
#72 {main}

[previous exception] [object] (PDOException(code: 42P01): SQLSTATE[42P01]: Undefined table: 7 ERROR:  relation \"profil_dosen\" does not exist
LINE 1: select * from \"profil_dosen\" where \"profil_dosen\".\"id_user\" ...
                      ^ at D:\\Proyek 3\\sidora_dosen\\devOps\\vendor\\laravel\\framework\\src\\Illuminate\\Database\\Connection.php:411)
[stacktrace]
#0 D:\\Proyek 3\\sidora_dosen\\devOps\\vendor\\laravel\\framework\\src\\Illuminate\\Database\\Connection.php(411): PDOStatement->execute()
#1 D:\\Proyek 3\\sidora_dosen\\devOps\\vendor\\laravel\\framework\\src\\Illuminate\\Database\\Connection.php(811): Illuminate\\Database\\Connection->Illuminate\\Database\\{closure}('select * from \"...', Array)
#2 D:\\Proyek 3\\sidora_dosen\\devOps\\vendor\\laravel\\framework\\src\\Illuminate\\Database\\Connection.php(778): Illuminate\\Database\\Connection->runQueryCallback('select * from \"...', Array, Object(Closure))
#3 D:\\Proyek 3\\sidora_dosen\\devOps\\vendor\\laravel\\framework\\src\\Illuminate\\Database\\Connection.php(397): Illuminate\\Database\\Connection->run('select * from \"...', Array, Object(Closure))
#4 D:\\Proyek 3\\sidora_dosen\\devOps\\vendor\\laravel\\framework\\src\\Illuminate\\Database\\Query\\Builder.php(3188): Illuminate\\Database\\Connection->select('select * from \"...', Array, true)
#5 D:\\Proyek 3\\sidora_dosen\\devOps\\vendor\\laravel\\framework\\src\\Illuminate\\Database\\Query\\Builder.php(3173): Illuminate\\Database\\Query\\Builder->runSelect()
#6 D:\\Proyek 3\\sidora_dosen\\devOps\\vendor\\laravel\\framework\\src\\Illuminate\\Database\\Query\\Builder.php(3763): Illuminate\\Database\\Query\\Builder->Illuminate\\Database\\Query\\{closure}()
#7 D:\\Proyek 3\\sidora_dosen\\devOps\\vendor\\laravel\\framework\\src\\Illuminate\\Database\\Query\\Builder.php(3172): Illuminate\\Database\\Query\\Builder->onceWithColumns(Array, Object(Closure))
#8 D:\\Proyek 3\\sidora_dosen\\devOps\\vendor\\laravel\\framework\\src\\Illuminate\\Database\\Eloquent\\Builder.php(902): Illuminate\\Database\\Query\\Builder->get(Array)
#9 D:\\Proyek 3\\sidora_dosen\\devOps\\vendor\\laravel\\framework\\src\\Illuminate\\Database\\Eloquent\\Builder.php(884): Illuminate\\Database\\Eloquent\\Builder->getModels(Array)
#10 D:\\Proyek 3\\sidora_dosen\\devOps\\vendor\\laravel\\framework\\src\\Illuminate\\Database\\Concerns\\BuildsQueries.php(366): Illuminate\\Database\\Eloquent\\Builder->get(Array)
#11 D:\\Proyek 3\\sidora_dosen\\devOps\\vendor\\laravel\\framework\\src\\Illuminate\\Database\\Eloquent\\Relations\\HasOne.php(31): Illuminate\\Database\\Eloquent\\Builder->first()
#12 D:\\Proyek 3\\sidora_dosen\\devOps\\vendor\\laravel\\framework\\src\\Illuminate\\Database\\Eloquent\\Concerns\\HasAttributes.php(635): Illuminate\\Database\\Eloquent\\Relations\\HasOne->getResults()
#13 D:\\Proyek 3\\sidora_dosen\\devOps\\vendor\\laravel\\framework\\src\\Illuminate\\Database\\Eloquent\\Concerns\\HasAttributes.php(573): Illuminate\\Database\\Eloquent\\Model->getRelationshipFromMethod('profilDosen')
#14 D:\\Proyek 3\\sidora_dosen\\devOps\\vendor\\laravel\\framework\\src\\Illuminate\\Database\\Eloquent\\Concerns\\HasAttributes.php(494): Illuminate\\Database\\Eloquent\\Model->getRelationValue('profilDosen')
#15 D:\\Proyek 3\\sidora_dosen\\devOps\\vendor\\laravel\\framework\\src\\Illuminate\\Database\\Eloquent\\Model.php(2423): Illuminate\\Database\\Eloquent\\Model->getAttribute('profilDosen')
#16 D:\\Proyek 3\\sidora_dosen\\devOps\\app\\Http\\Controllers\\Dosen\\PortofolioController.php(28): Illuminate\\Database\\Eloquent\\Model->__get('profilDosen')
#17 D:\\Proyek 3\\sidora_dosen\\devOps\\vendor\\laravel\\framework\\src\\Illuminate\\Routing\\ControllerDispatcher.php(46): App\\Http\\Controllers\\Dosen\\PortofolioController->index()
#18 D:\\Proyek 3\\sidora_dosen\\devOps\\vendor\\laravel\\framework\\src\\Illuminate\\Routing\\Route.php(265): Illuminate\\Routing\\ControllerDispatcher->dispatch(Object(Illuminate\\Routing\\Route), Object(App\\Http\\Controllers\\Dosen\\PortofolioController), 'index')
#19 D:\\Proyek 3\\sidora_dosen\\devOps\\vendor\\laravel\\framework\\src\\Illuminate\\Routing\\Route.php(211): Illuminate\\Routing\\Route->runController()
#20 D:\\Proyek 3\\sidora_dosen\\devOps\\vendor\\laravel\\framework\\src\\Illuminate\\Routing\\Router.php(822): Illuminate\\Routing\\Route->run()
#21 D:\\Proyek 3\\sidora_dosen\\devOps\\vendor\\laravel\\framework\\src\\Illuminate\\Pipeline\\Pipeline.php(180): Illuminate\\Routing\\Router->Illuminate\\Routing\\{closure}(Object(Illuminate\\Http\\Request))
#22 D:\\Proyek 3\\sidora_dosen\\devOps\\app\\Http\\Middleware\\CheckRole.php(34): Illuminate\\Pipeline\\Pipeline->Illuminate\\Pipeline\\{closure}(Object(Illuminate\\Http\\Request))
#23 D:\\Proyek 3\\sidora_dosen\\devOps\\vendor\\laravel\\framework\\src\\Illuminate\\Pipeline\\Pipeline.php(219): App\\Http\\Middleware\\CheckRole->handle(Object(Illuminate\\Http\\Request), Object(Closure), 'dosen')
#24 D:\\Proyek 3\\sidora_dosen\\devOps\\vendor\\laravel\\framework\\src\\Illuminate\\Foundation\\Http\\Middleware\\VerifyCsrfToken.php(87): Illuminate\\Pipeline\\Pipeline->Illuminate\\Pipeline\\{closure}(Object(Illuminate\\Http\\Request))
#25 D:\\Proyek 3\\sidora_dosen\\devOps\\vendor\\laravel\\framework\\src\\Illuminate\\Pipeline\\Pipeline.php(219): Illuminate\\Foundation\\Http\\Middleware\\VerifyCsrfToken->handle(Object(Illuminate\\Http\\Request), Object(Closure))
#26 D:\\Proyek 3\\sidora_dosen\\devOps\\vendor\\laravel\\framework\\src\\Illuminate\\Routing\\Middleware\\SubstituteBindings.php(50): Illuminate\\Pipeline\\Pipeline->Illuminate\\Pipeline\\{closure}(Object(Illuminate\\Http\\Request))
#27 D:\\Proyek 3\\sidora_dosen\\devOps\\vendor\\laravel\\framework\\src\\Illuminate\\Pipeline\\Pipeline.php(219): Illuminate\\Routing\\Middleware\\SubstituteBindings->handle(Object(Illuminate\\Http\\Request), Object(Closure))
#28 D:\\Proyek 3\\sidora_dosen\\devOps\\vendor\\laravel\\framework\\src\\Illuminate\\Session\\Middleware\\AuthenticateSession.php(66): Illuminate\\Pipeline\\Pipeline->Illuminate\\Pipeline\\{closure}(Object(Illuminate\\Http\\Request))
#29 D:\\Proyek 3\\sidora_dosen\\devOps\\vendor\\laravel\\framework\\src\\Illuminate\\Pipeline\\Pipeline.php(219): Illuminate\\Session\\Middleware\\AuthenticateSession->handle(Object(Illuminate\\Http\\Request), Object(Closure))
#30 D:\\Proyek 3\\sidora_dosen\\devOps\\vendor\\laravel\\framework\\src\\Illuminate\\Auth\\Middleware\\Authenticate.php(63): Illuminate\\Pipeline\\Pipeline->Illuminate\\Pipeline\\{closure}(Object(Illuminate\\Http\\Request))
#31 D:\\Proyek 3\\sidora_dosen\\devOps\\vendor\\laravel\\framework\\src\\Illuminate\\Pipeline\\Pipeline.php(219): Illuminate\\Auth\\Middleware\\Authenticate->handle(Object(Illuminate\\Http\\Request), Object(Closure))
#32 D:\\Proyek 3\\sidora_dosen\\devOps\\vendor\\laravel\\framework\\src\\Illuminate\\Foundation\\Http\\Middleware\\VerifyCsrfToken.php(87): Illuminate\\Pipeline\\Pipeline->Illuminate\\Pipeline\\{closure}(Object(Illuminate\\Http\\Request))
#33 D:\\Proyek 3\\sidora_dosen\\devOps\\vendor\\laravel\\framework\\src\\Illuminate\\Pipeline\\Pipeline.php(219): Illuminate\\Foundation\\Http\\Middleware\\VerifyCsrfToken->handle(Object(Illuminate\\Http\\Request), Object(Closure))
#34 D:\\Proyek 3\\sidora_dosen\\devOps\\vendor\\laravel\\framework\\src\\Illuminate\\View\\Middleware\\ShareErrorsFromSession.php(48): Illuminate\\Pipeline\\Pipeline->Illuminate\\Pipeline\\{closure}(Object(Illuminate\\Http\\Request))
#35 D:\\Proyek 3\\sidora_dosen\\devOps\\vendor\\laravel\\framework\\src\\Illuminate\\Pipeline\\Pipeline.php(219): Illuminate\\View\\Middleware\\ShareErrorsFromSession->handle(Object(Illuminate\\Http\\Request), Object(Closure))
#36 D:\\Proyek 3\\sidora_dosen\\devOps\\vendor\\laravel\\framework\\src\\Illuminate\\Session\\Middleware\\StartSession.php(120): Illuminate\\Pipeline\\Pipeline->Illuminate\\Pipeline\\{closure}(Object(Illuminate\\Http\\Request))
#37 D:\\Proyek 3\\sidora_dosen\\devOps\\vendor\\laravel\\framework\\src\\Illuminate\\Session\\Middleware\\StartSession.php(63): Illuminate\\Session\\Middleware\\StartSession->handleStatefulRequest(Object(Illuminate\\Http\\Request), Object(Illuminate\\Session\\Store), Object(Closure))
#38 D:\\Proyek 3\\sidora_dosen\\devOps\\vendor\\laravel\\framework\\src\\Illuminate\\Pipeline\\Pipeline.php(219): Illuminate\\Session\\Middleware\\StartSession->handle(Object(Illuminate\\Http\\Request), Object(Closure))
#39 D:\\Proyek 3\\sidora_dosen\\devOps\\vendor\\laravel\\framework\\src\\Illuminate\\Cookie\\Middleware\\AddQueuedCookiesToResponse.php(36): Illuminate\\Pipeline\\Pipeline->Illuminate\\Pipeline\\{closure}(Object(Illuminate\\Http\\Request))
#40 D:\\Proyek 3\\sidora_dosen\\devOps\\vendor\\laravel\\framework\\src\\Illuminate\\Pipeline\\Pipeline.php(219): Illuminate\\Cookie\\Middleware\\AddQueuedCookiesToResponse->handle(Object(Illuminate\\Http\\Request), Object(Closure))
#41 D:\\Proyek 3\\sidora_dosen\\devOps\\vendor\\laravel\\framework\\src\\Illuminate\\Cookie\\Middleware\\EncryptCookies.php(74): Illuminate\\Pipeline\\Pipeline->Illuminate\\Pipeline\\{closure}(Object(Illuminate\\Http\\Request))
#42 D:\\Proyek 3\\sidora_dosen\\devOps\\vendor\\laravel\\framework\\src\\Illuminate\\Pipeline\\Pipeline.php(219): Illuminate\\Cookie\\Middleware\\EncryptCookies->handle(Object(Illuminate\\Http\\Request), Object(Closure))
#43 D:\\Proyek 3\\sidora_dosen\\devOps\\vendor\\laravel\\framework\\src\\Illuminate\\Pipeline\\Pipeline.php(137): Illuminate\\Pipeline\\Pipeline->Illuminate\\Pipeline\\{closure}(Object(Illuminate\\Http\\Request))
#44 D:\\Proyek 3\\sidora_dosen\\devOps\\vendor\\laravel\\framework\\src\\Illuminate\\Routing\\Router.php(821): Illuminate\\Pipeline\\Pipeline->then(Object(Closure))
#45 D:\\Proyek 3\\sidora_dosen\\devOps\\vendor\\laravel\\framework\\src\\Illuminate\\Routing\\Router.php(800): Illuminate\\Routing\\Router->runRouteWithinStack(Object(Illuminate\\Routing\\Route), Object(Illuminate\\Http\\Request))
#46 D:\\Proyek 3\\sidora_dosen\\devOps\\vendor\\laravel\\framework\\src\\Illuminate\\Routing\\Router.php(764): Illuminate\\Routing\\Router->runRoute(Object(Illuminate\\Http\\Request), Object(Illuminate\\Routing\\Route))
#47 D:\\Proyek 3\\sidora_dosen\\devOps\\vendor\\laravel\\framework\\src\\Illuminate\\Routing\\Router.php(753): Illuminate\\Routing\\Router->dispatchToRoute(Object(Illuminate\\Http\\Request))
#48 D:\\Proyek 3\\sidora_dosen\\devOps\\vendor\\laravel\\framework\\src\\Illuminate\\Foundation\\Http\\Kernel.php(200): Illuminate\\Routing\\Router->dispatch(Object(Illuminate\\Http\\Request))
#49 D:\\Proyek 3\\sidora_dosen\\devOps\\vendor\\laravel\\framework\\src\\Illuminate\\Pipeline\\Pipeline.php(180): Illuminate\\Foundation\\Http\\Kernel->Illuminate\\Foundation\\Http\\{closure}(Object(Illuminate\\Http\\Request))
#50 D:\\Proyek 3\\sidora_dosen\\devOps\\vendor\\laravel\\framework\\src\\Illuminate\\Foundation\\Http\\Middleware\\TransformsRequest.php(21): Illuminate\\Pipeline\\Pipeline->Illuminate\\Pipeline\\{closure}(Object(Illuminate\\Http\\Request))
#51 D:\\Proyek 3\\sidora_dosen\\devOps\\vendor\\laravel\\framework\\src\\Illuminate\\Foundation\\Http\\Middleware\\ConvertEmptyStringsToNull.php(31): Illuminate\\Foundation\\Http\\Middleware\\TransformsRequest->handle(Object(Illuminate\\Http\\Request), Object(Closure))
#52 D:\\Proyek 3\\sidora_dosen\\devOps\\vendor\\laravel\\framework\\src\\Illuminate\\Pipeline\\Pipeline.php(219): Illuminate\\Foundation\\Http\\Middleware\\ConvertEmptyStringsToNull->handle(Object(Illuminate\\Http\\Request), Object(Closure))
#53 D:\\Proyek 3\\sidora_dosen\\devOps\\vendor\\laravel\\framework\\src\\Illuminate\\Foundation\\Http\\Middleware\\TransformsRequest.php(21): Illuminate\\Pipeline\\Pipeline->Illuminate\\Pipeline\\{closure}(Object(Illuminate\\Http\\Request))
#54 D:\\Proyek 3\\sidora_dosen\\devOps\\vendor\\laravel\\framework\\src\\Illuminate\\Foundation\\Http\\Middleware\\TrimStrings.php(51): Illuminate\\Foundation\\Http\\Middleware\\TransformsRequest->handle(Object(Illuminate\\Http\\Request), Object(Closure))
#55 D:\\Proyek 3\\sidora_dosen\\devOps\\vendor\\laravel\\framework\\src\\Illuminate\\Pipeline\\Pipeline.php(219): Illuminate\\Foundation\\Http\\Middleware\\TrimStrings->handle(Object(Illuminate\\Http\\Request), Object(Closure))
#56 D:\\Proyek 3\\sidora_dosen\\devOps\\vendor\\laravel\\framework\\src\\Illuminate\\Http\\Middleware\\ValidatePostSize.php(27): Illuminate\\Pipeline\\Pipeline->Illuminate\\Pipeline\\{closure}(Object(Illuminate\\Http\\Request))
#57 D:\\Proyek 3\\sidora_dosen\\devOps\\vendor\\laravel\\framework\\src\\Illuminate\\Pipeline\\Pipeline.php(219): Illuminate\\Http\\Middleware\\ValidatePostSize->handle(Object(Illuminate\\Http\\Request), Object(Closure))
#58 D:\\Proyek 3\\sidora_dosen\\devOps\\vendor\\laravel\\framework\\src\\Illuminate\\Foundation\\Http\\Middleware\\PreventRequestsDuringMaintenance.php(109): Illuminate\\Pipeline\\Pipeline->Illuminate\\Pipeline\\{closure}(Object(Illuminate\\Http\\Request))
#59 D:\\Proyek 3\\sidora_dosen\\devOps\\vendor\\laravel\\framework\\src\\Illuminate\\Pipeline\\Pipeline.php(219): Illuminate\\Foundation\\Http\\Middleware\\PreventRequestsDuringMaintenance->handle(Object(Illuminate\\Http\\Request), Object(Closure))
#60 D:\\Proyek 3\\sidora_dosen\\devOps\\vendor\\laravel\\framework\\src\\Illuminate\\Http\\Middleware\\HandleCors.php(48): Illuminate\\Pipeline\\Pipeline->Illuminate\\Pipeline\\{closure}(Object(Illuminate\\Http\\Request))
#61 D:\\Proyek 3\\sidora_dosen\\devOps\\vendor\\laravel\\framework\\src\\Illuminate\\Pipeline\\Pipeline.php(219): Illuminate\\Http\\Middleware\\HandleCors->handle(Object(Illuminate\\Http\\Request), Object(Closure))
#62 D:\\Proyek 3\\sidora_dosen\\devOps\\vendor\\laravel\\framework\\src\\Illuminate\\Http\\Middleware\\TrustProxies.php(58): Illuminate\\Pipeline\\Pipeline->Illuminate\\Pipeline\\{closure}(Object(Illuminate\\Http\\Request))
#63 D:\\Proyek 3\\sidora_dosen\\devOps\\vendor\\laravel\\framework\\src\\Illuminate\\Pipeline\\Pipeline.php(219): Illuminate\\Http\\Middleware\\TrustProxies->handle(Object(Illuminate\\Http\\Request), Object(Closure))
#64 D:\\Proyek 3\\sidora_dosen\\devOps\\vendor\\laravel\\framework\\src\\Illuminate\\Foundation\\Http\\Middleware\\InvokeDeferredCallbacks.php(22): Illuminate\\Pipeline\\Pipeline->Illuminate\\Pipeline\\{closure}(Object(Illuminate\\Http\\Request))
#65 D:\\Proyek 3\\sidora_dosen\\devOps\\vendor\\laravel\\framework\\src\\Illuminate\\Pipeline\\Pipeline.php(219): Illuminate\\Foundation\\Http\\Middleware\\InvokeDeferredCallbacks->handle(Object(Illuminate\\Http\\Request), Object(Closure))
#66 D:\\Proyek 3\\sidora_dosen\\devOps\\vendor\\laravel\\framework\\src\\Illuminate\\Http\\Middleware\\ValidatePathEncoding.php(26): Illuminate\\Pipeline\\Pipeline->Illuminate\\Pipeline\\{closure}(Object(Illuminate\\Http\\Request))
#67 D:\\Proyek 3\\sidora_dosen\\devOps\\vendor\\laravel\\framework\\src\\Illuminate\\Pipeline\\Pipeline.php(219): Illuminate\\Http\\Middleware\\ValidatePathEncoding->handle(Object(Illuminate\\Http\\Request), Object(Closure))
#68 D:\\Proyek 3\\sidora_dosen\\devOps\\vendor\\laravel\\framework\\src\\Illuminate\\Pipeline\\Pipeline.php(137): Illuminate\\Pipeline\\Pipeline->Illuminate\\Pipeline\\{closure}(Object(Illuminate\\Http\\Request))
#69 D:\\Proyek 3\\sidora_dosen\\devOps\\vendor\\laravel\\framework\\src\\Illuminate\\Foundation\\Http\\Kernel.php(175): Illuminate\\Pipeline\\Pipeline->then(Object(Closure))
#70 D:\\Proyek 3\\sidora_dosen\\devOps\\vendor\\laravel\\framework\\src\\Illuminate\\Foundation\\Http\\Kernel.php(144): Illuminate\\Foundation\\Http\\Kernel->sendRequestThroughRouter(Object(Illuminate\\Http\\Request))
#71 D:\\Proyek 3\\sidora_dosen\\devOps\\vendor\\laravel\\framework\\src\\Illuminate\\Foundation\\Application.php(1220): Illuminate\\Foundation\\Http\\Kernel->handle(Object(Illuminate\\Http\\Request))
#72 D:\\Proyek 3\\sidora_dosen\\devOps\\public\\index.php(20): Illuminate\\Foundation\\Application->handleRequest(Object(Illuminate\\Http\\Request))
#73 D:\\Proyek 3\\sidora_dosen\\devOps\\vendor\\laravel\\framework\\src\\Illuminate\\Foundation\\resources\\server.php(23): require_once('D:\\\\Proyek 3\\\\sid...')
#74 {main}
"} 
[2025-11-26 10:52:12] local.ERROR: SQLSTATE[42P01]: Undefined table: 7 ERROR:  relation "profil_dosen" does not exist
LINE 1: select * from "profil_dosen" where "profil_dosen"."id_user" ...
                      ^ (Connection: pgsql, SQL: select * from "profil_dosen" where "profil_dosen"."id_user" = 9 and "profil_dosen"."id_user" is not null limit 1) {"userId":9,"exception":"[object] (Illuminate\\Database\\QueryException(code: 42P01): SQLSTATE[42P01]: Undefined table: 7 ERROR:  relation \"profil_dosen\" does not exist
LINE 1: select * from \"profil_dosen\" where \"profil_dosen\".\"id_user\" ...
                      ^ (Connection: pgsql, SQL: select * from \"profil_dosen\" where \"profil_dosen\".\"id_user\" = 9 and \"profil_dosen\".\"id_user\" is not null limit 1) at D:\\Proyek 3\\sidora_dosen\\devOps\\vendor\\laravel\\framework\\src\\Illuminate\\Database\\Connection.php:824)
[stacktrace]
#0 D:\\Proyek 3\\sidora_dosen\\devOps\\vendor\\laravel\\framework\\src\\Illuminate\\Database\\Connection.php(778): Illuminate\\Database\\Connection->runQueryCallback('select * from \"...', Array, Object(Closure))
#1 D:\\Proyek 3\\sidora_dosen\\devOps\\vendor\\laravel\\framework\\src\\Illuminate\\Database\\Connection.php(397): Illuminate\\Database\\Connection->run('select * from \"...', Array, Object(Closure))
#2 D:\\Proyek 3\\sidora_dosen\\devOps\\vendor\\laravel\\framework\\src\\Illuminate\\Database\\Query\\Builder.php(3188): Illuminate\\Database\\Connection->select('select * from \"...', Array, true)
#3 D:\\Proyek 3\\sidora_dosen\\devOps\\vendor\\laravel\\framework\\src\\Illuminate\\Database\\Query\\Builder.php(3173): Illuminate\\Database\\Query\\Builder->runSelect()
#4 D:\\Proyek 3\\sidora_dosen\\devOps\\vendor\\laravel\\framework\\src\\Illuminate\\Database\\Query\\Builder.php(3763): Illuminate\\Database\\Query\\Builder->Illuminate\\Database\\Query\\{closure}()
#5 D:\\Proyek 3\\sidora_dosen\\devOps\\vendor\\laravel\\framework\\src\\Illuminate\\Database\\Query\\Builder.php(3172): Illuminate\\Database\\Query\\Builder->onceWithColumns(Array, Object(Closure))
#6 D:\\Proyek 3\\sidora_dosen\\devOps\\vendor\\laravel\\framework\\src\\Illuminate\\Database\\Eloquent\\Builder.php(902): Illuminate\\Database\\Query\\Builder->get(Array)
#7 D:\\Proyek 3\\sidora_dosen\\devOps\\vendor\\laravel\\framework\\src\\Illuminate\\Database\\Eloquent\\Builder.php(884): Illuminate\\Database\\Eloquent\\Builder->getModels(Array)
#8 D:\\Proyek 3\\sidora_dosen\\devOps\\vendor\\laravel\\framework\\src\\Illuminate\\Database\\Concerns\\BuildsQueries.php(366): Illuminate\\Database\\Eloquent\\Builder->get(Array)
#9 D:\\Proyek 3\\sidora_dosen\\devOps\\vendor\\laravel\\framework\\src\\Illuminate\\Database\\Eloquent\\Relations\\HasOne.php(31): Illuminate\\Database\\Eloquent\\Builder->first()
#10 D:\\Proyek 3\\sidora_dosen\\devOps\\vendor\\laravel\\framework\\src\\Illuminate\\Database\\Eloquent\\Concerns\\HasAttributes.php(635): Illuminate\\Database\\Eloquent\\Relations\\HasOne->getResults()
#11 D:\\Proyek 3\\sidora_dosen\\devOps\\vendor\\laravel\\framework\\src\\Illuminate\\Database\\Eloquent\\Concerns\\HasAttributes.php(573): Illuminate\\Database\\Eloquent\\Model->getRelationshipFromMethod('profilDosen')
#12 D:\\Proyek 3\\sidora_dosen\\devOps\\vendor\\laravel\\framework\\src\\Illuminate\\Database\\Eloquent\\Concerns\\HasAttributes.php(494): Illuminate\\Database\\Eloquent\\Model->getRelationValue('profilDosen')
#13 D:\\Proyek 3\\sidora_dosen\\devOps\\vendor\\laravel\\framework\\src\\Illuminate\\Database\\Eloquent\\Model.php(2423): Illuminate\\Database\\Eloquent\\Model->getAttribute('profilDosen')
#14 D:\\Proyek 3\\sidora_dosen\\devOps\\app\\Http\\Controllers\\Dosen\\PortofolioController.php(28): Illuminate\\Database\\Eloquent\\Model->__get('profilDosen')
#15 D:\\Proyek 3\\sidora_dosen\\devOps\\vendor\\laravel\\framework\\src\\Illuminate\\Routing\\ControllerDispatcher.php(46): App\\Http\\Controllers\\Dosen\\PortofolioController->index()
#16 D:\\Proyek 3\\sidora_dosen\\devOps\\vendor\\laravel\\framework\\src\\Illuminate\\Routing\\Route.php(265): Illuminate\\Routing\\ControllerDispatcher->dispatch(Object(Illuminate\\Routing\\Route), Object(App\\Http\\Controllers\\Dosen\\PortofolioController), 'index')
#17 D:\\Proyek 3\\sidora_dosen\\devOps\\vendor\\laravel\\framework\\src\\Illuminate\\Routing\\Route.php(211): Illuminate\\Routing\\Route->runController()
#18 D:\\Proyek 3\\sidora_dosen\\devOps\\vendor\\laravel\\framework\\src\\Illuminate\\Routing\\Router.php(822): Illuminate\\Routing\\Route->run()
#19 D:\\Proyek 3\\sidora_dosen\\devOps\\vendor\\laravel\\framework\\src\\Illuminate\\Pipeline\\Pipeline.php(180): Illuminate\\Routing\\Router->Illuminate\\Routing\\{closure}(Object(Illuminate\\Http\\Request))
#20 D:\\Proyek 3\\sidora_dosen\\devOps\\app\\Http\\Middleware\\CheckRole.php(34): Illuminate\\Pipeline\\Pipeline->Illuminate\\Pipeline\\{closure}(Object(Illuminate\\Http\\Request))
#21 D:\\Proyek 3\\sidora_dosen\\devOps\\vendor\\laravel\\framework\\src\\Illuminate\\Pipeline\\Pipeline.php(219): App\\Http\\Middleware\\CheckRole->handle(Object(Illuminate\\Http\\Request), Object(Closure), 'dosen')
#22 D:\\Proyek 3\\sidora_dosen\\devOps\\vendor\\laravel\\framework\\src\\Illuminate\\Foundation\\Http\\Middleware\\VerifyCsrfToken.php(87): Illuminate\\Pipeline\\Pipeline->Illuminate\\Pipeline\\{closure}(Object(Illuminate\\Http\\Request))
#23 D:\\Proyek 3\\sidora_dosen\\devOps\\vendor\\laravel\\framework\\src\\Illuminate\\Pipeline\\Pipeline.php(219): Illuminate\\Foundation\\Http\\Middleware\\VerifyCsrfToken->handle(Object(Illuminate\\Http\\Request), Object(Closure))
#24 D:\\Proyek 3\\sidora_dosen\\devOps\\vendor\\laravel\\framework\\src\\Illuminate\\Routing\\Middleware\\SubstituteBindings.php(50): Illuminate\\Pipeline\\Pipeline->Illuminate\\Pipeline\\{closure}(Object(Illuminate\\Http\\Request))
#25 D:\\Proyek 3\\sidora_dosen\\devOps\\vendor\\laravel\\framework\\src\\Illuminate\\Pipeline\\Pipeline.php(219): Illuminate\\Routing\\Middleware\\SubstituteBindings->handle(Object(Illuminate\\Http\\Request), Object(Closure))
#26 D:\\Proyek 3\\sidora_dosen\\devOps\\vendor\\laravel\\framework\\src\\Illuminate\\Session\\Middleware\\AuthenticateSession.php(66): Illuminate\\Pipeline\\Pipeline->Illuminate\\Pipeline\\{closure}(Object(Illuminate\\Http\\Request))
#27 D:\\Proyek 3\\sidora_dosen\\devOps\\vendor\\laravel\\framework\\src\\Illuminate\\Pipeline\\Pipeline.php(219): Illuminate\\Session\\Middleware\\AuthenticateSession->handle(Object(Illuminate\\Http\\Request), Object(Closure))
#28 D:\\Proyek 3\\sidora_dosen\\devOps\\vendor\\laravel\\framework\\src\\Illuminate\\Auth\\Middleware\\Authenticate.php(63): Illuminate\\Pipeline\\Pipeline->Illuminate\\Pipeline\\{closure}(Object(Illuminate\\Http\\Request))
#29 D:\\Proyek 3\\sidora_dosen\\devOps\\vendor\\laravel\\framework\\src\\Illuminate\\Pipeline\\Pipeline.php(219): Illuminate\\Auth\\Middleware\\Authenticate->handle(Object(Illuminate\\Http\\Request), Object(Closure))
#30 D:\\Proyek 3\\sidora_dosen\\devOps\\vendor\\laravel\\framework\\src\\Illuminate\\Foundation\\Http\\Middleware\\VerifyCsrfToken.php(87): Illuminate\\Pipeline\\Pipeline->Illuminate\\Pipeline\\{closure}(Object(Illuminate\\Http\\Request))
#31 D:\\Proyek 3\\sidora_dosen\\devOps\\vendor\\laravel\\framework\\src\\Illuminate\\Pipeline\\Pipeline.php(219): Illuminate\\Foundation\\Http\\Middleware\\VerifyCsrfToken->handle(Object(Illuminate\\Http\\Request), Object(Closure))
#32 D:\\Proyek 3\\sidora_dosen\\devOps\\vendor\\laravel\\framework\\src\\Illuminate\\View\\Middleware\\ShareErrorsFromSession.php(48): Illuminate\\Pipeline\\Pipeline->Illuminate\\Pipeline\\{closure}(Object(Illuminate\\Http\\Request))
#33 D:\\Proyek 3\\sidora_dosen\\devOps\\vendor\\laravel\\framework\\src\\Illuminate\\Pipeline\\Pipeline.php(219): Illuminate\\View\\Middleware\\ShareErrorsFromSession->handle(Object(Illuminate\\Http\\Request), Object(Closure))
#34 D:\\Proyek 3\\sidora_dosen\\devOps\\vendor\\laravel\\framework\\src\\Illuminate\\Session\\Middleware\\StartSession.php(120): Illuminate\\Pipeline\\Pipeline->Illuminate\\Pipeline\\{closure}(Object(Illuminate\\Http\\Request))
#35 D:\\Proyek 3\\sidora_dosen\\devOps\\vendor\\laravel\\framework\\src\\Illuminate\\Session\\Middleware\\StartSession.php(63): Illuminate\\Session\\Middleware\\StartSession->handleStatefulRequest(Object(Illuminate\\Http\\Request), Object(Illuminate\\Session\\Store), Object(Closure))
#36 D:\\Proyek 3\\sidora_dosen\\devOps\\vendor\\laravel\\framework\\src\\Illuminate\\Pipeline\\Pipeline.php(219): Illuminate\\Session\\Middleware\\StartSession->handle(Object(Illuminate\\Http\\Request), Object(Closure))
#37 D:\\Proyek 3\\sidora_dosen\\devOps\\vendor\\laravel\\framework\\src\\Illuminate\\Cookie\\Middleware\\AddQueuedCookiesToResponse.php(36): Illuminate\\Pipeline\\Pipeline->Illuminate\\Pipeline\\{closure}(Object(Illuminate\\Http\\Request))
#38 D:\\Proyek 3\\sidora_dosen\\devOps\\vendor\\laravel\\framework\\src\\Illuminate\\Pipeline\\Pipeline.php(219): Illuminate\\Cookie\\Middleware\\AddQueuedCookiesToResponse->handle(Object(Illuminate\\Http\\Request), Object(Closure))
#39 D:\\Proyek 3\\sidora_dosen\\devOps\\vendor\\laravel\\framework\\src\\Illuminate\\Cookie\\Middleware\\EncryptCookies.php(74): Illuminate\\Pipeline\\Pipeline->Illuminate\\Pipeline\\{closure}(Object(Illuminate\\Http\\Request))
#40 D:\\Proyek 3\\sidora_dosen\\devOps\\vendor\\laravel\\framework\\src\\Illuminate\\Pipeline\\Pipeline.php(219): Illuminate\\Cookie\\Middleware\\EncryptCookies->handle(Object(Illuminate\\Http\\Request), Object(Closure))
#41 D:\\Proyek 3\\sidora_dosen\\devOps\\vendor\\laravel\\framework\\src\\Illuminate\\Pipeline\\Pipeline.php(137): Illuminate\\Pipeline\\Pipeline->Illuminate\\Pipeline\\{closure}(Object(Illuminate\\Http\\Request))
#42 D:\\Proyek 3\\sidora_dosen\\devOps\\vendor\\laravel\\framework\\src\\Illuminate\\Routing\\Router.php(821): Illuminate\\Pipeline\\Pipeline->then(Object(Closure))
#43 D:\\Proyek 3\\sidora_dosen\\devOps\\vendor\\laravel\\framework\\src\\Illuminate\\Routing\\Router.php(800): Illuminate\\Routing\\Router->runRouteWithinStack(Object(Illuminate\\Routing\\Route), Object(Illuminate\\Http\\Request))
#44 D:\\Proyek 3\\sidora_dosen\\devOps\\vendor\\laravel\\framework\\src\\Illuminate\\Routing\\Router.php(764): Illuminate\\Routing\\Router->runRoute(Object(Illuminate\\Http\\Request), Object(Illuminate\\Routing\\Route))
#45 D:\\Proyek 3\\sidora_dosen\\devOps\\vendor\\laravel\\framework\\src\\Illuminate\\Routing\\Router.php(753): Illuminate\\Routing\\Router->dispatchToRoute(Object(Illuminate\\Http\\Request))
#46 D:\\Proyek 3\\sidora_dosen\\devOps\\vendor\\laravel\\framework\\src\\Illuminate\\Foundation\\Http\\Kernel.php(200): Illuminate\\Routing\\Router->dispatch(Object(Illuminate\\Http\\Request))
#47 D:\\Proyek 3\\sidora_dosen\\devOps\\vendor\\laravel\\framework\\src\\Illuminate\\Pipeline\\Pipeline.php(180): Illuminate\\Foundation\\Http\\Kernel->Illuminate\\Foundation\\Http\\{closure}(Object(Illuminate\\Http\\Request))
#48 D:\\Proyek 3\\sidora_dosen\\devOps\\vendor\\laravel\\framework\\src\\Illuminate\\Foundation\\Http\\Middleware\\TransformsRequest.php(21): Illuminate\\Pipeline\\Pipeline->Illuminate\\Pipeline\\{closure}(Object(Illuminate\\Http\\Request))
#49 D:\\Proyek 3\\sidora_dosen\\devOps\\vendor\\laravel\\framework\\src\\Illuminate\\Foundation\\Http\\Middleware\\ConvertEmptyStringsToNull.php(31): Illuminate\\Foundation\\Http\\Middleware\\TransformsRequest->handle(Object(Illuminate\\Http\\Request), Object(Closure))
#50 D:\\Proyek 3\\sidora_dosen\\devOps\\vendor\\laravel\\framework\\src\\Illuminate\\Pipeline\\Pipeline.php(219): Illuminate\\Foundation\\Http\\Middleware\\ConvertEmptyStringsToNull->handle(Object(Illuminate\\Http\\Request), Object(Closure))
#51 D:\\Proyek 3\\sidora_dosen\\devOps\\vendor\\laravel\\framework\\src\\Illuminate\\Foundation\\Http\\Middleware\\TransformsRequest.php(21): Illuminate\\Pipeline\\Pipeline->Illuminate\\Pipeline\\{closure}(Object(Illuminate\\Http\\Request))
#52 D:\\Proyek 3\\sidora_dosen\\devOps\\vendor\\laravel\\framework\\src\\Illuminate\\Foundation\\Http\\Middleware\\TrimStrings.php(51): Illuminate\\Foundation\\Http\\Middleware\\TransformsRequest->handle(Object(Illuminate\\Http\\Request), Object(Closure))
#53 D:\\Proyek 3\\sidora_dosen\\devOps\\vendor\\laravel\\framework\\src\\Illuminate\\Pipeline\\Pipeline.php(219): Illuminate\\Foundation\\Http\\Middleware\\TrimStrings->handle(Object(Illuminate\\Http\\Request), Object(Closure))
#54 D:\\Proyek 3\\sidora_dosen\\devOps\\vendor\\laravel\\framework\\src\\Illuminate\\Http\\Middleware\\ValidatePostSize.php(27): Illuminate\\Pipeline\\Pipeline->Illuminate\\Pipeline\\{closure}(Object(Illuminate\\Http\\Request))
#55 D:\\Proyek 3\\sidora_dosen\\devOps\\vendor\\laravel\\framework\\src\\Illuminate\\Pipeline\\Pipeline.php(219): Illuminate\\Http\\Middleware\\ValidatePostSize->handle(Object(Illuminate\\Http\\Request), Object(Closure))
#56 D:\\Proyek 3\\sidora_dosen\\devOps\\vendor\\laravel\\framework\\src\\Illuminate\\Foundation\\Http\\Middleware\\PreventRequestsDuringMaintenance.php(109): Illuminate\\Pipeline\\Pipeline->Illuminate\\Pipeline\\{closure}(Object(Illuminate\\Http\\Request))
#57 D:\\Proyek 3\\sidora_dosen\\devOps\\vendor\\laravel\\framework\\src\\Illuminate\\Pipeline\\Pipeline.php(219): Illuminate\\Foundation\\Http\\Middleware\\PreventRequestsDuringMaintenance->handle(Object(Illuminate\\Http\\Request), Object(Closure))
#58 D:\\Proyek 3\\sidora_dosen\\devOps\\vendor\\laravel\\framework\\src\\Illuminate\\Http\\Middleware\\HandleCors.php(48): Illuminate\\Pipeline\\Pipeline->Illuminate\\Pipeline\\{closure}(Object(Illuminate\\Http\\Request))
#59 D:\\Proyek 3\\sidora_dosen\\devOps\\vendor\\laravel\\framework\\src\\Illuminate\\Pipeline\\Pipeline.php(219): Illuminate\\Http\\Middleware\\HandleCors->handle(Object(Illuminate\\Http\\Request), Object(Closure))
#60 D:\\Proyek 3\\sidora_dosen\\devOps\\vendor\\laravel\\framework\\src\\Illuminate\\Http\\Middleware\\TrustProxies.php(58): Illuminate\\Pipeline\\Pipeline->Illuminate\\Pipeline\\{closure}(Object(Illuminate\\Http\\Request))
#61 D:\\Proyek 3\\sidora_dosen\\devOps\\vendor\\laravel\\framework\\src\\Illuminate\\Pipeline\\Pipeline.php(219): Illuminate\\Http\\Middleware\\TrustProxies->handle(Object(Illuminate\\Http\\Request), Object(Closure))
#62 D:\\Proyek 3\\sidora_dosen\\devOps\\vendor\\laravel\\framework\\src\\Illuminate\\Foundation\\Http\\Middleware\\InvokeDeferredCallbacks.php(22): Illuminate\\Pipeline\\Pipeline->Illuminate\\Pipeline\\{closure}(Object(Illuminate\\Http\\Request))
#63 D:\\Proyek 3\\sidora_dosen\\devOps\\vendor\\laravel\\framework\\src\\Illuminate\\Pipeline\\Pipeline.php(219): Illuminate\\Foundation\\Http\\Middleware\\InvokeDeferredCallbacks->handle(Object(Illuminate\\Http\\Request), Object(Closure))
#64 D:\\Proyek 3\\sidora_dosen\\devOps\\vendor\\laravel\\framework\\src\\Illuminate\\Http\\Middleware\\ValidatePathEncoding.php(26): Illuminate\\Pipeline\\Pipeline->Illuminate\\Pipeline\\{closure}(Object(Illuminate\\Http\\Request))
#65 D:\\Proyek 3\\sidora_dosen\\devOps\\vendor\\laravel\\framework\\src\\Illuminate\\Pipeline\\Pipeline.php(219): Illuminate\\Http\\Middleware\\ValidatePathEncoding->handle(Object(Illuminate\\Http\\Request), Object(Closure))
#66 D:\\Proyek 3\\sidora_dosen\\devOps\\vendor\\laravel\\framework\\src\\Illuminate\\Pipeline\\Pipeline.php(137): Illuminate\\Pipeline\\Pipeline->Illuminate\\Pipeline\\{closure}(Object(Illuminate\\Http\\Request))
#67 D:\\Proyek 3\\sidora_dosen\\devOps\\vendor\\laravel\\framework\\src\\Illuminate\\Foundation\\Http\\Kernel.php(175): Illuminate\\Pipeline\\Pipeline->then(Object(Closure))
#68 D:\\Proyek 3\\sidora_dosen\\devOps\\vendor\\laravel\\framework\\src\\Illuminate\\Foundation\\Http\\Kernel.php(144): Illuminate\\Foundation\\Http\\Kernel->sendRequestThroughRouter(Object(Illuminate\\Http\\Request))
#69 D:\\Proyek 3\\sidora_dosen\\devOps\\vendor\\laravel\\framework\\src\\Illuminate\\Foundation\\Application.php(1220): Illuminate\\Foundation\\Http\\Kernel->handle(Object(Illuminate\\Http\\Request))
#70 D:\\Proyek 3\\sidora_dosen\\devOps\\public\\index.php(20): Illuminate\\Foundation\\Application->handleRequest(Object(Illuminate\\Http\\Request))
#71 D:\\Proyek 3\\sidora_dosen\\devOps\\vendor\\laravel\\framework\\src\\Illuminate\\Foundation\\resources\\server.php(23): require_once('D:\\\\Proyek 3\\\\sid...')
#72 {main}

[previous exception] [object] (PDOException(code: 42P01): SQLSTATE[42P01]: Undefined table: 7 ERROR:  relation \"profil_dosen\" does not exist
LINE 1: select * from \"profil_dosen\" where \"profil_dosen\".\"id_user\" ...
                      ^ at D:\\Proyek 3\\sidora_dosen\\devOps\\vendor\\laravel\\framework\\src\\Illuminate\\Database\\Connection.php:411)
[stacktrace]
#0 D:\\Proyek 3\\sidora_dosen\\devOps\\vendor\\laravel\\framework\\src\\Illuminate\\Database\\Connection.php(411): PDOStatement->execute()
#1 D:\\Proyek 3\\sidora_dosen\\devOps\\vendor\\laravel\\framework\\src\\Illuminate\\Database\\Connection.php(811): Illuminate\\Database\\Connection->Illuminate\\Database\\{closure}('select * from \"...', Array)
#2 D:\\Proyek 3\\sidora_dosen\\devOps\\vendor\\laravel\\framework\\src\\Illuminate\\Database\\Connection.php(778): Illuminate\\Database\\Connection->runQueryCallback('select * from \"...', Array, Object(Closure))
#3 D:\\Proyek 3\\sidora_dosen\\devOps\\vendor\\laravel\\framework\\src\\Illuminate\\Database\\Connection.php(397): Illuminate\\Database\\Connection->run('select * from \"...', Array, Object(Closure))
#4 D:\\Proyek 3\\sidora_dosen\\devOps\\vendor\\laravel\\framework\\src\\Illuminate\\Database\\Query\\Builder.php(3188): Illuminate\\Database\\Connection->select('select * from \"...', Array, true)
#5 D:\\Proyek 3\\sidora_dosen\\devOps\\vendor\\laravel\\framework\\src\\Illuminate\\Database\\Query\\Builder.php(3173): Illuminate\\Database\\Query\\Builder->runSelect()
#6 D:\\Proyek 3\\sidora_dosen\\devOps\\vendor\\laravel\\framework\\src\\Illuminate\\Database\\Query\\Builder.php(3763): Illuminate\\Database\\Query\\Builder->Illuminate\\Database\\Query\\{closure}()
#7 D:\\Proyek 3\\sidora_dosen\\devOps\\vendor\\laravel\\framework\\src\\Illuminate\\Database\\Query\\Builder.php(3172): Illuminate\\Database\\Query\\Builder->onceWithColumns(Array, Object(Closure))
#8 D:\\Proyek 3\\sidora_dosen\\devOps\\vendor\\laravel\\framework\\src\\Illuminate\\Database\\Eloquent\\Builder.php(902): Illuminate\\Database\\Query\\Builder->get(Array)
#9 D:\\Proyek 3\\sidora_dosen\\devOps\\vendor\\laravel\\framework\\src\\Illuminate\\Database\\Eloquent\\Builder.php(884): Illuminate\\Database\\Eloquent\\Builder->getModels(Array)
#10 D:\\Proyek 3\\sidora_dosen\\devOps\\vendor\\laravel\\framework\\src\\Illuminate\\Database\\Concerns\\BuildsQueries.php(366): Illuminate\\Database\\Eloquent\\Builder->get(Array)
#11 D:\\Proyek 3\\sidora_dosen\\devOps\\vendor\\laravel\\framework\\src\\Illuminate\\Database\\Eloquent\\Relations\\HasOne.php(31): Illuminate\\Database\\Eloquent\\Builder->first()
#12 D:\\Proyek 3\\sidora_dosen\\devOps\\vendor\\laravel\\framework\\src\\Illuminate\\Database\\Eloquent\\Concerns\\HasAttributes.php(635): Illuminate\\Database\\Eloquent\\Relations\\HasOne->getResults()
#13 D:\\Proyek 3\\sidora_dosen\\devOps\\vendor\\laravel\\framework\\src\\Illuminate\\Database\\Eloquent\\Concerns\\HasAttributes.php(573): Illuminate\\Database\\Eloquent\\Model->getRelationshipFromMethod('profilDosen')
#14 D:\\Proyek 3\\sidora_dosen\\devOps\\vendor\\laravel\\framework\\src\\Illuminate\\Database\\Eloquent\\Concerns\\HasAttributes.php(494): Illuminate\\Database\\Eloquent\\Model->getRelationValue('profilDosen')
#15 D:\\Proyek 3\\sidora_dosen\\devOps\\vendor\\laravel\\framework\\src\\Illuminate\\Database\\Eloquent\\Model.php(2423): Illuminate\\Database\\Eloquent\\Model->getAttribute('profilDosen')
#16 D:\\Proyek 3\\sidora_dosen\\devOps\\app\\Http\\Controllers\\Dosen\\PortofolioController.php(28): Illuminate\\Database\\Eloquent\\Model->__get('profilDosen')
#17 D:\\Proyek 3\\sidora_dosen\\devOps\\vendor\\laravel\\framework\\src\\Illuminate\\Routing\\ControllerDispatcher.php(46): App\\Http\\Controllers\\Dosen\\PortofolioController->index()
#18 D:\\Proyek 3\\sidora_dosen\\devOps\\vendor\\laravel\\framework\\src\\Illuminate\\Routing\\Route.php(265): Illuminate\\Routing\\ControllerDispatcher->dispatch(Object(Illuminate\\Routing\\Route), Object(App\\Http\\Controllers\\Dosen\\PortofolioController), 'index')
#19 D:\\Proyek 3\\sidora_dosen\\devOps\\vendor\\laravel\\framework\\src\\Illuminate\\Routing\\Route.php(211): Illuminate\\Routing\\Route->runController()
#20 D:\\Proyek 3\\sidora_dosen\\devOps\\vendor\\laravel\\framework\\src\\Illuminate\\Routing\\Router.php(822): Illuminate\\Routing\\Route->run()
#21 D:\\Proyek 3\\sidora_dosen\\devOps\\vendor\\laravel\\framework\\src\\Illuminate\\Pipeline\\Pipeline.php(180): Illuminate\\Routing\\Router->Illuminate\\Routing\\{closure}(Object(Illuminate\\Http\\Request))
#22 D:\\Proyek 3\\sidora_dosen\\devOps\\app\\Http\\Middleware\\CheckRole.php(34): Illuminate\\Pipeline\\Pipeline->Illuminate\\Pipeline\\{closure}(Object(Illuminate\\Http\\Request))
#23 D:\\Proyek 3\\sidora_dosen\\devOps\\vendor\\laravel\\framework\\src\\Illuminate\\Pipeline\\Pipeline.php(219): App\\Http\\Middleware\\CheckRole->handle(Object(Illuminate\\Http\\Request), Object(Closure), 'dosen')
#24 D:\\Proyek 3\\sidora_dosen\\devOps\\vendor\\laravel\\framework\\src\\Illuminate\\Foundation\\Http\\Middleware\\VerifyCsrfToken.php(87): Illuminate\\Pipeline\\Pipeline->Illuminate\\Pipeline\\{closure}(Object(Illuminate\\Http\\Request))
#25 D:\\Proyek 3\\sidora_dosen\\devOps\\vendor\\laravel\\framework\\src\\Illuminate\\Pipeline\\Pipeline.php(219): Illuminate\\Foundation\\Http\\Middleware\\VerifyCsrfToken->handle(Object(Illuminate\\Http\\Request), Object(Closure))
#26 D:\\Proyek 3\\sidora_dosen\\devOps\\vendor\\laravel\\framework\\src\\Illuminate\\Routing\\Middleware\\SubstituteBindings.php(50): Illuminate\\Pipeline\\Pipeline->Illuminate\\Pipeline\\{closure}(Object(Illuminate\\Http\\Request))
#27 D:\\Proyek 3\\sidora_dosen\\devOps\\vendor\\laravel\\framework\\src\\Illuminate\\Pipeline\\Pipeline.php(219): Illuminate\\Routing\\Middleware\\SubstituteBindings->handle(Object(Illuminate\\Http\\Request), Object(Closure))
#28 D:\\Proyek 3\\sidora_dosen\\devOps\\vendor\\laravel\\framework\\src\\Illuminate\\Session\\Middleware\\AuthenticateSession.php(66): Illuminate\\Pipeline\\Pipeline->Illuminate\\Pipeline\\{closure}(Object(Illuminate\\Http\\Request))
#29 D:\\Proyek 3\\sidora_dosen\\devOps\\vendor\\laravel\\framework\\src\\Illuminate\\Pipeline\\Pipeline.php(219): Illuminate\\Session\\Middleware\\AuthenticateSession->handle(Object(Illuminate\\Http\\Request), Object(Closure))
#30 D:\\Proyek 3\\sidora_dosen\\devOps\\vendor\\laravel\\framework\\src\\Illuminate\\Auth\\Middleware\\Authenticate.php(63): Illuminate\\Pipeline\\Pipeline->Illuminate\\Pipeline\\{closure}(Object(Illuminate\\Http\\Request))
#31 D:\\Proyek 3\\sidora_dosen\\devOps\\vendor\\laravel\\framework\\src\\Illuminate\\Pipeline\\Pipeline.php(219): Illuminate\\Auth\\Middleware\\Authenticate->handle(Object(Illuminate\\Http\\Request), Object(Closure))
#32 D:\\Proyek 3\\sidora_dosen\\devOps\\vendor\\laravel\\framework\\src\\Illuminate\\Foundation\\Http\\Middleware\\VerifyCsrfToken.php(87): Illuminate\\Pipeline\\Pipeline->Illuminate\\Pipeline\\{closure}(Object(Illuminate\\Http\\Request))
#33 D:\\Proyek 3\\sidora_dosen\\devOps\\vendor\\laravel\\framework\\src\\Illuminate\\Pipeline\\Pipeline.php(219): Illuminate\\Foundation\\Http\\Middleware\\VerifyCsrfToken->handle(Object(Illuminate\\Http\\Request), Object(Closure))
#34 D:\\Proyek 3\\sidora_dosen\\devOps\\vendor\\laravel\\framework\\src\\Illuminate\\View\\Middleware\\ShareErrorsFromSession.php(48): Illuminate\\Pipeline\\Pipeline->Illuminate\\Pipeline\\{closure}(Object(Illuminate\\Http\\Request))
#35 D:\\Proyek 3\\sidora_dosen\\devOps\\vendor\\laravel\\framework\\src\\Illuminate\\Pipeline\\Pipeline.php(219): Illuminate\\View\\Middleware\\ShareErrorsFromSession->handle(Object(Illuminate\\Http\\Request), Object(Closure))
#36 D:\\Proyek 3\\sidora_dosen\\devOps\\vendor\\laravel\\framework\\src\\Illuminate\\Session\\Middleware\\StartSession.php(120): Illuminate\\Pipeline\\Pipeline->Illuminate\\Pipeline\\{closure}(Object(Illuminate\\Http\\Request))
#37 D:\\Proyek 3\\sidora_dosen\\devOps\\vendor\\laravel\\framework\\src\\Illuminate\\Session\\Middleware\\StartSession.php(63): Illuminate\\Session\\Middleware\\StartSession->handleStatefulRequest(Object(Illuminate\\Http\\Request), Object(Illuminate\\Session\\Store), Object(Closure))
#38 D:\\Proyek 3\\sidora_dosen\\devOps\\vendor\\laravel\\framework\\src\\Illuminate\\Pipeline\\Pipeline.php(219): Illuminate\\Session\\Middleware\\StartSession->handle(Object(Illuminate\\Http\\Request), Object(Closure))
#39 D:\\Proyek 3\\sidora_dosen\\devOps\\vendor\\laravel\\framework\\src\\Illuminate\\Cookie\\Middleware\\AddQueuedCookiesToResponse.php(36): Illuminate\\Pipeline\\Pipeline->Illuminate\\Pipeline\\{closure}(Object(Illuminate\\Http\\Request))
#40 D:\\Proyek 3\\sidora_dosen\\devOps\\vendor\\laravel\\framework\\src\\Illuminate\\Pipeline\\Pipeline.php(219): Illuminate\\Cookie\\Middleware\\AddQueuedCookiesToResponse->handle(Object(Illuminate\\Http\\Request), Object(Closure))
#41 D:\\Proyek 3\\sidora_dosen\\devOps\\vendor\\laravel\\framework\\src\\Illuminate\\Cookie\\Middleware\\EncryptCookies.php(74): Illuminate\\Pipeline\\Pipeline->Illuminate\\Pipeline\\{closure}(Object(Illuminate\\Http\\Request))
#42 D:\\Proyek 3\\sidora_dosen\\devOps\\vendor\\laravel\\framework\\src\\Illuminate\\Pipeline\\Pipeline.php(219): Illuminate\\Cookie\\Middleware\\EncryptCookies->handle(Object(Illuminate\\Http\\Request), Object(Closure))
#43 D:\\Proyek 3\\sidora_dosen\\devOps\\vendor\\laravel\\framework\\src\\Illuminate\\Pipeline\\Pipeline.php(137): Illuminate\\Pipeline\\Pipeline->Illuminate\\Pipeline\\{closure}(Object(Illuminate\\Http\\Request))
#44 D:\\Proyek 3\\sidora_dosen\\devOps\\vendor\\laravel\\framework\\src\\Illuminate\\Routing\\Router.php(821): Illuminate\\Pipeline\\Pipeline->then(Object(Closure))
#45 D:\\Proyek 3\\sidora_dosen\\devOps\\vendor\\laravel\\framework\\src\\Illuminate\\Routing\\Router.php(800): Illuminate\\Routing\\Router->runRouteWithinStack(Object(Illuminate\\Routing\\Route), Object(Illuminate\\Http\\Request))
#46 D:\\Proyek 3\\sidora_dosen\\devOps\\vendor\\laravel\\framework\\src\\Illuminate\\Routing\\Router.php(764): Illuminate\\Routing\\Router->runRoute(Object(Illuminate\\Http\\Request), Object(Illuminate\\Routing\\Route))
#47 D:\\Proyek 3\\sidora_dosen\\devOps\\vendor\\laravel\\framework\\src\\Illuminate\\Routing\\Router.php(753): Illuminate\\Routing\\Router->dispatchToRoute(Object(Illuminate\\Http\\Request))
#48 D:\\Proyek 3\\sidora_dosen\\devOps\\vendor\\laravel\\framework\\src\\Illuminate\\Foundation\\Http\\Kernel.php(200): Illuminate\\Routing\\Router->dispatch(Object(Illuminate\\Http\\Request))
#49 D:\\Proyek 3\\sidora_dosen\\devOps\\vendor\\laravel\\framework\\src\\Illuminate\\Pipeline\\Pipeline.php(180): Illuminate\\Foundation\\Http\\Kernel->Illuminate\\Foundation\\Http\\{closure}(Object(Illuminate\\Http\\Request))
#50 D:\\Proyek 3\\sidora_dosen\\devOps\\vendor\\laravel\\framework\\src\\Illuminate\\Foundation\\Http\\Middleware\\TransformsRequest.php(21): Illuminate\\Pipeline\\Pipeline->Illuminate\\Pipeline\\{closure}(Object(Illuminate\\Http\\Request))
#51 D:\\Proyek 3\\sidora_dosen\\devOps\\vendor\\laravel\\framework\\src\\Illuminate\\Foundation\\Http\\Middleware\\ConvertEmptyStringsToNull.php(31): Illuminate\\Foundation\\Http\\Middleware\\TransformsRequest->handle(Object(Illuminate\\Http\\Request), Object(Closure))
#52 D:\\Proyek 3\\sidora_dosen\\devOps\\vendor\\laravel\\framework\\src\\Illuminate\\Pipeline\\Pipeline.php(219): Illuminate\\Foundation\\Http\\Middleware\\ConvertEmptyStringsToNull->handle(Object(Illuminate\\Http\\Request), Object(Closure))
#53 D:\\Proyek 3\\sidora_dosen\\devOps\\vendor\\laravel\\framework\\src\\Illuminate\\Foundation\\Http\\Middleware\\TransformsRequest.php(21): Illuminate\\Pipeline\\Pipeline->Illuminate\\Pipeline\\{closure}(Object(Illuminate\\Http\\Request))
#54 D:\\Proyek 3\\sidora_dosen\\devOps\\vendor\\laravel\\framework\\src\\Illuminate\\Foundation\\Http\\Middleware\\TrimStrings.php(51): Illuminate\\Foundation\\Http\\Middleware\\TransformsRequest->handle(Object(Illuminate\\Http\\Request), Object(Closure))
#55 D:\\Proyek 3\\sidora_dosen\\devOps\\vendor\\laravel\\framework\\src\\Illuminate\\Pipeline\\Pipeline.php(219): Illuminate\\Foundation\\Http\\Middleware\\TrimStrings->handle(Object(Illuminate\\Http\\Request), Object(Closure))
#56 D:\\Proyek 3\\sidora_dosen\\devOps\\vendor\\laravel\\framework\\src\\Illuminate\\Http\\Middleware\\ValidatePostSize.php(27): Illuminate\\Pipeline\\Pipeline->Illuminate\\Pipeline\\{closure}(Object(Illuminate\\Http\\Request))
#57 D:\\Proyek 3\\sidora_dosen\\devOps\\vendor\\laravel\\framework\\src\\Illuminate\\Pipeline\\Pipeline.php(219): Illuminate\\Http\\Middleware\\ValidatePostSize->handle(Object(Illuminate\\Http\\Request), Object(Closure))
#58 D:\\Proyek 3\\sidora_dosen\\devOps\\vendor\\laravel\\framework\\src\\Illuminate\\Foundation\\Http\\Middleware\\PreventRequestsDuringMaintenance.php(109): Illuminate\\Pipeline\\Pipeline->Illuminate\\Pipeline\\{closure}(Object(Illuminate\\Http\\Request))
#59 D:\\Proyek 3\\sidora_dosen\\devOps\\vendor\\laravel\\framework\\src\\Illuminate\\Pipeline\\Pipeline.php(219): Illuminate\\Foundation\\Http\\Middleware\\PreventRequestsDuringMaintenance->handle(Object(Illuminate\\Http\\Request), Object(Closure))
#60 D:\\Proyek 3\\sidora_dosen\\devOps\\vendor\\laravel\\framework\\src\\Illuminate\\Http\\Middleware\\HandleCors.php(48): Illuminate\\Pipeline\\Pipeline->Illuminate\\Pipeline\\{closure}(Object(Illuminate\\Http\\Request))
#61 D:\\Proyek 3\\sidora_dosen\\devOps\\vendor\\laravel\\framework\\src\\Illuminate\\Pipeline\\Pipeline.php(219): Illuminate\\Http\\Middleware\\HandleCors->handle(Object(Illuminate\\Http\\Request), Object(Closure))
#62 D:\\Proyek 3\\sidora_dosen\\devOps\\vendor\\laravel\\framework\\src\\Illuminate\\Http\\Middleware\\TrustProxies.php(58): Illuminate\\Pipeline\\Pipeline->Illuminate\\Pipeline\\{closure}(Object(Illuminate\\Http\\Request))
#63 D:\\Proyek 3\\sidora_dosen\\devOps\\vendor\\laravel\\framework\\src\\Illuminate\\Pipeline\\Pipeline.php(219): Illuminate\\Http\\Middleware\\TrustProxies->handle(Object(Illuminate\\Http\\Request), Object(Closure))
#64 D:\\Proyek 3\\sidora_dosen\\devOps\\vendor\\laravel\\framework\\src\\Illuminate\\Foundation\\Http\\Middleware\\InvokeDeferredCallbacks.php(22): Illuminate\\Pipeline\\Pipeline->Illuminate\\Pipeline\\{closure}(Object(Illuminate\\Http\\Request))
#65 D:\\Proyek 3\\sidora_dosen\\devOps\\vendor\\laravel\\framework\\src\\Illuminate\\Pipeline\\Pipeline.php(219): Illuminate\\Foundation\\Http\\Middleware\\InvokeDeferredCallbacks->handle(Object(Illuminate\\Http\\Request), Object(Closure))
#66 D:\\Proyek 3\\sidora_dosen\\devOps\\vendor\\laravel\\framework\\src\\Illuminate\\Http\\Middleware\\ValidatePathEncoding.php(26): Illuminate\\Pipeline\\Pipeline->Illuminate\\Pipeline\\{closure}(Object(Illuminate\\Http\\Request))
#67 D:\\Proyek 3\\sidora_dosen\\devOps\\vendor\\laravel\\framework\\src\\Illuminate\\Pipeline\\Pipeline.php(219): Illuminate\\Http\\Middleware\\ValidatePathEncoding->handle(Object(Illuminate\\Http\\Request), Object(Closure))
#68 D:\\Proyek 3\\sidora_dosen\\devOps\\vendor\\laravel\\framework\\src\\Illuminate\\Pipeline\\Pipeline.php(137): Illuminate\\Pipeline\\Pipeline->Illuminate\\Pipeline\\{closure}(Object(Illuminate\\Http\\Request))
#69 D:\\Proyek 3\\sidora_dosen\\devOps\\vendor\\laravel\\framework\\src\\Illuminate\\Foundation\\Http\\Kernel.php(175): Illuminate\\Pipeline\\Pipeline->then(Object(Closure))
#70 D:\\Proyek 3\\sidora_dosen\\devOps\\vendor\\laravel\\framework\\src\\Illuminate\\Foundation\\Http\\Kernel.php(144): Illuminate\\Foundation\\Http\\Kernel->sendRequestThroughRouter(Object(Illuminate\\Http\\Request))
#71 D:\\Proyek 3\\sidora_dosen\\devOps\\vendor\\laravel\\framework\\src\\Illuminate\\Foundation\\Application.php(1220): Illuminate\\Foundation\\Http\\Kernel->handle(Object(Illuminate\\Http\\Request))
#72 D:\\Proyek 3\\sidora_dosen\\devOps\\public\\index.php(20): Illuminate\\Foundation\\Application->handleRequest(Object(Illuminate\\Http\\Request))
#73 D:\\Proyek 3\\sidora_dosen\\devOps\\vendor\\laravel\\framework\\src\\Illuminate\\Foundation\\resources\\server.php(23): require_once('D:\\\\Proyek 3\\\\sid...')
#74 {main}
"} 
[2025-11-26 10:52:18] local.ERROR: SQLSTATE[42P01]: Undefined table: 7 ERROR:  relation "profil_dosen" does not exist
LINE 1: select * from "profil_dosen" where "profil_dosen"."id_user" ...
                      ^ (Connection: pgsql, SQL: select * from "profil_dosen" where "profil_dosen"."id_user" = 9 and "profil_dosen"."id_user" is not null limit 1) {"userId":9,"exception":"[object] (Illuminate\\Database\\QueryException(code: 42P01): SQLSTATE[42P01]: Undefined table: 7 ERROR:  relation \"profil_dosen\" does not exist
LINE 1: select * from \"profil_dosen\" where \"profil_dosen\".\"id_user\" ...
                      ^ (Connection: pgsql, SQL: select * from \"profil_dosen\" where \"profil_dosen\".\"id_user\" = 9 and \"profil_dosen\".\"id_user\" is not null limit 1) at D:\\Proyek 3\\sidora_dosen\\devOps\\vendor\\laravel\\framework\\src\\Illuminate\\Database\\Connection.php:824)
[stacktrace]
#0 D:\\Proyek 3\\sidora_dosen\\devOps\\vendor\\laravel\\framework\\src\\Illuminate\\Database\\Connection.php(778): Illuminate\\Database\\Connection->runQueryCallback('select * from \"...', Array, Object(Closure))
#1 D:\\Proyek 3\\sidora_dosen\\devOps\\vendor\\laravel\\framework\\src\\Illuminate\\Database\\Connection.php(397): Illuminate\\Database\\Connection->run('select * from \"...', Array, Object(Closure))
#2 D:\\Proyek 3\\sidora_dosen\\devOps\\vendor\\laravel\\framework\\src\\Illuminate\\Database\\Query\\Builder.php(3188): Illuminate\\Database\\Connection->select('select * from \"...', Array, true)
#3 D:\\Proyek 3\\sidora_dosen\\devOps\\vendor\\laravel\\framework\\src\\Illuminate\\Database\\Query\\Builder.php(3173): Illuminate\\Database\\Query\\Builder->runSelect()
#4 D:\\Proyek 3\\sidora_dosen\\devOps\\vendor\\laravel\\framework\\src\\Illuminate\\Database\\Query\\Builder.php(3763): Illuminate\\Database\\Query\\Builder->Illuminate\\Database\\Query\\{closure}()
#5 D:\\Proyek 3\\sidora_dosen\\devOps\\vendor\\laravel\\framework\\src\\Illuminate\\Database\\Query\\Builder.php(3172): Illuminate\\Database\\Query\\Builder->onceWithColumns(Array, Object(Closure))
#6 D:\\Proyek 3\\sidora_dosen\\devOps\\vendor\\laravel\\framework\\src\\Illuminate\\Database\\Eloquent\\Builder.php(902): Illuminate\\Database\\Query\\Builder->get(Array)
#7 D:\\Proyek 3\\sidora_dosen\\devOps\\vendor\\laravel\\framework\\src\\Illuminate\\Database\\Eloquent\\Builder.php(884): Illuminate\\Database\\Eloquent\\Builder->getModels(Array)
#8 D:\\Proyek 3\\sidora_dosen\\devOps\\vendor\\laravel\\framework\\src\\Illuminate\\Database\\Concerns\\BuildsQueries.php(366): Illuminate\\Database\\Eloquent\\Builder->get(Array)
#9 D:\\Proyek 3\\sidora_dosen\\devOps\\vendor\\laravel\\framework\\src\\Illuminate\\Database\\Eloquent\\Relations\\HasOne.php(31): Illuminate\\Database\\Eloquent\\Builder->first()
#10 D:\\Proyek 3\\sidora_dosen\\devOps\\vendor\\laravel\\framework\\src\\Illuminate\\Database\\Eloquent\\Concerns\\HasAttributes.php(635): Illuminate\\Database\\Eloquent\\Relations\\HasOne->getResults()
#11 D:\\Proyek 3\\sidora_dosen\\devOps\\vendor\\laravel\\framework\\src\\Illuminate\\Database\\Eloquent\\Concerns\\HasAttributes.php(573): Illuminate\\Database\\Eloquent\\Model->getRelationshipFromMethod('profilDosen')
#12 D:\\Proyek 3\\sidora_dosen\\devOps\\vendor\\laravel\\framework\\src\\Illuminate\\Database\\Eloquent\\Concerns\\HasAttributes.php(494): Illuminate\\Database\\Eloquent\\Model->getRelationValue('profilDosen')
#13 D:\\Proyek 3\\sidora_dosen\\devOps\\vendor\\laravel\\framework\\src\\Illuminate\\Database\\Eloquent\\Model.php(2423): Illuminate\\Database\\Eloquent\\Model->getAttribute('profilDosen')
#14 D:\\Proyek 3\\sidora_dosen\\devOps\\app\\Http\\Controllers\\Dosen\\PortofolioController.php(28): Illuminate\\Database\\Eloquent\\Model->__get('profilDosen')
#15 D:\\Proyek 3\\sidora_dosen\\devOps\\vendor\\laravel\\framework\\src\\Illuminate\\Routing\\ControllerDispatcher.php(46): App\\Http\\Controllers\\Dosen\\PortofolioController->index()
#16 D:\\Proyek 3\\sidora_dosen\\devOps\\vendor\\laravel\\framework\\src\\Illuminate\\Routing\\Route.php(265): Illuminate\\Routing\\ControllerDispatcher->dispatch(Object(Illuminate\\Routing\\Route), Object(App\\Http\\Controllers\\Dosen\\PortofolioController), 'index')
#17 D:\\Proyek 3\\sidora_dosen\\devOps\\vendor\\laravel\\framework\\src\\Illuminate\\Routing\\Route.php(211): Illuminate\\Routing\\Route->runController()
#18 D:\\Proyek 3\\sidora_dosen\\devOps\\vendor\\laravel\\framework\\src\\Illuminate\\Routing\\Router.php(822): Illuminate\\Routing\\Route->run()
#19 D:\\Proyek 3\\sidora_dosen\\devOps\\vendor\\laravel\\framework\\src\\Illuminate\\Pipeline\\Pipeline.php(180): Illuminate\\Routing\\Router->Illuminate\\Routing\\{closure}(Object(Illuminate\\Http\\Request))
#20 D:\\Proyek 3\\sidora_dosen\\devOps\\app\\Http\\Middleware\\CheckRole.php(34): Illuminate\\Pipeline\\Pipeline->Illuminate\\Pipeline\\{closure}(Object(Illuminate\\Http\\Request))
#21 D:\\Proyek 3\\sidora_dosen\\devOps\\vendor\\laravel\\framework\\src\\Illuminate\\Pipeline\\Pipeline.php(219): App\\Http\\Middleware\\CheckRole->handle(Object(Illuminate\\Http\\Request), Object(Closure), 'dosen')
#22 D:\\Proyek 3\\sidora_dosen\\devOps\\vendor\\laravel\\framework\\src\\Illuminate\\Foundation\\Http\\Middleware\\VerifyCsrfToken.php(87): Illuminate\\Pipeline\\Pipeline->Illuminate\\Pipeline\\{closure}(Object(Illuminate\\Http\\Request))
#23 D:\\Proyek 3\\sidora_dosen\\devOps\\vendor\\laravel\\framework\\src\\Illuminate\\Pipeline\\Pipeline.php(219): Illuminate\\Foundation\\Http\\Middleware\\VerifyCsrfToken->handle(Object(Illuminate\\Http\\Request), Object(Closure))
#24 D:\\Proyek 3\\sidora_dosen\\devOps\\vendor\\laravel\\framework\\src\\Illuminate\\Routing\\Middleware\\SubstituteBindings.php(50): Illuminate\\Pipeline\\Pipeline->Illuminate\\Pipeline\\{closure}(Object(Illuminate\\Http\\Request))
#25 D:\\Proyek 3\\sidora_dosen\\devOps\\vendor\\laravel\\framework\\src\\Illuminate\\Pipeline\\Pipeline.php(219): Illuminate\\Routing\\Middleware\\SubstituteBindings->handle(Object(Illuminate\\Http\\Request), Object(Closure))
#26 D:\\Proyek 3\\sidora_dosen\\devOps\\vendor\\laravel\\framework\\src\\Illuminate\\Session\\Middleware\\AuthenticateSession.php(66): Illuminate\\Pipeline\\Pipeline->Illuminate\\Pipeline\\{closure}(Object(Illuminate\\Http\\Request))
#27 D:\\Proyek 3\\sidora_dosen\\devOps\\vendor\\laravel\\framework\\src\\Illuminate\\Pipeline\\Pipeline.php(219): Illuminate\\Session\\Middleware\\AuthenticateSession->handle(Object(Illuminate\\Http\\Request), Object(Closure))
#28 D:\\Proyek 3\\sidora_dosen\\devOps\\vendor\\laravel\\framework\\src\\Illuminate\\Auth\\Middleware\\Authenticate.php(63): Illuminate\\Pipeline\\Pipeline->Illuminate\\Pipeline\\{closure}(Object(Illuminate\\Http\\Request))
#29 D:\\Proyek 3\\sidora_dosen\\devOps\\vendor\\laravel\\framework\\src\\Illuminate\\Pipeline\\Pipeline.php(219): Illuminate\\Auth\\Middleware\\Authenticate->handle(Object(Illuminate\\Http\\Request), Object(Closure))
#30 D:\\Proyek 3\\sidora_dosen\\devOps\\vendor\\laravel\\framework\\src\\Illuminate\\Foundation\\Http\\Middleware\\VerifyCsrfToken.php(87): Illuminate\\Pipeline\\Pipeline->Illuminate\\Pipeline\\{closure}(Object(Illuminate\\Http\\Request))
#31 D:\\Proyek 3\\sidora_dosen\\devOps\\vendor\\laravel\\framework\\src\\Illuminate\\Pipeline\\Pipeline.php(219): Illuminate\\Foundation\\Http\\Middleware\\VerifyCsrfToken->handle(Object(Illuminate\\Http\\Request), Object(Closure))
#32 D:\\Proyek 3\\sidora_dosen\\devOps\\vendor\\laravel\\framework\\src\\Illuminate\\View\\Middleware\\ShareErrorsFromSession.php(48): Illuminate\\Pipeline\\Pipeline->Illuminate\\Pipeline\\{closure}(Object(Illuminate\\Http\\Request))
#33 D:\\Proyek 3\\sidora_dosen\\devOps\\vendor\\laravel\\framework\\src\\Illuminate\\Pipeline\\Pipeline.php(219): Illuminate\\View\\Middleware\\ShareErrorsFromSession->handle(Object(Illuminate\\Http\\Request), Object(Closure))
#34 D:\\Proyek 3\\sidora_dosen\\devOps\\vendor\\laravel\\framework\\src\\Illuminate\\Session\\Middleware\\StartSession.php(120): Illuminate\\Pipeline\\Pipeline->Illuminate\\Pipeline\\{closure}(Object(Illuminate\\Http\\Request))
#35 D:\\Proyek 3\\sidora_dosen\\devOps\\vendor\\laravel\\framework\\src\\Illuminate\\Session\\Middleware\\StartSession.php(63): Illuminate\\Session\\Middleware\\StartSession->handleStatefulRequest(Object(Illuminate\\Http\\Request), Object(Illuminate\\Session\\Store), Object(Closure))
#36 D:\\Proyek 3\\sidora_dosen\\devOps\\vendor\\laravel\\framework\\src\\Illuminate\\Pipeline\\Pipeline.php(219): Illuminate\\Session\\Middleware\\StartSession->handle(Object(Illuminate\\Http\\Request), Object(Closure))
#37 D:\\Proyek 3\\sidora_dosen\\devOps\\vendor\\laravel\\framework\\src\\Illuminate\\Cookie\\Middleware\\AddQueuedCookiesToResponse.php(36): Illuminate\\Pipeline\\Pipeline->Illuminate\\Pipeline\\{closure}(Object(Illuminate\\Http\\Request))
#38 D:\\Proyek 3\\sidora_dosen\\devOps\\vendor\\laravel\\framework\\src\\Illuminate\\Pipeline\\Pipeline.php(219): Illuminate\\Cookie\\Middleware\\AddQueuedCookiesToResponse->handle(Object(Illuminate\\Http\\Request), Object(Closure))
#39 D:\\Proyek 3\\sidora_dosen\\devOps\\vendor\\laravel\\framework\\src\\Illuminate\\Cookie\\Middleware\\EncryptCookies.php(74): Illuminate\\Pipeline\\Pipeline->Illuminate\\Pipeline\\{closure}(Object(Illuminate\\Http\\Request))
#40 D:\\Proyek 3\\sidora_dosen\\devOps\\vendor\\laravel\\framework\\src\\Illuminate\\Pipeline\\Pipeline.php(219): Illuminate\\Cookie\\Middleware\\EncryptCookies->handle(Object(Illuminate\\Http\\Request), Object(Closure))
#41 D:\\Proyek 3\\sidora_dosen\\devOps\\vendor\\laravel\\framework\\src\\Illuminate\\Pipeline\\Pipeline.php(137): Illuminate\\Pipeline\\Pipeline->Illuminate\\Pipeline\\{closure}(Object(Illuminate\\Http\\Request))
#42 D:\\Proyek 3\\sidora_dosen\\devOps\\vendor\\laravel\\framework\\src\\Illuminate\\Routing\\Router.php(821): Illuminate\\Pipeline\\Pipeline->then(Object(Closure))
#43 D:\\Proyek 3\\sidora_dosen\\devOps\\vendor\\laravel\\framework\\src\\Illuminate\\Routing\\Router.php(800): Illuminate\\Routing\\Router->runRouteWithinStack(Object(Illuminate\\Routing\\Route), Object(Illuminate\\Http\\Request))
#44 D:\\Proyek 3\\sidora_dosen\\devOps\\vendor\\laravel\\framework\\src\\Illuminate\\Routing\\Router.php(764): Illuminate\\Routing\\Router->runRoute(Object(Illuminate\\Http\\Request), Object(Illuminate\\Routing\\Route))
#45 D:\\Proyek 3\\sidora_dosen\\devOps\\vendor\\laravel\\framework\\src\\Illuminate\\Routing\\Router.php(753): Illuminate\\Routing\\Router->dispatchToRoute(Object(Illuminate\\Http\\Request))
#46 D:\\Proyek 3\\sidora_dosen\\devOps\\vendor\\laravel\\framework\\src\\Illuminate\\Foundation\\Http\\Kernel.php(200): Illuminate\\Routing\\Router->dispatch(Object(Illuminate\\Http\\Request))
#47 D:\\Proyek 3\\sidora_dosen\\devOps\\vendor\\laravel\\framework\\src\\Illuminate\\Pipeline\\Pipeline.php(180): Illuminate\\Foundation\\Http\\Kernel->Illuminate\\Foundation\\Http\\{closure}(Object(Illuminate\\Http\\Request))
#48 D:\\Proyek 3\\sidora_dosen\\devOps\\vendor\\laravel\\framework\\src\\Illuminate\\Foundation\\Http\\Middleware\\TransformsRequest.php(21): Illuminate\\Pipeline\\Pipeline->Illuminate\\Pipeline\\{closure}(Object(Illuminate\\Http\\Request))
#49 D:\\Proyek 3\\sidora_dosen\\devOps\\vendor\\laravel\\framework\\src\\Illuminate\\Foundation\\Http\\Middleware\\ConvertEmptyStringsToNull.php(31): Illuminate\\Foundation\\Http\\Middleware\\TransformsRequest->handle(Object(Illuminate\\Http\\Request), Object(Closure))
#50 D:\\Proyek 3\\sidora_dosen\\devOps\\vendor\\laravel\\framework\\src\\Illuminate\\Pipeline\\Pipeline.php(219): Illuminate\\Foundation\\Http\\Middleware\\ConvertEmptyStringsToNull->handle(Object(Illuminate\\Http\\Request), Object(Closure))
#51 D:\\Proyek 3\\sidora_dosen\\devOps\\vendor\\laravel\\framework\\src\\Illuminate\\Foundation\\Http\\Middleware\\TransformsRequest.php(21): Illuminate\\Pipeline\\Pipeline->Illuminate\\Pipeline\\{closure}(Object(Illuminate\\Http\\Request))
#52 D:\\Proyek 3\\sidora_dosen\\devOps\\vendor\\laravel\\framework\\src\\Illuminate\\Foundation\\Http\\Middleware\\TrimStrings.php(51): Illuminate\\Foundation\\Http\\Middleware\\TransformsRequest->handle(Object(Illuminate\\Http\\Request), Object(Closure))
#53 D:\\Proyek 3\\sidora_dosen\\devOps\\vendor\\laravel\\framework\\src\\Illuminate\\Pipeline\\Pipeline.php(219): Illuminate\\Foundation\\Http\\Middleware\\TrimStrings->handle(Object(Illuminate\\Http\\Request), Object(Closure))
#54 D:\\Proyek 3\\sidora_dosen\\devOps\\vendor\\laravel\\framework\\src\\Illuminate\\Http\\Middleware\\ValidatePostSize.php(27): Illuminate\\Pipeline\\Pipeline->Illuminate\\Pipeline\\{closure}(Object(Illuminate\\Http\\Request))
#55 D:\\Proyek 3\\sidora_dosen\\devOps\\vendor\\laravel\\framework\\src\\Illuminate\\Pipeline\\Pipeline.php(219): Illuminate\\Http\\Middleware\\ValidatePostSize->handle(Object(Illuminate\\Http\\Request), Object(Closure))
#56 D:\\Proyek 3\\sidora_dosen\\devOps\\vendor\\laravel\\framework\\src\\Illuminate\\Foundation\\Http\\Middleware\\PreventRequestsDuringMaintenance.php(109): Illuminate\\Pipeline\\Pipeline->Illuminate\\Pipeline\\{closure}(Object(Illuminate\\Http\\Request))
#57 D:\\Proyek 3\\sidora_dosen\\devOps\\vendor\\laravel\\framework\\src\\Illuminate\\Pipeline\\Pipeline.php(219): Illuminate\\Foundation\\Http\\Middleware\\PreventRequestsDuringMaintenance->handle(Object(Illuminate\\Http\\Request), Object(Closure))
#58 D:\\Proyek 3\\sidora_dosen\\devOps\\vendor\\laravel\\framework\\src\\Illuminate\\Http\\Middleware\\HandleCors.php(48): Illuminate\\Pipeline\\Pipeline->Illuminate\\Pipeline\\{closure}(Object(Illuminate\\Http\\Request))
#59 D:\\Proyek 3\\sidora_dosen\\devOps\\vendor\\laravel\\framework\\src\\Illuminate\\Pipeline\\Pipeline.php(219): Illuminate\\Http\\Middleware\\HandleCors->handle(Object(Illuminate\\Http\\Request), Object(Closure))
#60 D:\\Proyek 3\\sidora_dosen\\devOps\\vendor\\laravel\\framework\\src\\Illuminate\\Http\\Middleware\\TrustProxies.php(58): Illuminate\\Pipeline\\Pipeline->Illuminate\\Pipeline\\{closure}(Object(Illuminate\\Http\\Request))
#61 D:\\Proyek 3\\sidora_dosen\\devOps\\vendor\\laravel\\framework\\src\\Illuminate\\Pipeline\\Pipeline.php(219): Illuminate\\Http\\Middleware\\TrustProxies->handle(Object(Illuminate\\Http\\Request), Object(Closure))
#62 D:\\Proyek 3\\sidora_dosen\\devOps\\vendor\\laravel\\framework\\src\\Illuminate\\Foundation\\Http\\Middleware\\InvokeDeferredCallbacks.php(22): Illuminate\\Pipeline\\Pipeline->Illuminate\\Pipeline\\{closure}(Object(Illuminate\\Http\\Request))
#63 D:\\Proyek 3\\sidora_dosen\\devOps\\vendor\\laravel\\framework\\src\\Illuminate\\Pipeline\\Pipeline.php(219): Illuminate\\Foundation\\Http\\Middleware\\InvokeDeferredCallbacks->handle(Object(Illuminate\\Http\\Request), Object(Closure))
#64 D:\\Proyek 3\\sidora_dosen\\devOps\\vendor\\laravel\\framework\\src\\Illuminate\\Http\\Middleware\\ValidatePathEncoding.php(26): Illuminate\\Pipeline\\Pipeline->Illuminate\\Pipeline\\{closure}(Object(Illuminate\\Http\\Request))
#65 D:\\Proyek 3\\sidora_dosen\\devOps\\vendor\\laravel\\framework\\src\\Illuminate\\Pipeline\\Pipeline.php(219): Illuminate\\Http\\Middleware\\ValidatePathEncoding->handle(Object(Illuminate\\Http\\Request), Object(Closure))
#66 D:\\Proyek 3\\sidora_dosen\\devOps\\vendor\\laravel\\framework\\src\\Illuminate\\Pipeline\\Pipeline.php(137): Illuminate\\Pipeline\\Pipeline->Illuminate\\Pipeline\\{closure}(Object(Illuminate\\Http\\Request))
#67 D:\\Proyek 3\\sidora_dosen\\devOps\\vendor\\laravel\\framework\\src\\Illuminate\\Foundation\\Http\\Kernel.php(175): Illuminate\\Pipeline\\Pipeline->then(Object(Closure))
#68 D:\\Proyek 3\\sidora_dosen\\devOps\\vendor\\laravel\\framework\\src\\Illuminate\\Foundation\\Http\\Kernel.php(144): Illuminate\\Foundation\\Http\\Kernel->sendRequestThroughRouter(Object(Illuminate\\Http\\Request))
#69 D:\\Proyek 3\\sidora_dosen\\devOps\\vendor\\laravel\\framework\\src\\Illuminate\\Foundation\\Application.php(1220): Illuminate\\Foundation\\Http\\Kernel->handle(Object(Illuminate\\Http\\Request))
#70 D:\\Proyek 3\\sidora_dosen\\devOps\\public\\index.php(20): Illuminate\\Foundation\\Application->handleRequest(Object(Illuminate\\Http\\Request))
#71 D:\\Proyek 3\\sidora_dosen\\devOps\\vendor\\laravel\\framework\\src\\Illuminate\\Foundation\\resources\\server.php(23): require_once('D:\\\\Proyek 3\\\\sid...')
#72 {main}

[previous exception] [object] (PDOException(code: 42P01): SQLSTATE[42P01]: Undefined table: 7 ERROR:  relation \"profil_dosen\" does not exist
LINE 1: select * from \"profil_dosen\" where \"profil_dosen\".\"id_user\" ...
                      ^ at D:\\Proyek 3\\sidora_dosen\\devOps\\vendor\\laravel\\framework\\src\\Illuminate\\Database\\Connection.php:411)
[stacktrace]
#0 D:\\Proyek 3\\sidora_dosen\\devOps\\vendor\\laravel\\framework\\src\\Illuminate\\Database\\Connection.php(411): PDOStatement->execute()
#1 D:\\Proyek 3\\sidora_dosen\\devOps\\vendor\\laravel\\framework\\src\\Illuminate\\Database\\Connection.php(811): Illuminate\\Database\\Connection->Illuminate\\Database\\{closure}('select * from \"...', Array)
#2 D:\\Proyek 3\\sidora_dosen\\devOps\\vendor\\laravel\\framework\\src\\Illuminate\\Database\\Connection.php(778): Illuminate\\Database\\Connection->runQueryCallback('select * from \"...', Array, Object(Closure))
#3 D:\\Proyek 3\\sidora_dosen\\devOps\\vendor\\laravel\\framework\\src\\Illuminate\\Database\\Connection.php(397): Illuminate\\Database\\Connection->run('select * from \"...', Array, Object(Closure))
#4 D:\\Proyek 3\\sidora_dosen\\devOps\\vendor\\laravel\\framework\\src\\Illuminate\\Database\\Query\\Builder.php(3188): Illuminate\\Database\\Connection->select('select * from \"...', Array, true)
#5 D:\\Proyek 3\\sidora_dosen\\devOps\\vendor\\laravel\\framework\\src\\Illuminate\\Database\\Query\\Builder.php(3173): Illuminate\\Database\\Query\\Builder->runSelect()
#6 D:\\Proyek 3\\sidora_dosen\\devOps\\vendor\\laravel\\framework\\src\\Illuminate\\Database\\Query\\Builder.php(3763): Illuminate\\Database\\Query\\Builder->Illuminate\\Database\\Query\\{closure}()
#7 D:\\Proyek 3\\sidora_dosen\\devOps\\vendor\\laravel\\framework\\src\\Illuminate\\Database\\Query\\Builder.php(3172): Illuminate\\Database\\Query\\Builder->onceWithColumns(Array, Object(Closure))
#8 D:\\Proyek 3\\sidora_dosen\\devOps\\vendor\\laravel\\framework\\src\\Illuminate\\Database\\Eloquent\\Builder.php(902): Illuminate\\Database\\Query\\Builder->get(Array)
#9 D:\\Proyek 3\\sidora_dosen\\devOps\\vendor\\laravel\\framework\\src\\Illuminate\\Database\\Eloquent\\Builder.php(884): Illuminate\\Database\\Eloquent\\Builder->getModels(Array)
#10 D:\\Proyek 3\\sidora_dosen\\devOps\\vendor\\laravel\\framework\\src\\Illuminate\\Database\\Concerns\\BuildsQueries.php(366): Illuminate\\Database\\Eloquent\\Builder->get(Array)
#11 D:\\Proyek 3\\sidora_dosen\\devOps\\vendor\\laravel\\framework\\src\\Illuminate\\Database\\Eloquent\\Relations\\HasOne.php(31): Illuminate\\Database\\Eloquent\\Builder->first()
#12 D:\\Proyek 3\\sidora_dosen\\devOps\\vendor\\laravel\\framework\\src\\Illuminate\\Database\\Eloquent\\Concerns\\HasAttributes.php(635): Illuminate\\Database\\Eloquent\\Relations\\HasOne->getResults()
#13 D:\\Proyek 3\\sidora_dosen\\devOps\\vendor\\laravel\\framework\\src\\Illuminate\\Database\\Eloquent\\Concerns\\HasAttributes.php(573): Illuminate\\Database\\Eloquent\\Model->getRelationshipFromMethod('profilDosen')
#14 D:\\Proyek 3\\sidora_dosen\\devOps\\vendor\\laravel\\framework\\src\\Illuminate\\Database\\Eloquent\\Concerns\\HasAttributes.php(494): Illuminate\\Database\\Eloquent\\Model->getRelationValue('profilDosen')
#15 D:\\Proyek 3\\sidora_dosen\\devOps\\vendor\\laravel\\framework\\src\\Illuminate\\Database\\Eloquent\\Model.php(2423): Illuminate\\Database\\Eloquent\\Model->getAttribute('profilDosen')
#16 D:\\Proyek 3\\sidora_dosen\\devOps\\app\\Http\\Controllers\\Dosen\\PortofolioController.php(28): Illuminate\\Database\\Eloquent\\Model->__get('profilDosen')
#17 D:\\Proyek 3\\sidora_dosen\\devOps\\vendor\\laravel\\framework\\src\\Illuminate\\Routing\\ControllerDispatcher.php(46): App\\Http\\Controllers\\Dosen\\PortofolioController->index()
#18 D:\\Proyek 3\\sidora_dosen\\devOps\\vendor\\laravel\\framework\\src\\Illuminate\\Routing\\Route.php(265): Illuminate\\Routing\\ControllerDispatcher->dispatch(Object(Illuminate\\Routing\\Route), Object(App\\Http\\Controllers\\Dosen\\PortofolioController), 'index')
#19 D:\\Proyek 3\\sidora_dosen\\devOps\\vendor\\laravel\\framework\\src\\Illuminate\\Routing\\Route.php(211): Illuminate\\Routing\\Route->runController()
#20 D:\\Proyek 3\\sidora_dosen\\devOps\\vendor\\laravel\\framework\\src\\Illuminate\\Routing\\Router.php(822): Illuminate\\Routing\\Route->run()
#21 D:\\Proyek 3\\sidora_dosen\\devOps\\vendor\\laravel\\framework\\src\\Illuminate\\Pipeline\\Pipeline.php(180): Illuminate\\Routing\\Router->Illuminate\\Routing\\{closure}(Object(Illuminate\\Http\\Request))
#22 D:\\Proyek 3\\sidora_dosen\\devOps\\app\\Http\\Middleware\\CheckRole.php(34): Illuminate\\Pipeline\\Pipeline->Illuminate\\Pipeline\\{closure}(Object(Illuminate\\Http\\Request))
#23 D:\\Proyek 3\\sidora_dosen\\devOps\\vendor\\laravel\\framework\\src\\Illuminate\\Pipeline\\Pipeline.php(219): App\\Http\\Middleware\\CheckRole->handle(Object(Illuminate\\Http\\Request), Object(Closure), 'dosen')
#24 D:\\Proyek 3\\sidora_dosen\\devOps\\vendor\\laravel\\framework\\src\\Illuminate\\Foundation\\Http\\Middleware\\VerifyCsrfToken.php(87): Illuminate\\Pipeline\\Pipeline->Illuminate\\Pipeline\\{closure}(Object(Illuminate\\Http\\Request))
#25 D:\\Proyek 3\\sidora_dosen\\devOps\\vendor\\laravel\\framework\\src\\Illuminate\\Pipeline\\Pipeline.php(219): Illuminate\\Foundation\\Http\\Middleware\\VerifyCsrfToken->handle(Object(Illuminate\\Http\\Request), Object(Closure))
#26 D:\\Proyek 3\\sidora_dosen\\devOps\\vendor\\laravel\\framework\\src\\Illuminate\\Routing\\Middleware\\SubstituteBindings.php(50): Illuminate\\Pipeline\\Pipeline->Illuminate\\Pipeline\\{closure}(Object(Illuminate\\Http\\Request))
#27 D:\\Proyek 3\\sidora_dosen\\devOps\\vendor\\laravel\\framework\\src\\Illuminate\\Pipeline\\Pipeline.php(219): Illuminate\\Routing\\Middleware\\SubstituteBindings->handle(Object(Illuminate\\Http\\Request), Object(Closure))
#28 D:\\Proyek 3\\sidora_dosen\\devOps\\vendor\\laravel\\framework\\src\\Illuminate\\Session\\Middleware\\AuthenticateSession.php(66): Illuminate\\Pipeline\\Pipeline->Illuminate\\Pipeline\\{closure}(Object(Illuminate\\Http\\Request))
#29 D:\\Proyek 3\\sidora_dosen\\devOps\\vendor\\laravel\\framework\\src\\Illuminate\\Pipeline\\Pipeline.php(219): Illuminate\\Session\\Middleware\\AuthenticateSession->handle(Object(Illuminate\\Http\\Request), Object(Closure))
#30 D:\\Proyek 3\\sidora_dosen\\devOps\\vendor\\laravel\\framework\\src\\Illuminate\\Auth\\Middleware\\Authenticate.php(63): Illuminate\\Pipeline\\Pipeline->Illuminate\\Pipeline\\{closure}(Object(Illuminate\\Http\\Request))
#31 D:\\Proyek 3\\sidora_dosen\\devOps\\vendor\\laravel\\framework\\src\\Illuminate\\Pipeline\\Pipeline.php(219): Illuminate\\Auth\\Middleware\\Authenticate->handle(Object(Illuminate\\Http\\Request), Object(Closure))
#32 D:\\Proyek 3\\sidora_dosen\\devOps\\vendor\\laravel\\framework\\src\\Illuminate\\Foundation\\Http\\Middleware\\VerifyCsrfToken.php(87): Illuminate\\Pipeline\\Pipeline->Illuminate\\Pipeline\\{closure}(Object(Illuminate\\Http\\Request))
#33 D:\\Proyek 3\\sidora_dosen\\devOps\\vendor\\laravel\\framework\\src\\Illuminate\\Pipeline\\Pipeline.php(219): Illuminate\\Foundation\\Http\\Middleware\\VerifyCsrfToken->handle(Object(Illuminate\\Http\\Request), Object(Closure))
#34 D:\\Proyek 3\\sidora_dosen\\devOps\\vendor\\laravel\\framework\\src\\Illuminate\\View\\Middleware\\ShareErrorsFromSession.php(48): Illuminate\\Pipeline\\Pipeline->Illuminate\\Pipeline\\{closure}(Object(Illuminate\\Http\\Request))
#35 D:\\Proyek 3\\sidora_dosen\\devOps\\vendor\\laravel\\framework\\src\\Illuminate\\Pipeline\\Pipeline.php(219): Illuminate\\View\\Middleware\\ShareErrorsFromSession->handle(Object(Illuminate\\Http\\Request), Object(Closure))
#36 D:\\Proyek 3\\sidora_dosen\\devOps\\vendor\\laravel\\framework\\src\\Illuminate\\Session\\Middleware\\StartSession.php(120): Illuminate\\Pipeline\\Pipeline->Illuminate\\Pipeline\\{closure}(Object(Illuminate\\Http\\Request))
#37 D:\\Proyek 3\\sidora_dosen\\devOps\\vendor\\laravel\\framework\\src\\Illuminate\\Session\\Middleware\\StartSession.php(63): Illuminate\\Session\\Middleware\\StartSession->handleStatefulRequest(Object(Illuminate\\Http\\Request), Object(Illuminate\\Session\\Store), Object(Closure))
#38 D:\\Proyek 3\\sidora_dosen\\devOps\\vendor\\laravel\\framework\\src\\Illuminate\\Pipeline\\Pipeline.php(219): Illuminate\\Session\\Middleware\\StartSession->handle(Object(Illuminate\\Http\\Request), Object(Closure))
#39 D:\\Proyek 3\\sidora_dosen\\devOps\\vendor\\laravel\\framework\\src\\Illuminate\\Cookie\\Middleware\\AddQueuedCookiesToResponse.php(36): Illuminate\\Pipeline\\Pipeline->Illuminate\\Pipeline\\{closure}(Object(Illuminate\\Http\\Request))
#40 D:\\Proyek 3\\sidora_dosen\\devOps\\vendor\\laravel\\framework\\src\\Illuminate\\Pipeline\\Pipeline.php(219): Illuminate\\Cookie\\Middleware\\AddQueuedCookiesToResponse->handle(Object(Illuminate\\Http\\Request), Object(Closure))
#41 D:\\Proyek 3\\sidora_dosen\\devOps\\vendor\\laravel\\framework\\src\\Illuminate\\Cookie\\Middleware\\EncryptCookies.php(74): Illuminate\\Pipeline\\Pipeline->Illuminate\\Pipeline\\{closure}(Object(Illuminate\\Http\\Request))
#42 D:\\Proyek 3\\sidora_dosen\\devOps\\vendor\\laravel\\framework\\src\\Illuminate\\Pipeline\\Pipeline.php(219): Illuminate\\Cookie\\Middleware\\EncryptCookies->handle(Object(Illuminate\\Http\\Request), Object(Closure))
#43 D:\\Proyek 3\\sidora_dosen\\devOps\\vendor\\laravel\\framework\\src\\Illuminate\\Pipeline\\Pipeline.php(137): Illuminate\\Pipeline\\Pipeline->Illuminate\\Pipeline\\{closure}(Object(Illuminate\\Http\\Request))
#44 D:\\Proyek 3\\sidora_dosen\\devOps\\vendor\\laravel\\framework\\src\\Illuminate\\Routing\\Router.php(821): Illuminate\\Pipeline\\Pipeline->then(Object(Closure))
#45 D:\\Proyek 3\\sidora_dosen\\devOps\\vendor\\laravel\\framework\\src\\Illuminate\\Routing\\Router.php(800): Illuminate\\Routing\\Router->runRouteWithinStack(Object(Illuminate\\Routing\\Route), Object(Illuminate\\Http\\Request))
#46 D:\\Proyek 3\\sidora_dosen\\devOps\\vendor\\laravel\\framework\\src\\Illuminate\\Routing\\Router.php(764): Illuminate\\Routing\\Router->runRoute(Object(Illuminate\\Http\\Request), Object(Illuminate\\Routing\\Route))
#47 D:\\Proyek 3\\sidora_dosen\\devOps\\vendor\\laravel\\framework\\src\\Illuminate\\Routing\\Router.php(753): Illuminate\\Routing\\Router->dispatchToRoute(Object(Illuminate\\Http\\Request))
#48 D:\\Proyek 3\\sidora_dosen\\devOps\\vendor\\laravel\\framework\\src\\Illuminate\\Foundation\\Http\\Kernel.php(200): Illuminate\\Routing\\Router->dispatch(Object(Illuminate\\Http\\Request))
#49 D:\\Proyek 3\\sidora_dosen\\devOps\\vendor\\laravel\\framework\\src\\Illuminate\\Pipeline\\Pipeline.php(180): Illuminate\\Foundation\\Http\\Kernel->Illuminate\\Foundation\\Http\\{closure}(Object(Illuminate\\Http\\Request))
#50 D:\\Proyek 3\\sidora_dosen\\devOps\\vendor\\laravel\\framework\\src\\Illuminate\\Foundation\\Http\\Middleware\\TransformsRequest.php(21): Illuminate\\Pipeline\\Pipeline->Illuminate\\Pipeline\\{closure}(Object(Illuminate\\Http\\Request))
#51 D:\\Proyek 3\\sidora_dosen\\devOps\\vendor\\laravel\\framework\\src\\Illuminate\\Foundation\\Http\\Middleware\\ConvertEmptyStringsToNull.php(31): Illuminate\\Foundation\\Http\\Middleware\\TransformsRequest->handle(Object(Illuminate\\Http\\Request), Object(Closure))
#52 D:\\Proyek 3\\sidora_dosen\\devOps\\vendor\\laravel\\framework\\src\\Illuminate\\Pipeline\\Pipeline.php(219): Illuminate\\Foundation\\Http\\Middleware\\ConvertEmptyStringsToNull->handle(Object(Illuminate\\Http\\Request), Object(Closure))
#53 D:\\Proyek 3\\sidora_dosen\\devOps\\vendor\\laravel\\framework\\src\\Illuminate\\Foundation\\Http\\Middleware\\TransformsRequest.php(21): Illuminate\\Pipeline\\Pipeline->Illuminate\\Pipeline\\{closure}(Object(Illuminate\\Http\\Request))
#54 D:\\Proyek 3\\sidora_dosen\\devOps\\vendor\\laravel\\framework\\src\\Illuminate\\Foundation\\Http\\Middleware\\TrimStrings.php(51): Illuminate\\Foundation\\Http\\Middleware\\TransformsRequest->handle(Object(Illuminate\\Http\\Request), Object(Closure))
#55 D:\\Proyek 3\\sidora_dosen\\devOps\\vendor\\laravel\\framework\\src\\Illuminate\\Pipeline\\Pipeline.php(219): Illuminate\\Foundation\\Http\\Middleware\\TrimStrings->handle(Object(Illuminate\\Http\\Request), Object(Closure))
#56 D:\\Proyek 3\\sidora_dosen\\devOps\\vendor\\laravel\\framework\\src\\Illuminate\\Http\\Middleware\\ValidatePostSize.php(27): Illuminate\\Pipeline\\Pipeline->Illuminate\\Pipeline\\{closure}(Object(Illuminate\\Http\\Request))
#57 D:\\Proyek 3\\sidora_dosen\\devOps\\vendor\\laravel\\framework\\src\\Illuminate\\Pipeline\\Pipeline.php(219): Illuminate\\Http\\Middleware\\ValidatePostSize->handle(Object(Illuminate\\Http\\Request), Object(Closure))
#58 D:\\Proyek 3\\sidora_dosen\\devOps\\vendor\\laravel\\framework\\src\\Illuminate\\Foundation\\Http\\Middleware\\PreventRequestsDuringMaintenance.php(109): Illuminate\\Pipeline\\Pipeline->Illuminate\\Pipeline\\{closure}(Object(Illuminate\\Http\\Request))
#59 D:\\Proyek 3\\sidora_dosen\\devOps\\vendor\\laravel\\framework\\src\\Illuminate\\Pipeline\\Pipeline.php(219): Illuminate\\Foundation\\Http\\Middleware\\PreventRequestsDuringMaintenance->handle(Object(Illuminate\\Http\\Request), Object(Closure))
#60 D:\\Proyek 3\\sidora_dosen\\devOps\\vendor\\laravel\\framework\\src\\Illuminate\\Http\\Middleware\\HandleCors.php(48): Illuminate\\Pipeline\\Pipeline->Illuminate\\Pipeline\\{closure}(Object(Illuminate\\Http\\Request))
#61 D:\\Proyek 3\\sidora_dosen\\devOps\\vendor\\laravel\\framework\\src\\Illuminate\\Pipeline\\Pipeline.php(219): Illuminate\\Http\\Middleware\\HandleCors->handle(Object(Illuminate\\Http\\Request), Object(Closure))
#62 D:\\Proyek 3\\sidora_dosen\\devOps\\vendor\\laravel\\framework\\src\\Illuminate\\Http\\Middleware\\TrustProxies.php(58): Illuminate\\Pipeline\\Pipeline->Illuminate\\Pipeline\\{closure}(Object(Illuminate\\Http\\Request))
#63 D:\\Proyek 3\\sidora_dosen\\devOps\\vendor\\laravel\\framework\\src\\Illuminate\\Pipeline\\Pipeline.php(219): Illuminate\\Http\\Middleware\\TrustProxies->handle(Object(Illuminate\\Http\\Request), Object(Closure))
#64 D:\\Proyek 3\\sidora_dosen\\devOps\\vendor\\laravel\\framework\\src\\Illuminate\\Foundation\\Http\\Middleware\\InvokeDeferredCallbacks.php(22): Illuminate\\Pipeline\\Pipeline->Illuminate\\Pipeline\\{closure}(Object(Illuminate\\Http\\Request))
#65 D:\\Proyek 3\\sidora_dosen\\devOps\\vendor\\laravel\\framework\\src\\Illuminate\\Pipeline\\Pipeline.php(219): Illuminate\\Foundation\\Http\\Middleware\\InvokeDeferredCallbacks->handle(Object(Illuminate\\Http\\Request), Object(Closure))
#66 D:\\Proyek 3\\sidora_dosen\\devOps\\vendor\\laravel\\framework\\src\\Illuminate\\Http\\Middleware\\ValidatePathEncoding.php(26): Illuminate\\Pipeline\\Pipeline->Illuminate\\Pipeline\\{closure}(Object(Illuminate\\Http\\Request))
#67 D:\\Proyek 3\\sidora_dosen\\devOps\\vendor\\laravel\\framework\\src\\Illuminate\\Pipeline\\Pipeline.php(219): Illuminate\\Http\\Middleware\\ValidatePathEncoding->handle(Object(Illuminate\\Http\\Request), Object(Closure))
#68 D:\\Proyek 3\\sidora_dosen\\devOps\\vendor\\laravel\\framework\\src\\Illuminate\\Pipeline\\Pipeline.php(137): Illuminate\\Pipeline\\Pipeline->Illuminate\\Pipeline\\{closure}(Object(Illuminate\\Http\\Request))
#69 D:\\Proyek 3\\sidora_dosen\\devOps\\vendor\\laravel\\framework\\src\\Illuminate\\Foundation\\Http\\Kernel.php(175): Illuminate\\Pipeline\\Pipeline->then(Object(Closure))
#70 D:\\Proyek 3\\sidora_dosen\\devOps\\vendor\\laravel\\framework\\src\\Illuminate\\Foundation\\Http\\Kernel.php(144): Illuminate\\Foundation\\Http\\Kernel->sendRequestThroughRouter(Object(Illuminate\\Http\\Request))
#71 D:\\Proyek 3\\sidora_dosen\\devOps\\vendor\\laravel\\framework\\src\\Illuminate\\Foundation\\Application.php(1220): Illuminate\\Foundation\\Http\\Kernel->handle(Object(Illuminate\\Http\\Request))
#72 D:\\Proyek 3\\sidora_dosen\\devOps\\public\\index.php(20): Illuminate\\Foundation\\Application->handleRequest(Object(Illuminate\\Http\\Request))
#73 D:\\Proyek 3\\sidora_dosen\\devOps\\vendor\\laravel\\framework\\src\\Illuminate\\Foundation\\resources\\server.php(23): require_once('D:\\\\Proyek 3\\\\sid...')
#74 {main}
"} 
[2025-11-26 11:03:38] local.ERROR: SQLSTATE[42P07]: Duplicate table: 7 ERROR:  relation "kategori" already exists (Connection: pgsql, SQL: create table "kategori" ("kategori_id" bigserial not null primary key, "nama_kategori" varchar(100) not null, "deskripsi" text null, "created_at" timestamp(0) without time zone null, "updated_at" timestamp(0) without time zone null)) {"exception":"[object] (Illuminate\\Database\\QueryException(code: 42P07): SQLSTATE[42P07]: Duplicate table: 7 ERROR:  relation \"kategori\" already exists (Connection: pgsql, SQL: create table \"kategori\" (\"kategori_id\" bigserial not null primary key, \"nama_kategori\" varchar(100) not null, \"deskripsi\" text null, \"created_at\" timestamp(0) without time zone null, \"updated_at\" timestamp(0) without time zone null)) at D:\\Proyek 3\\sidora_dosen\\devOps\\vendor\\laravel\\framework\\src\\Illuminate\\Database\\Connection.php:824)
[stacktrace]
#0 D:\\Proyek 3\\sidora_dosen\\devOps\\vendor\\laravel\\framework\\src\\Illuminate\\Database\\Connection.php(778): Illuminate\\Database\\Connection->runQueryCallback('create table \"k...', Array, Object(Closure))
#1 D:\\Proyek 3\\sidora_dosen\\devOps\\vendor\\laravel\\framework\\src\\Illuminate\\Database\\Connection.php(559): Illuminate\\Database\\Connection->run('create table \"k...', Array, Object(Closure))
#2 D:\\Proyek 3\\sidora_dosen\\devOps\\vendor\\laravel\\framework\\src\\Illuminate\\Database\\Schema\\Blueprint.php(121): Illuminate\\Database\\Connection->statement('create table \"k...')
#3 D:\\Proyek 3\\sidora_dosen\\devOps\\vendor\\laravel\\framework\\src\\Illuminate\\Database\\Schema\\Builder.php(618): Illuminate\\Database\\Schema\\Blueprint->build()
#4 D:\\Proyek 3\\sidora_dosen\\devOps\\vendor\\laravel\\framework\\src\\Illuminate\\Database\\Schema\\Builder.php(472): Illuminate\\Database\\Schema\\Builder->build(Object(Illuminate\\Database\\Schema\\Blueprint))
#5 D:\\Proyek 3\\sidora_dosen\\devOps\\vendor\\laravel\\framework\\src\\Illuminate\\Support\\Facades\\Facade.php(363): Illuminate\\Database\\Schema\\Builder->create('kategori', Object(Closure))
#6 D:\\Proyek 3\\sidora_dosen\\devOps\\database\\migrations\\2025_11_01_085152_create_core_tables_and_extend_users.php(24): Illuminate\\Support\\Facades\\Facade::__callStatic('create', Array)
#7 D:\\Proyek 3\\sidora_dosen\\devOps\\vendor\\laravel\\framework\\src\\Illuminate\\Database\\Migrations\\Migrator.php(514): Illuminate\\Database\\Migrations\\Migration@anonymous->up()
#8 D:\\Proyek 3\\sidora_dosen\\devOps\\vendor\\laravel\\framework\\src\\Illuminate\\Database\\Migrations\\Migrator.php(439): Illuminate\\Database\\Migrations\\Migrator->runMethod(Object(Illuminate\\Database\\PostgresConnection), Object(Illuminate\\Database\\Migrations\\Migration@anonymous), 'up')
#9 D:\\Proyek 3\\sidora_dosen\\devOps\\vendor\\laravel\\framework\\src\\Illuminate\\Database\\Concerns\\ManagesTransactions.php(35): Illuminate\\Database\\Migrations\\Migrator->Illuminate\\Database\\Migrations\\{closure}(Object(Illuminate\\Database\\PostgresConnection))
#10 D:\\Proyek 3\\sidora_dosen\\devOps\\vendor\\laravel\\framework\\src\\Illuminate\\Database\\Migrations\\Migrator.php(447): Illuminate\\Database\\Connection->transaction(Object(Closure))
#11 D:\\Proyek 3\\sidora_dosen\\devOps\\vendor\\laravel\\framework\\src\\Illuminate\\Database\\Migrations\\Migrator.php(250): Illuminate\\Database\\Migrations\\Migrator->runMigration(Object(Illuminate\\Database\\Migrations\\Migration@anonymous), 'up')
#12 D:\\Proyek 3\\sidora_dosen\\devOps\\vendor\\laravel\\framework\\src\\Illuminate\\Console\\View\\Components\\Task.php(41): Illuminate\\Database\\Migrations\\Migrator->Illuminate\\Database\\Migrations\\{closure}()
#13 D:\\Proyek 3\\sidora_dosen\\devOps\\vendor\\laravel\\framework\\src\\Illuminate\\Database\\Migrations\\Migrator.php(809): Illuminate\\Console\\View\\Components\\Task->render('2025_11_01_0851...', Object(Closure))
#14 D:\\Proyek 3\\sidora_dosen\\devOps\\vendor\\laravel\\framework\\src\\Illuminate\\Database\\Migrations\\Migrator.php(250): Illuminate\\Database\\Migrations\\Migrator->write('Illuminate\\\\Cons...', '2025_11_01_0851...', Object(Closure))
#15 D:\\Proyek 3\\sidora_dosen\\devOps\\vendor\\laravel\\framework\\src\\Illuminate\\Database\\Migrations\\Migrator.php(210): Illuminate\\Database\\Migrations\\Migrator->runUp('D:\\\\Proyek 3\\\\sid...', 2, false)
#16 D:\\Proyek 3\\sidora_dosen\\devOps\\vendor\\laravel\\framework\\src\\Illuminate\\Database\\Migrations\\Migrator.php(137): Illuminate\\Database\\Migrations\\Migrator->runPending(Array, Array)
#17 D:\\Proyek 3\\sidora_dosen\\devOps\\vendor\\laravel\\framework\\src\\Illuminate\\Database\\Console\\Migrations\\MigrateCommand.php(116): Illuminate\\Database\\Migrations\\Migrator->run(Array, Array)
#18 D:\\Proyek 3\\sidora_dosen\\devOps\\vendor\\laravel\\framework\\src\\Illuminate\\Database\\Migrations\\Migrator.php(666): Illuminate\\Database\\Console\\Migrations\\MigrateCommand->Illuminate\\Database\\Console\\Migrations\\{closure}()
#19 D:\\Proyek 3\\sidora_dosen\\devOps\\vendor\\laravel\\framework\\src\\Illuminate\\Database\\Console\\Migrations\\MigrateCommand.php(109): Illuminate\\Database\\Migrations\\Migrator->usingConnection(NULL, Object(Closure))
#20 D:\\Proyek 3\\sidora_dosen\\devOps\\vendor\\laravel\\framework\\src\\Illuminate\\Database\\Console\\Migrations\\MigrateCommand.php(88): Illuminate\\Database\\Console\\Migrations\\MigrateCommand->runMigrations()
#21 D:\\Proyek 3\\sidora_dosen\\devOps\\vendor\\laravel\\framework\\src\\Illuminate\\Container\\BoundMethod.php(36): Illuminate\\Database\\Console\\Migrations\\MigrateCommand->handle()
#22 D:\\Proyek 3\\sidora_dosen\\devOps\\vendor\\laravel\\framework\\src\\Illuminate\\Container\\Util.php(43): Illuminate\\Container\\BoundMethod::Illuminate\\Container\\{closure}()
#23 D:\\Proyek 3\\sidora_dosen\\devOps\\vendor\\laravel\\framework\\src\\Illuminate\\Container\\BoundMethod.php(96): Illuminate\\Container\\Util::unwrapIfClosure(Object(Closure))
#24 D:\\Proyek 3\\sidora_dosen\\devOps\\vendor\\laravel\\framework\\src\\Illuminate\\Container\\BoundMethod.php(35): Illuminate\\Container\\BoundMethod::callBoundMethod(Object(Illuminate\\Foundation\\Application), Array, Object(Closure))
#25 D:\\Proyek 3\\sidora_dosen\\devOps\\vendor\\laravel\\framework\\src\\Illuminate\\Container\\Container.php(836): Illuminate\\Container\\BoundMethod::call(Object(Illuminate\\Foundation\\Application), Array, Array, NULL)
#26 D:\\Proyek 3\\sidora_dosen\\devOps\\vendor\\laravel\\framework\\src\\Illuminate\\Console\\Command.php(211): Illuminate\\Container\\Container->call(Array)
#27 D:\\Proyek 3\\sidora_dosen\\devOps\\vendor\\symfony\\console\\Command\\Command.php(318): Illuminate\\Console\\Command->execute(Object(Symfony\\Component\\Console\\Input\\ArgvInput), Object(Illuminate\\Console\\OutputStyle))
#28 D:\\Proyek 3\\sidora_dosen\\devOps\\vendor\\laravel\\framework\\src\\Illuminate\\Console\\Command.php(180): Symfony\\Component\\Console\\Command\\Command->run(Object(Symfony\\Component\\Console\\Input\\ArgvInput), Object(Illuminate\\Console\\OutputStyle))
#29 D:\\Proyek 3\\sidora_dosen\\devOps\\vendor\\symfony\\console\\Application.php(1073): Illuminate\\Console\\Command->run(Object(Symfony\\Component\\Console\\Input\\ArgvInput), Object(Symfony\\Component\\Console\\Output\\ConsoleOutput))
#30 D:\\Proyek 3\\sidora_dosen\\devOps\\vendor\\symfony\\console\\Application.php(356): Symfony\\Component\\Console\\Application->doRunCommand(Object(Illuminate\\Database\\Console\\Migrations\\MigrateCommand), Object(Symfony\\Component\\Console\\Input\\ArgvInput), Object(Symfony\\Component\\Console\\Output\\ConsoleOutput))
#31 D:\\Proyek 3\\sidora_dosen\\devOps\\vendor\\symfony\\console\\Application.php(195): Symfony\\Component\\Console\\Application->doRun(Object(Symfony\\Component\\Console\\Input\\ArgvInput), Object(Symfony\\Component\\Console\\Output\\ConsoleOutput))
#32 D:\\Proyek 3\\sidora_dosen\\devOps\\vendor\\laravel\\framework\\src\\Illuminate\\Foundation\\Console\\Kernel.php(197): Symfony\\Component\\Console\\Application->run(Object(Symfony\\Component\\Console\\Input\\ArgvInput), Object(Symfony\\Component\\Console\\Output\\ConsoleOutput))
#33 D:\\Proyek 3\\sidora_dosen\\devOps\\vendor\\laravel\\framework\\src\\Illuminate\\Foundation\\Application.php(1235): Illuminate\\Foundation\\Console\\Kernel->handle(Object(Symfony\\Component\\Console\\Input\\ArgvInput), Object(Symfony\\Component\\Console\\Output\\ConsoleOutput))
#34 D:\\Proyek 3\\sidora_dosen\\devOps\\artisan(16): Illuminate\\Foundation\\Application->handleCommand(Object(Symfony\\Component\\Console\\Input\\ArgvInput))
#35 {main}

[previous exception] [object] (PDOException(code: 42P07): SQLSTATE[42P07]: Duplicate table: 7 ERROR:  relation \"kategori\" already exists at D:\\Proyek 3\\sidora_dosen\\devOps\\vendor\\laravel\\framework\\src\\Illuminate\\Database\\Connection.php:570)
[stacktrace]
#0 D:\\Proyek 3\\sidora_dosen\\devOps\\vendor\\laravel\\framework\\src\\Illuminate\\Database\\Connection.php(570): PDOStatement->execute()
#1 D:\\Proyek 3\\sidora_dosen\\devOps\\vendor\\laravel\\framework\\src\\Illuminate\\Database\\Connection.php(811): Illuminate\\Database\\Connection->Illuminate\\Database\\{closure}('create table \"k...', Array)
#2 D:\\Proyek 3\\sidora_dosen\\devOps\\vendor\\laravel\\framework\\src\\Illuminate\\Database\\Connection.php(778): Illuminate\\Database\\Connection->runQueryCallback('create table \"k...', Array, Object(Closure))
#3 D:\\Proyek 3\\sidora_dosen\\devOps\\vendor\\laravel\\framework\\src\\Illuminate\\Database\\Connection.php(559): Illuminate\\Database\\Connection->run('create table \"k...', Array, Object(Closure))
#4 D:\\Proyek 3\\sidora_dosen\\devOps\\vendor\\laravel\\framework\\src\\Illuminate\\Database\\Schema\\Blueprint.php(121): Illuminate\\Database\\Connection->statement('create table \"k...')
#5 D:\\Proyek 3\\sidora_dosen\\devOps\\vendor\\laravel\\framework\\src\\Illuminate\\Database\\Schema\\Builder.php(618): Illuminate\\Database\\Schema\\Blueprint->build()
#6 D:\\Proyek 3\\sidora_dosen\\devOps\\vendor\\laravel\\framework\\src\\Illuminate\\Database\\Schema\\Builder.php(472): Illuminate\\Database\\Schema\\Builder->build(Object(Illuminate\\Database\\Schema\\Blueprint))
#7 D:\\Proyek 3\\sidora_dosen\\devOps\\vendor\\laravel\\framework\\src\\Illuminate\\Support\\Facades\\Facade.php(363): Illuminate\\Database\\Schema\\Builder->create('kategori', Object(Closure))
#8 D:\\Proyek 3\\sidora_dosen\\devOps\\database\\migrations\\2025_11_01_085152_create_core_tables_and_extend_users.php(24): Illuminate\\Support\\Facades\\Facade::__callStatic('create', Array)
#9 D:\\Proyek 3\\sidora_dosen\\devOps\\vendor\\laravel\\framework\\src\\Illuminate\\Database\\Migrations\\Migrator.php(514): Illuminate\\Database\\Migrations\\Migration@anonymous->up()
#10 D:\\Proyek 3\\sidora_dosen\\devOps\\vendor\\laravel\\framework\\src\\Illuminate\\Database\\Migrations\\Migrator.php(439): Illuminate\\Database\\Migrations\\Migrator->runMethod(Object(Illuminate\\Database\\PostgresConnection), Object(Illuminate\\Database\\Migrations\\Migration@anonymous), 'up')
#11 D:\\Proyek 3\\sidora_dosen\\devOps\\vendor\\laravel\\framework\\src\\Illuminate\\Database\\Concerns\\ManagesTransactions.php(35): Illuminate\\Database\\Migrations\\Migrator->Illuminate\\Database\\Migrations\\{closure}(Object(Illuminate\\Database\\PostgresConnection))
#12 D:\\Proyek 3\\sidora_dosen\\devOps\\vendor\\laravel\\framework\\src\\Illuminate\\Database\\Migrations\\Migrator.php(447): Illuminate\\Database\\Connection->transaction(Object(Closure))
#13 D:\\Proyek 3\\sidora_dosen\\devOps\\vendor\\laravel\\framework\\src\\Illuminate\\Database\\Migrations\\Migrator.php(250): Illuminate\\Database\\Migrations\\Migrator->runMigration(Object(Illuminate\\Database\\Migrations\\Migration@anonymous), 'up')
#14 D:\\Proyek 3\\sidora_dosen\\devOps\\vendor\\laravel\\framework\\src\\Illuminate\\Console\\View\\Components\\Task.php(41): Illuminate\\Database\\Migrations\\Migrator->Illuminate\\Database\\Migrations\\{closure}()
#15 D:\\Proyek 3\\sidora_dosen\\devOps\\vendor\\laravel\\framework\\src\\Illuminate\\Database\\Migrations\\Migrator.php(809): Illuminate\\Console\\View\\Components\\Task->render('2025_11_01_0851...', Object(Closure))
#16 D:\\Proyek 3\\sidora_dosen\\devOps\\vendor\\laravel\\framework\\src\\Illuminate\\Database\\Migrations\\Migrator.php(250): Illuminate\\Database\\Migrations\\Migrator->write('Illuminate\\\\Cons...', '2025_11_01_0851...', Object(Closure))
#17 D:\\Proyek 3\\sidora_dosen\\devOps\\vendor\\laravel\\framework\\src\\Illuminate\\Database\\Migrations\\Migrator.php(210): Illuminate\\Database\\Migrations\\Migrator->runUp('D:\\\\Proyek 3\\\\sid...', 2, false)
#18 D:\\Proyek 3\\sidora_dosen\\devOps\\vendor\\laravel\\framework\\src\\Illuminate\\Database\\Migrations\\Migrator.php(137): Illuminate\\Database\\Migrations\\Migrator->runPending(Array, Array)
#19 D:\\Proyek 3\\sidora_dosen\\devOps\\vendor\\laravel\\framework\\src\\Illuminate\\Database\\Console\\Migrations\\MigrateCommand.php(116): Illuminate\\Database\\Migrations\\Migrator->run(Array, Array)
#20 D:\\Proyek 3\\sidora_dosen\\devOps\\vendor\\laravel\\framework\\src\\Illuminate\\Database\\Migrations\\Migrator.php(666): Illuminate\\Database\\Console\\Migrations\\MigrateCommand->Illuminate\\Database\\Console\\Migrations\\{closure}()
#21 D:\\Proyek 3\\sidora_dosen\\devOps\\vendor\\laravel\\framework\\src\\Illuminate\\Database\\Console\\Migrations\\MigrateCommand.php(109): Illuminate\\Database\\Migrations\\Migrator->usingConnection(NULL, Object(Closure))
#22 D:\\Proyek 3\\sidora_dosen\\devOps\\vendor\\laravel\\framework\\src\\Illuminate\\Database\\Console\\Migrations\\MigrateCommand.php(88): Illuminate\\Database\\Console\\Migrations\\MigrateCommand->runMigrations()
#23 D:\\Proyek 3\\sidora_dosen\\devOps\\vendor\\laravel\\framework\\src\\Illuminate\\Container\\BoundMethod.php(36): Illuminate\\Database\\Console\\Migrations\\MigrateCommand->handle()
#24 D:\\Proyek 3\\sidora_dosen\\devOps\\vendor\\laravel\\framework\\src\\Illuminate\\Container\\Util.php(43): Illuminate\\Container\\BoundMethod::Illuminate\\Container\\{closure}()
#25 D:\\Proyek 3\\sidora_dosen\\devOps\\vendor\\laravel\\framework\\src\\Illuminate\\Container\\BoundMethod.php(96): Illuminate\\Container\\Util::unwrapIfClosure(Object(Closure))
#26 D:\\Proyek 3\\sidora_dosen\\devOps\\vendor\\laravel\\framework\\src\\Illuminate\\Container\\BoundMethod.php(35): Illuminate\\Container\\BoundMethod::callBoundMethod(Object(Illuminate\\Foundation\\Application), Array, Object(Closure))
#27 D:\\Proyek 3\\sidora_dosen\\devOps\\vendor\\laravel\\framework\\src\\Illuminate\\Container\\Container.php(836): Illuminate\\Container\\BoundMethod::call(Object(Illuminate\\Foundation\\Application), Array, Array, NULL)
#28 D:\\Proyek 3\\sidora_dosen\\devOps\\vendor\\laravel\\framework\\src\\Illuminate\\Console\\Command.php(211): Illuminate\\Container\\Container->call(Array)
#29 D:\\Proyek 3\\sidora_dosen\\devOps\\vendor\\symfony\\console\\Command\\Command.php(318): Illuminate\\Console\\Command->execute(Object(Symfony\\Component\\Console\\Input\\ArgvInput), Object(Illuminate\\Console\\OutputStyle))
#30 D:\\Proyek 3\\sidora_dosen\\devOps\\vendor\\laravel\\framework\\src\\Illuminate\\Console\\Command.php(180): Symfony\\Component\\Console\\Command\\Command->run(Object(Symfony\\Component\\Console\\Input\\ArgvInput), Object(Illuminate\\Console\\OutputStyle))
#31 D:\\Proyek 3\\sidora_dosen\\devOps\\vendor\\symfony\\console\\Application.php(1073): Illuminate\\Console\\Command->run(Object(Symfony\\Component\\Console\\Input\\ArgvInput), Object(Symfony\\Component\\Console\\Output\\ConsoleOutput))
#32 D:\\Proyek 3\\sidora_dosen\\devOps\\vendor\\symfony\\console\\Application.php(356): Symfony\\Component\\Console\\Application->doRunCommand(Object(Illuminate\\Database\\Console\\Migrations\\MigrateCommand), Object(Symfony\\Component\\Console\\Input\\ArgvInput), Object(Symfony\\Component\\Console\\Output\\ConsoleOutput))
#33 D:\\Proyek 3\\sidora_dosen\\devOps\\vendor\\symfony\\console\\Application.php(195): Symfony\\Component\\Console\\Application->doRun(Object(Symfony\\Component\\Console\\Input\\ArgvInput), Object(Symfony\\Component\\Console\\Output\\ConsoleOutput))
#34 D:\\Proyek 3\\sidora_dosen\\devOps\\vendor\\laravel\\framework\\src\\Illuminate\\Foundation\\Console\\Kernel.php(197): Symfony\\Component\\Console\\Application->run(Object(Symfony\\Component\\Console\\Input\\ArgvInput), Object(Symfony\\Component\\Console\\Output\\ConsoleOutput))
#35 D:\\Proyek 3\\sidora_dosen\\devOps\\vendor\\laravel\\framework\\src\\Illuminate\\Foundation\\Application.php(1235): Illuminate\\Foundation\\Console\\Kernel->handle(Object(Symfony\\Component\\Console\\Input\\ArgvInput), Object(Symfony\\Component\\Console\\Output\\ConsoleOutput))
#36 D:\\Proyek 3\\sidora_dosen\\devOps\\artisan(16): Illuminate\\Foundation\\Application->handleCommand(Object(Symfony\\Component\\Console\\Input\\ArgvInput))
#37 {main}
"} 
[2025-11-26 11:05:01] local.ERROR: SQLSTATE[42P07]: Duplicate table: 7 ERROR:  relation "kategori" already exists (Connection: pgsql, SQL: create table "kategori" ("kategori_id" bigserial not null primary key, "nama_kategori" varchar(100) not null, "deskripsi" text null, "created_at" timestamp(0) without time zone null, "updated_at" timestamp(0) without time zone null)) {"exception":"[object] (Illuminate\\Database\\QueryException(code: 42P07): SQLSTATE[42P07]: Duplicate table: 7 ERROR:  relation \"kategori\" already exists (Connection: pgsql, SQL: create table \"kategori\" (\"kategori_id\" bigserial not null primary key, \"nama_kategori\" varchar(100) not null, \"deskripsi\" text null, \"created_at\" timestamp(0) without time zone null, \"updated_at\" timestamp(0) without time zone null)) at D:\\Proyek 3\\sidora_dosen\\devOps\\vendor\\laravel\\framework\\src\\Illuminate\\Database\\Connection.php:824)
[stacktrace]
#0 D:\\Proyek 3\\sidora_dosen\\devOps\\vendor\\laravel\\framework\\src\\Illuminate\\Database\\Connection.php(778): Illuminate\\Database\\Connection->runQueryCallback('create table \"k...', Array, Object(Closure))
#1 D:\\Proyek 3\\sidora_dosen\\devOps\\vendor\\laravel\\framework\\src\\Illuminate\\Database\\Connection.php(559): Illuminate\\Database\\Connection->run('create table \"k...', Array, Object(Closure))
#2 D:\\Proyek 3\\sidora_dosen\\devOps\\vendor\\laravel\\framework\\src\\Illuminate\\Database\\Schema\\Blueprint.php(121): Illuminate\\Database\\Connection->statement('create table \"k...')
#3 D:\\Proyek 3\\sidora_dosen\\devOps\\vendor\\laravel\\framework\\src\\Illuminate\\Database\\Schema\\Builder.php(618): Illuminate\\Database\\Schema\\Blueprint->build()
#4 D:\\Proyek 3\\sidora_dosen\\devOps\\vendor\\laravel\\framework\\src\\Illuminate\\Database\\Schema\\Builder.php(472): Illuminate\\Database\\Schema\\Builder->build(Object(Illuminate\\Database\\Schema\\Blueprint))
#5 D:\\Proyek 3\\sidora_dosen\\devOps\\vendor\\laravel\\framework\\src\\Illuminate\\Support\\Facades\\Facade.php(363): Illuminate\\Database\\Schema\\Builder->create('kategori', Object(Closure))
#6 D:\\Proyek 3\\sidora_dosen\\devOps\\database\\migrations\\2025_11_01_085152_create_core_tables_and_extend_users.php(24): Illuminate\\Support\\Facades\\Facade::__callStatic('create', Array)
#7 D:\\Proyek 3\\sidora_dosen\\devOps\\vendor\\laravel\\framework\\src\\Illuminate\\Database\\Migrations\\Migrator.php(514): Illuminate\\Database\\Migrations\\Migration@anonymous->up()
#8 D:\\Proyek 3\\sidora_dosen\\devOps\\vendor\\laravel\\framework\\src\\Illuminate\\Database\\Migrations\\Migrator.php(439): Illuminate\\Database\\Migrations\\Migrator->runMethod(Object(Illuminate\\Database\\PostgresConnection), Object(Illuminate\\Database\\Migrations\\Migration@anonymous), 'up')
#9 D:\\Proyek 3\\sidora_dosen\\devOps\\vendor\\laravel\\framework\\src\\Illuminate\\Database\\Concerns\\ManagesTransactions.php(35): Illuminate\\Database\\Migrations\\Migrator->Illuminate\\Database\\Migrations\\{closure}(Object(Illuminate\\Database\\PostgresConnection))
#10 D:\\Proyek 3\\sidora_dosen\\devOps\\vendor\\laravel\\framework\\src\\Illuminate\\Database\\Migrations\\Migrator.php(447): Illuminate\\Database\\Connection->transaction(Object(Closure))
#11 D:\\Proyek 3\\sidora_dosen\\devOps\\vendor\\laravel\\framework\\src\\Illuminate\\Database\\Migrations\\Migrator.php(250): Illuminate\\Database\\Migrations\\Migrator->runMigration(Object(Illuminate\\Database\\Migrations\\Migration@anonymous), 'up')
#12 D:\\Proyek 3\\sidora_dosen\\devOps\\vendor\\laravel\\framework\\src\\Illuminate\\Console\\View\\Components\\Task.php(41): Illuminate\\Database\\Migrations\\Migrator->Illuminate\\Database\\Migrations\\{closure}()
#13 D:\\Proyek 3\\sidora_dosen\\devOps\\vendor\\laravel\\framework\\src\\Illuminate\\Database\\Migrations\\Migrator.php(809): Illuminate\\Console\\View\\Components\\Task->render('2025_11_01_0851...', Object(Closure))
#14 D:\\Proyek 3\\sidora_dosen\\devOps\\vendor\\laravel\\framework\\src\\Illuminate\\Database\\Migrations\\Migrator.php(250): Illuminate\\Database\\Migrations\\Migrator->write('Illuminate\\\\Cons...', '2025_11_01_0851...', Object(Closure))
#15 D:\\Proyek 3\\sidora_dosen\\devOps\\vendor\\laravel\\framework\\src\\Illuminate\\Database\\Migrations\\Migrator.php(210): Illuminate\\Database\\Migrations\\Migrator->runUp('D:\\\\Proyek 3\\\\sid...', 2, false)
#16 D:\\Proyek 3\\sidora_dosen\\devOps\\vendor\\laravel\\framework\\src\\Illuminate\\Database\\Migrations\\Migrator.php(137): Illuminate\\Database\\Migrations\\Migrator->runPending(Array, Array)
#17 D:\\Proyek 3\\sidora_dosen\\devOps\\vendor\\laravel\\framework\\src\\Illuminate\\Database\\Console\\Migrations\\MigrateCommand.php(116): Illuminate\\Database\\Migrations\\Migrator->run(Array, Array)
#18 D:\\Proyek 3\\sidora_dosen\\devOps\\vendor\\laravel\\framework\\src\\Illuminate\\Database\\Migrations\\Migrator.php(666): Illuminate\\Database\\Console\\Migrations\\MigrateCommand->Illuminate\\Database\\Console\\Migrations\\{closure}()
#19 D:\\Proyek 3\\sidora_dosen\\devOps\\vendor\\laravel\\framework\\src\\Illuminate\\Database\\Console\\Migrations\\MigrateCommand.php(109): Illuminate\\Database\\Migrations\\Migrator->usingConnection(NULL, Object(Closure))
#20 D:\\Proyek 3\\sidora_dosen\\devOps\\vendor\\laravel\\framework\\src\\Illuminate\\Database\\Console\\Migrations\\MigrateCommand.php(88): Illuminate\\Database\\Console\\Migrations\\MigrateCommand->runMigrations()
#21 D:\\Proyek 3\\sidora_dosen\\devOps\\vendor\\laravel\\framework\\src\\Illuminate\\Container\\BoundMethod.php(36): Illuminate\\Database\\Console\\Migrations\\MigrateCommand->handle()
#22 D:\\Proyek 3\\sidora_dosen\\devOps\\vendor\\laravel\\framework\\src\\Illuminate\\Container\\Util.php(43): Illuminate\\Container\\BoundMethod::Illuminate\\Container\\{closure}()
#23 D:\\Proyek 3\\sidora_dosen\\devOps\\vendor\\laravel\\framework\\src\\Illuminate\\Container\\BoundMethod.php(96): Illuminate\\Container\\Util::unwrapIfClosure(Object(Closure))
#24 D:\\Proyek 3\\sidora_dosen\\devOps\\vendor\\laravel\\framework\\src\\Illuminate\\Container\\BoundMethod.php(35): Illuminate\\Container\\BoundMethod::callBoundMethod(Object(Illuminate\\Foundation\\Application), Array, Object(Closure))
#25 D:\\Proyek 3\\sidora_dosen\\devOps\\vendor\\laravel\\framework\\src\\Illuminate\\Container\\Container.php(836): Illuminate\\Container\\BoundMethod::call(Object(Illuminate\\Foundation\\Application), Array, Array, NULL)
#26 D:\\Proyek 3\\sidora_dosen\\devOps\\vendor\\laravel\\framework\\src\\Illuminate\\Console\\Command.php(211): Illuminate\\Container\\Container->call(Array)
#27 D:\\Proyek 3\\sidora_dosen\\devOps\\vendor\\symfony\\console\\Command\\Command.php(318): Illuminate\\Console\\Command->execute(Object(Symfony\\Component\\Console\\Input\\ArgvInput), Object(Illuminate\\Console\\OutputStyle))
#28 D:\\Proyek 3\\sidora_dosen\\devOps\\vendor\\laravel\\framework\\src\\Illuminate\\Console\\Command.php(180): Symfony\\Component\\Console\\Command\\Command->run(Object(Symfony\\Component\\Console\\Input\\ArgvInput), Object(Illuminate\\Console\\OutputStyle))
#29 D:\\Proyek 3\\sidora_dosen\\devOps\\vendor\\symfony\\console\\Application.php(1073): Illuminate\\Console\\Command->run(Object(Symfony\\Component\\Console\\Input\\ArgvInput), Object(Symfony\\Component\\Console\\Output\\ConsoleOutput))
#30 D:\\Proyek 3\\sidora_dosen\\devOps\\vendor\\symfony\\console\\Application.php(356): Symfony\\Component\\Console\\Application->doRunCommand(Object(Illuminate\\Database\\Console\\Migrations\\MigrateCommand), Object(Symfony\\Component\\Console\\Input\\ArgvInput), Object(Symfony\\Component\\Console\\Output\\ConsoleOutput))
#31 D:\\Proyek 3\\sidora_dosen\\devOps\\vendor\\symfony\\console\\Application.php(195): Symfony\\Component\\Console\\Application->doRun(Object(Symfony\\Component\\Console\\Input\\ArgvInput), Object(Symfony\\Component\\Console\\Output\\ConsoleOutput))
#32 D:\\Proyek 3\\sidora_dosen\\devOps\\vendor\\laravel\\framework\\src\\Illuminate\\Foundation\\Console\\Kernel.php(197): Symfony\\Component\\Console\\Application->run(Object(Symfony\\Component\\Console\\Input\\ArgvInput), Object(Symfony\\Component\\Console\\Output\\ConsoleOutput))
#33 D:\\Proyek 3\\sidora_dosen\\devOps\\vendor\\laravel\\framework\\src\\Illuminate\\Foundation\\Application.php(1235): Illuminate\\Foundation\\Console\\Kernel->handle(Object(Symfony\\Component\\Console\\Input\\ArgvInput), Object(Symfony\\Component\\Console\\Output\\ConsoleOutput))
#34 D:\\Proyek 3\\sidora_dosen\\devOps\\artisan(16): Illuminate\\Foundation\\Application->handleCommand(Object(Symfony\\Component\\Console\\Input\\ArgvInput))
#35 {main}

[previous exception] [object] (PDOException(code: 42P07): SQLSTATE[42P07]: Duplicate table: 7 ERROR:  relation \"kategori\" already exists at D:\\Proyek 3\\sidora_dosen\\devOps\\vendor\\laravel\\framework\\src\\Illuminate\\Database\\Connection.php:570)
[stacktrace]
#0 D:\\Proyek 3\\sidora_dosen\\devOps\\vendor\\laravel\\framework\\src\\Illuminate\\Database\\Connection.php(570): PDOStatement->execute()
#1 D:\\Proyek 3\\sidora_dosen\\devOps\\vendor\\laravel\\framework\\src\\Illuminate\\Database\\Connection.php(811): Illuminate\\Database\\Connection->Illuminate\\Database\\{closure}('create table \"k...', Array)
#2 D:\\Proyek 3\\sidora_dosen\\devOps\\vendor\\laravel\\framework\\src\\Illuminate\\Database\\Connection.php(778): Illuminate\\Database\\Connection->runQueryCallback('create table \"k...', Array, Object(Closure))
#3 D:\\Proyek 3\\sidora_dosen\\devOps\\vendor\\laravel\\framework\\src\\Illuminate\\Database\\Connection.php(559): Illuminate\\Database\\Connection->run('create table \"k...', Array, Object(Closure))
#4 D:\\Proyek 3\\sidora_dosen\\devOps\\vendor\\laravel\\framework\\src\\Illuminate\\Database\\Schema\\Blueprint.php(121): Illuminate\\Database\\Connection->statement('create table \"k...')
#5 D:\\Proyek 3\\sidora_dosen\\devOps\\vendor\\laravel\\framework\\src\\Illuminate\\Database\\Schema\\Builder.php(618): Illuminate\\Database\\Schema\\Blueprint->build()
#6 D:\\Proyek 3\\sidora_dosen\\devOps\\vendor\\laravel\\framework\\src\\Illuminate\\Database\\Schema\\Builder.php(472): Illuminate\\Database\\Schema\\Builder->build(Object(Illuminate\\Database\\Schema\\Blueprint))
#7 D:\\Proyek 3\\sidora_dosen\\devOps\\vendor\\laravel\\framework\\src\\Illuminate\\Support\\Facades\\Facade.php(363): Illuminate\\Database\\Schema\\Builder->create('kategori', Object(Closure))
#8 D:\\Proyek 3\\sidora_dosen\\devOps\\database\\migrations\\2025_11_01_085152_create_core_tables_and_extend_users.php(24): Illuminate\\Support\\Facades\\Facade::__callStatic('create', Array)
#9 D:\\Proyek 3\\sidora_dosen\\devOps\\vendor\\laravel\\framework\\src\\Illuminate\\Database\\Migrations\\Migrator.php(514): Illuminate\\Database\\Migrations\\Migration@anonymous->up()
#10 D:\\Proyek 3\\sidora_dosen\\devOps\\vendor\\laravel\\framework\\src\\Illuminate\\Database\\Migrations\\Migrator.php(439): Illuminate\\Database\\Migrations\\Migrator->runMethod(Object(Illuminate\\Database\\PostgresConnection), Object(Illuminate\\Database\\Migrations\\Migration@anonymous), 'up')
#11 D:\\Proyek 3\\sidora_dosen\\devOps\\vendor\\laravel\\framework\\src\\Illuminate\\Database\\Concerns\\ManagesTransactions.php(35): Illuminate\\Database\\Migrations\\Migrator->Illuminate\\Database\\Migrations\\{closure}(Object(Illuminate\\Database\\PostgresConnection))
#12 D:\\Proyek 3\\sidora_dosen\\devOps\\vendor\\laravel\\framework\\src\\Illuminate\\Database\\Migrations\\Migrator.php(447): Illuminate\\Database\\Connection->transaction(Object(Closure))
#13 D:\\Proyek 3\\sidora_dosen\\devOps\\vendor\\laravel\\framework\\src\\Illuminate\\Database\\Migrations\\Migrator.php(250): Illuminate\\Database\\Migrations\\Migrator->runMigration(Object(Illuminate\\Database\\Migrations\\Migration@anonymous), 'up')
#14 D:\\Proyek 3\\sidora_dosen\\devOps\\vendor\\laravel\\framework\\src\\Illuminate\\Console\\View\\Components\\Task.php(41): Illuminate\\Database\\Migrations\\Migrator->Illuminate\\Database\\Migrations\\{closure}()
#15 D:\\Proyek 3\\sidora_dosen\\devOps\\vendor\\laravel\\framework\\src\\Illuminate\\Database\\Migrations\\Migrator.php(809): Illuminate\\Console\\View\\Components\\Task->render('2025_11_01_0851...', Object(Closure))
#16 D:\\Proyek 3\\sidora_dosen\\devOps\\vendor\\laravel\\framework\\src\\Illuminate\\Database\\Migrations\\Migrator.php(250): Illuminate\\Database\\Migrations\\Migrator->write('Illuminate\\\\Cons...', '2025_11_01_0851...', Object(Closure))
#17 D:\\Proyek 3\\sidora_dosen\\devOps\\vendor\\laravel\\framework\\src\\Illuminate\\Database\\Migrations\\Migrator.php(210): Illuminate\\Database\\Migrations\\Migrator->runUp('D:\\\\Proyek 3\\\\sid...', 2, false)
#18 D:\\Proyek 3\\sidora_dosen\\devOps\\vendor\\laravel\\framework\\src\\Illuminate\\Database\\Migrations\\Migrator.php(137): Illuminate\\Database\\Migrations\\Migrator->runPending(Array, Array)
#19 D:\\Proyek 3\\sidora_dosen\\devOps\\vendor\\laravel\\framework\\src\\Illuminate\\Database\\Console\\Migrations\\MigrateCommand.php(116): Illuminate\\Database\\Migrations\\Migrator->run(Array, Array)
#20 D:\\Proyek 3\\sidora_dosen\\devOps\\vendor\\laravel\\framework\\src\\Illuminate\\Database\\Migrations\\Migrator.php(666): Illuminate\\Database\\Console\\Migrations\\MigrateCommand->Illuminate\\Database\\Console\\Migrations\\{closure}()
#21 D:\\Proyek 3\\sidora_dosen\\devOps\\vendor\\laravel\\framework\\src\\Illuminate\\Database\\Console\\Migrations\\MigrateCommand.php(109): Illuminate\\Database\\Migrations\\Migrator->usingConnection(NULL, Object(Closure))
#22 D:\\Proyek 3\\sidora_dosen\\devOps\\vendor\\laravel\\framework\\src\\Illuminate\\Database\\Console\\Migrations\\MigrateCommand.php(88): Illuminate\\Database\\Console\\Migrations\\MigrateCommand->runMigrations()
#23 D:\\Proyek 3\\sidora_dosen\\devOps\\vendor\\laravel\\framework\\src\\Illuminate\\Container\\BoundMethod.php(36): Illuminate\\Database\\Console\\Migrations\\MigrateCommand->handle()
#24 D:\\Proyek 3\\sidora_dosen\\devOps\\vendor\\laravel\\framework\\src\\Illuminate\\Container\\Util.php(43): Illuminate\\Container\\BoundMethod::Illuminate\\Container\\{closure}()
#25 D:\\Proyek 3\\sidora_dosen\\devOps\\vendor\\laravel\\framework\\src\\Illuminate\\Container\\BoundMethod.php(96): Illuminate\\Container\\Util::unwrapIfClosure(Object(Closure))
#26 D:\\Proyek 3\\sidora_dosen\\devOps\\vendor\\laravel\\framework\\src\\Illuminate\\Container\\BoundMethod.php(35): Illuminate\\Container\\BoundMethod::callBoundMethod(Object(Illuminate\\Foundation\\Application), Array, Object(Closure))
#27 D:\\Proyek 3\\sidora_dosen\\devOps\\vendor\\laravel\\framework\\src\\Illuminate\\Container\\Container.php(836): Illuminate\\Container\\BoundMethod::call(Object(Illuminate\\Foundation\\Application), Array, Array, NULL)
#28 D:\\Proyek 3\\sidora_dosen\\devOps\\vendor\\laravel\\framework\\src\\Illuminate\\Console\\Command.php(211): Illuminate\\Container\\Container->call(Array)
#29 D:\\Proyek 3\\sidora_dosen\\devOps\\vendor\\symfony\\console\\Command\\Command.php(318): Illuminate\\Console\\Command->execute(Object(Symfony\\Component\\Console\\Input\\ArgvInput), Object(Illuminate\\Console\\OutputStyle))
#30 D:\\Proyek 3\\sidora_dosen\\devOps\\vendor\\laravel\\framework\\src\\Illuminate\\Console\\Command.php(180): Symfony\\Component\\Console\\Command\\Command->run(Object(Symfony\\Component\\Console\\Input\\ArgvInput), Object(Illuminate\\Console\\OutputStyle))
#31 D:\\Proyek 3\\sidora_dosen\\devOps\\vendor\\symfony\\console\\Application.php(1073): Illuminate\\Console\\Command->run(Object(Symfony\\Component\\Console\\Input\\ArgvInput), Object(Symfony\\Component\\Console\\Output\\ConsoleOutput))
#32 D:\\Proyek 3\\sidora_dosen\\devOps\\vendor\\symfony\\console\\Application.php(356): Symfony\\Component\\Console\\Application->doRunCommand(Object(Illuminate\\Database\\Console\\Migrations\\MigrateCommand), Object(Symfony\\Component\\Console\\Input\\ArgvInput), Object(Symfony\\Component\\Console\\Output\\ConsoleOutput))
#33 D:\\Proyek 3\\sidora_dosen\\devOps\\vendor\\symfony\\console\\Application.php(195): Symfony\\Component\\Console\\Application->doRun(Object(Symfony\\Component\\Console\\Input\\ArgvInput), Object(Symfony\\Component\\Console\\Output\\ConsoleOutput))
#34 D:\\Proyek 3\\sidora_dosen\\devOps\\vendor\\laravel\\framework\\src\\Illuminate\\Foundation\\Console\\Kernel.php(197): Symfony\\Component\\Console\\Application->run(Object(Symfony\\Component\\Console\\Input\\ArgvInput), Object(Symfony\\Component\\Console\\Output\\ConsoleOutput))
#35 D:\\Proyek 3\\sidora_dosen\\devOps\\vendor\\laravel\\framework\\src\\Illuminate\\Foundation\\Application.php(1235): Illuminate\\Foundation\\Console\\Kernel->handle(Object(Symfony\\Component\\Console\\Input\\ArgvInput), Object(Symfony\\Component\\Console\\Output\\ConsoleOutput))
#36 D:\\Proyek 3\\sidora_dosen\\devOps\\artisan(16): Illuminate\\Foundation\\Application->handleCommand(Object(Symfony\\Component\\Console\\Input\\ArgvInput))
#37 {main}
"} 
[2025-11-26 11:37:02] local.ERROR: View [dosen.portofolio-search] not found. {"userId":9,"exception":"[object] (InvalidArgumentException(code: 0): View [dosen.portofolio-search] not found. at D:\\Proyek 3\\sidora_dosen\\devOps\\vendor\\laravel\\framework\\src\\Illuminate\\View\\FileViewFinder.php:138)
[stacktrace]
#0 D:\\Proyek 3\\sidora_dosen\\devOps\\vendor\\laravel\\framework\\src\\Illuminate\\View\\FileViewFinder.php(78): Illuminate\\View\\FileViewFinder->findInPaths('dosen.portofoli...', Array)
#1 D:\\Proyek 3\\sidora_dosen\\devOps\\vendor\\laravel\\framework\\src\\Illuminate\\View\\Factory.php(150): Illuminate\\View\\FileViewFinder->find('dosen.portofoli...')
#2 D:\\Proyek 3\\sidora_dosen\\devOps\\vendor\\laravel\\framework\\src\\Illuminate\\Foundation\\helpers.php(1101): Illuminate\\View\\Factory->make('dosen.portofoli...', Array, Array)
#3 D:\\Proyek 3\\sidora_dosen\\devOps\\app\\Http\\Controllers\\Dosen\\PortofolioController.php(41): view('dosen.portofoli...', Array)
#4 D:\\Proyek 3\\sidora_dosen\\devOps\\vendor\\laravel\\framework\\src\\Illuminate\\Routing\\ControllerDispatcher.php(46): App\\Http\\Controllers\\Dosen\\PortofolioController->searchForm()
#5 D:\\Proyek 3\\sidora_dosen\\devOps\\vendor\\laravel\\framework\\src\\Illuminate\\Routing\\Route.php(265): Illuminate\\Routing\\ControllerDispatcher->dispatch(Object(Illuminate\\Routing\\Route), Object(App\\Http\\Controllers\\Dosen\\PortofolioController), 'searchForm')
#6 D:\\Proyek 3\\sidora_dosen\\devOps\\vendor\\laravel\\framework\\src\\Illuminate\\Routing\\Route.php(211): Illuminate\\Routing\\Route->runController()
#7 D:\\Proyek 3\\sidora_dosen\\devOps\\vendor\\laravel\\framework\\src\\Illuminate\\Routing\\Router.php(822): Illuminate\\Routing\\Route->run()
#8 D:\\Proyek 3\\sidora_dosen\\devOps\\vendor\\laravel\\framework\\src\\Illuminate\\Pipeline\\Pipeline.php(180): Illuminate\\Routing\\Router->Illuminate\\Routing\\{closure}(Object(Illuminate\\Http\\Request))
#9 D:\\Proyek 3\\sidora_dosen\\devOps\\app\\Http\\Middleware\\CheckRole.php(34): Illuminate\\Pipeline\\Pipeline->Illuminate\\Pipeline\\{closure}(Object(Illuminate\\Http\\Request))
#10 D:\\Proyek 3\\sidora_dosen\\devOps\\vendor\\laravel\\framework\\src\\Illuminate\\Pipeline\\Pipeline.php(219): App\\Http\\Middleware\\CheckRole->handle(Object(Illuminate\\Http\\Request), Object(Closure), 'dosen')
#11 D:\\Proyek 3\\sidora_dosen\\devOps\\vendor\\laravel\\framework\\src\\Illuminate\\Foundation\\Http\\Middleware\\VerifyCsrfToken.php(87): Illuminate\\Pipeline\\Pipeline->Illuminate\\Pipeline\\{closure}(Object(Illuminate\\Http\\Request))
#12 D:\\Proyek 3\\sidora_dosen\\devOps\\vendor\\laravel\\framework\\src\\Illuminate\\Pipeline\\Pipeline.php(219): Illuminate\\Foundation\\Http\\Middleware\\VerifyCsrfToken->handle(Object(Illuminate\\Http\\Request), Object(Closure))
#13 D:\\Proyek 3\\sidora_dosen\\devOps\\vendor\\laravel\\framework\\src\\Illuminate\\Routing\\Middleware\\SubstituteBindings.php(50): Illuminate\\Pipeline\\Pipeline->Illuminate\\Pipeline\\{closure}(Object(Illuminate\\Http\\Request))
#14 D:\\Proyek 3\\sidora_dosen\\devOps\\vendor\\laravel\\framework\\src\\Illuminate\\Pipeline\\Pipeline.php(219): Illuminate\\Routing\\Middleware\\SubstituteBindings->handle(Object(Illuminate\\Http\\Request), Object(Closure))
#15 D:\\Proyek 3\\sidora_dosen\\devOps\\vendor\\laravel\\framework\\src\\Illuminate\\Session\\Middleware\\AuthenticateSession.php(66): Illuminate\\Pipeline\\Pipeline->Illuminate\\Pipeline\\{closure}(Object(Illuminate\\Http\\Request))
#16 D:\\Proyek 3\\sidora_dosen\\devOps\\vendor\\laravel\\framework\\src\\Illuminate\\Pipeline\\Pipeline.php(219): Illuminate\\Session\\Middleware\\AuthenticateSession->handle(Object(Illuminate\\Http\\Request), Object(Closure))
#17 D:\\Proyek 3\\sidora_dosen\\devOps\\vendor\\laravel\\framework\\src\\Illuminate\\Auth\\Middleware\\Authenticate.php(63): Illuminate\\Pipeline\\Pipeline->Illuminate\\Pipeline\\{closure}(Object(Illuminate\\Http\\Request))
#18 D:\\Proyek 3\\sidora_dosen\\devOps\\vendor\\laravel\\framework\\src\\Illuminate\\Pipeline\\Pipeline.php(219): Illuminate\\Auth\\Middleware\\Authenticate->handle(Object(Illuminate\\Http\\Request), Object(Closure))
#19 D:\\Proyek 3\\sidora_dosen\\devOps\\vendor\\laravel\\framework\\src\\Illuminate\\Foundation\\Http\\Middleware\\VerifyCsrfToken.php(87): Illuminate\\Pipeline\\Pipeline->Illuminate\\Pipeline\\{closure}(Object(Illuminate\\Http\\Request))
#20 D:\\Proyek 3\\sidora_dosen\\devOps\\vendor\\laravel\\framework\\src\\Illuminate\\Pipeline\\Pipeline.php(219): Illuminate\\Foundation\\Http\\Middleware\\VerifyCsrfToken->handle(Object(Illuminate\\Http\\Request), Object(Closure))
#21 D:\\Proyek 3\\sidora_dosen\\devOps\\vendor\\laravel\\framework\\src\\Illuminate\\View\\Middleware\\ShareErrorsFromSession.php(48): Illuminate\\Pipeline\\Pipeline->Illuminate\\Pipeline\\{closure}(Object(Illuminate\\Http\\Request))
#22 D:\\Proyek 3\\sidora_dosen\\devOps\\vendor\\laravel\\framework\\src\\Illuminate\\Pipeline\\Pipeline.php(219): Illuminate\\View\\Middleware\\ShareErrorsFromSession->handle(Object(Illuminate\\Http\\Request), Object(Closure))
#23 D:\\Proyek 3\\sidora_dosen\\devOps\\vendor\\laravel\\framework\\src\\Illuminate\\Session\\Middleware\\StartSession.php(120): Illuminate\\Pipeline\\Pipeline->Illuminate\\Pipeline\\{closure}(Object(Illuminate\\Http\\Request))
#24 D:\\Proyek 3\\sidora_dosen\\devOps\\vendor\\laravel\\framework\\src\\Illuminate\\Session\\Middleware\\StartSession.php(63): Illuminate\\Session\\Middleware\\StartSession->handleStatefulRequest(Object(Illuminate\\Http\\Request), Object(Illuminate\\Session\\Store), Object(Closure))
#25 D:\\Proyek 3\\sidora_dosen\\devOps\\vendor\\laravel\\framework\\src\\Illuminate\\Pipeline\\Pipeline.php(219): Illuminate\\Session\\Middleware\\StartSession->handle(Object(Illuminate\\Http\\Request), Object(Closure))
#26 D:\\Proyek 3\\sidora_dosen\\devOps\\vendor\\laravel\\framework\\src\\Illuminate\\Cookie\\Middleware\\AddQueuedCookiesToResponse.php(36): Illuminate\\Pipeline\\Pipeline->Illuminate\\Pipeline\\{closure}(Object(Illuminate\\Http\\Request))
#27 D:\\Proyek 3\\sidora_dosen\\devOps\\vendor\\laravel\\framework\\src\\Illuminate\\Pipeline\\Pipeline.php(219): Illuminate\\Cookie\\Middleware\\AddQueuedCookiesToResponse->handle(Object(Illuminate\\Http\\Request), Object(Closure))
#28 D:\\Proyek 3\\sidora_dosen\\devOps\\vendor\\laravel\\framework\\src\\Illuminate\\Cookie\\Middleware\\EncryptCookies.php(74): Illuminate\\Pipeline\\Pipeline->Illuminate\\Pipeline\\{closure}(Object(Illuminate\\Http\\Request))
#29 D:\\Proyek 3\\sidora_dosen\\devOps\\vendor\\laravel\\framework\\src\\Illuminate\\Pipeline\\Pipeline.php(219): Illuminate\\Cookie\\Middleware\\EncryptCookies->handle(Object(Illuminate\\Http\\Request), Object(Closure))
#30 D:\\Proyek 3\\sidora_dosen\\devOps\\vendor\\laravel\\framework\\src\\Illuminate\\Pipeline\\Pipeline.php(137): Illuminate\\Pipeline\\Pipeline->Illuminate\\Pipeline\\{closure}(Object(Illuminate\\Http\\Request))
#31 D:\\Proyek 3\\sidora_dosen\\devOps\\vendor\\laravel\\framework\\src\\Illuminate\\Routing\\Router.php(821): Illuminate\\Pipeline\\Pipeline->then(Object(Closure))
#32 D:\\Proyek 3\\sidora_dosen\\devOps\\vendor\\laravel\\framework\\src\\Illuminate\\Routing\\Router.php(800): Illuminate\\Routing\\Router->runRouteWithinStack(Object(Illuminate\\Routing\\Route), Object(Illuminate\\Http\\Request))
#33 D:\\Proyek 3\\sidora_dosen\\devOps\\vendor\\laravel\\framework\\src\\Illuminate\\Routing\\Router.php(764): Illuminate\\Routing\\Router->runRoute(Object(Illuminate\\Http\\Request), Object(Illuminate\\Routing\\Route))
#34 D:\\Proyek 3\\sidora_dosen\\devOps\\vendor\\laravel\\framework\\src\\Illuminate\\Routing\\Router.php(753): Illuminate\\Routing\\Router->dispatchToRoute(Object(Illuminate\\Http\\Request))
#35 D:\\Proyek 3\\sidora_dosen\\devOps\\vendor\\laravel\\framework\\src\\Illuminate\\Foundation\\Http\\Kernel.php(200): Illuminate\\Routing\\Router->dispatch(Object(Illuminate\\Http\\Request))
#36 D:\\Proyek 3\\sidora_dosen\\devOps\\vendor\\laravel\\framework\\src\\Illuminate\\Pipeline\\Pipeline.php(180): Illuminate\\Foundation\\Http\\Kernel->Illuminate\\Foundation\\Http\\{closure}(Object(Illuminate\\Http\\Request))
#37 D:\\Proyek 3\\sidora_dosen\\devOps\\vendor\\laravel\\framework\\src\\Illuminate\\Foundation\\Http\\Middleware\\TransformsRequest.php(21): Illuminate\\Pipeline\\Pipeline->Illuminate\\Pipeline\\{closure}(Object(Illuminate\\Http\\Request))
#38 D:\\Proyek 3\\sidora_dosen\\devOps\\vendor\\laravel\\framework\\src\\Illuminate\\Foundation\\Http\\Middleware\\ConvertEmptyStringsToNull.php(31): Illuminate\\Foundation\\Http\\Middleware\\TransformsRequest->handle(Object(Illuminate\\Http\\Request), Object(Closure))
#39 D:\\Proyek 3\\sidora_dosen\\devOps\\vendor\\laravel\\framework\\src\\Illuminate\\Pipeline\\Pipeline.php(219): Illuminate\\Foundation\\Http\\Middleware\\ConvertEmptyStringsToNull->handle(Object(Illuminate\\Http\\Request), Object(Closure))
#40 D:\\Proyek 3\\sidora_dosen\\devOps\\vendor\\laravel\\framework\\src\\Illuminate\\Foundation\\Http\\Middleware\\TransformsRequest.php(21): Illuminate\\Pipeline\\Pipeline->Illuminate\\Pipeline\\{closure}(Object(Illuminate\\Http\\Request))
#41 D:\\Proyek 3\\sidora_dosen\\devOps\\vendor\\laravel\\framework\\src\\Illuminate\\Foundation\\Http\\Middleware\\TrimStrings.php(51): Illuminate\\Foundation\\Http\\Middleware\\TransformsRequest->handle(Object(Illuminate\\Http\\Request), Object(Closure))
#42 D:\\Proyek 3\\sidora_dosen\\devOps\\vendor\\laravel\\framework\\src\\Illuminate\\Pipeline\\Pipeline.php(219): Illuminate\\Foundation\\Http\\Middleware\\TrimStrings->handle(Object(Illuminate\\Http\\Request), Object(Closure))
#43 D:\\Proyek 3\\sidora_dosen\\devOps\\vendor\\laravel\\framework\\src\\Illuminate\\Http\\Middleware\\ValidatePostSize.php(27): Illuminate\\Pipeline\\Pipeline->Illuminate\\Pipeline\\{closure}(Object(Illuminate\\Http\\Request))
#44 D:\\Proyek 3\\sidora_dosen\\devOps\\vendor\\laravel\\framework\\src\\Illuminate\\Pipeline\\Pipeline.php(219): Illuminate\\Http\\Middleware\\ValidatePostSize->handle(Object(Illuminate\\Http\\Request), Object(Closure))
#45 D:\\Proyek 3\\sidora_dosen\\devOps\\vendor\\laravel\\framework\\src\\Illuminate\\Foundation\\Http\\Middleware\\PreventRequestsDuringMaintenance.php(109): Illuminate\\Pipeline\\Pipeline->Illuminate\\Pipeline\\{closure}(Object(Illuminate\\Http\\Request))
#46 D:\\Proyek 3\\sidora_dosen\\devOps\\vendor\\laravel\\framework\\src\\Illuminate\\Pipeline\\Pipeline.php(219): Illuminate\\Foundation\\Http\\Middleware\\PreventRequestsDuringMaintenance->handle(Object(Illuminate\\Http\\Request), Object(Closure))
#47 D:\\Proyek 3\\sidora_dosen\\devOps\\vendor\\laravel\\framework\\src\\Illuminate\\Http\\Middleware\\HandleCors.php(48): Illuminate\\Pipeline\\Pipeline->Illuminate\\Pipeline\\{closure}(Object(Illuminate\\Http\\Request))
#48 D:\\Proyek 3\\sidora_dosen\\devOps\\vendor\\laravel\\framework\\src\\Illuminate\\Pipeline\\Pipeline.php(219): Illuminate\\Http\\Middleware\\HandleCors->handle(Object(Illuminate\\Http\\Request), Object(Closure))
#49 D:\\Proyek 3\\sidora_dosen\\devOps\\vendor\\laravel\\framework\\src\\Illuminate\\Http\\Middleware\\TrustProxies.php(58): Illuminate\\Pipeline\\Pipeline->Illuminate\\Pipeline\\{closure}(Object(Illuminate\\Http\\Request))
#50 D:\\Proyek 3\\sidora_dosen\\devOps\\vendor\\laravel\\framework\\src\\Illuminate\\Pipeline\\Pipeline.php(219): Illuminate\\Http\\Middleware\\TrustProxies->handle(Object(Illuminate\\Http\\Request), Object(Closure))
#51 D:\\Proyek 3\\sidora_dosen\\devOps\\vendor\\laravel\\framework\\src\\Illuminate\\Foundation\\Http\\Middleware\\InvokeDeferredCallbacks.php(22): Illuminate\\Pipeline\\Pipeline->Illuminate\\Pipeline\\{closure}(Object(Illuminate\\Http\\Request))
#52 D:\\Proyek 3\\sidora_dosen\\devOps\\vendor\\laravel\\framework\\src\\Illuminate\\Pipeline\\Pipeline.php(219): Illuminate\\Foundation\\Http\\Middleware\\InvokeDeferredCallbacks->handle(Object(Illuminate\\Http\\Request), Object(Closure))
#53 D:\\Proyek 3\\sidora_dosen\\devOps\\vendor\\laravel\\framework\\src\\Illuminate\\Http\\Middleware\\ValidatePathEncoding.php(26): Illuminate\\Pipeline\\Pipeline->Illuminate\\Pipeline\\{closure}(Object(Illuminate\\Http\\Request))
#54 D:\\Proyek 3\\sidora_dosen\\devOps\\vendor\\laravel\\framework\\src\\Illuminate\\Pipeline\\Pipeline.php(219): Illuminate\\Http\\Middleware\\ValidatePathEncoding->handle(Object(Illuminate\\Http\\Request), Object(Closure))
#55 D:\\Proyek 3\\sidora_dosen\\devOps\\vendor\\laravel\\framework\\src\\Illuminate\\Pipeline\\Pipeline.php(137): Illuminate\\Pipeline\\Pipeline->Illuminate\\Pipeline\\{closure}(Object(Illuminate\\Http\\Request))
#56 D:\\Proyek 3\\sidora_dosen\\devOps\\vendor\\laravel\\framework\\src\\Illuminate\\Foundation\\Http\\Kernel.php(175): Illuminate\\Pipeline\\Pipeline->then(Object(Closure))
#57 D:\\Proyek 3\\sidora_dosen\\devOps\\vendor\\laravel\\framework\\src\\Illuminate\\Foundation\\Http\\Kernel.php(144): Illuminate\\Foundation\\Http\\Kernel->sendRequestThroughRouter(Object(Illuminate\\Http\\Request))
#58 D:\\Proyek 3\\sidora_dosen\\devOps\\vendor\\laravel\\framework\\src\\Illuminate\\Foundation\\Application.php(1220): Illuminate\\Foundation\\Http\\Kernel->handle(Object(Illuminate\\Http\\Request))
#59 D:\\Proyek 3\\sidora_dosen\\devOps\\public\\index.php(20): Illuminate\\Foundation\\Application->handleRequest(Object(Illuminate\\Http\\Request))
#60 D:\\Proyek 3\\sidora_dosen\\devOps\\vendor\\laravel\\framework\\src\\Illuminate\\Foundation\\resources\\server.php(23): require_once('D:\\\\Proyek 3\\\\sid...')
#61 {main}
"} 
[2025-11-26 11:40:07] local.ERROR: View [dosen.portofolio-search] not found. {"userId":9,"exception":"[object] (InvalidArgumentException(code: 0): View [dosen.portofolio-search] not found. at D:\\Proyek 3\\sidora_dosen\\devOps\\vendor\\laravel\\framework\\src\\Illuminate\\View\\FileViewFinder.php:138)
[stacktrace]
#0 D:\\Proyek 3\\sidora_dosen\\devOps\\vendor\\laravel\\framework\\src\\Illuminate\\View\\FileViewFinder.php(78): Illuminate\\View\\FileViewFinder->findInPaths('dosen.portofoli...', Array)
#1 D:\\Proyek 3\\sidora_dosen\\devOps\\vendor\\laravel\\framework\\src\\Illuminate\\View\\Factory.php(150): Illuminate\\View\\FileViewFinder->find('dosen.portofoli...')
#2 D:\\Proyek 3\\sidora_dosen\\devOps\\vendor\\laravel\\framework\\src\\Illuminate\\Foundation\\helpers.php(1101): Illuminate\\View\\Factory->make('dosen.portofoli...', Array, Array)
#3 D:\\Proyek 3\\sidora_dosen\\devOps\\app\\Http\\Controllers\\Dosen\\PortofolioController.php(41): view('dosen.portofoli...', Array)
#4 D:\\Proyek 3\\sidora_dosen\\devOps\\vendor\\laravel\\framework\\src\\Illuminate\\Routing\\ControllerDispatcher.php(46): App\\Http\\Controllers\\Dosen\\PortofolioController->searchForm()
#5 D:\\Proyek 3\\sidora_dosen\\devOps\\vendor\\laravel\\framework\\src\\Illuminate\\Routing\\Route.php(265): Illuminate\\Routing\\ControllerDispatcher->dispatch(Object(Illuminate\\Routing\\Route), Object(App\\Http\\Controllers\\Dosen\\PortofolioController), 'searchForm')
#6 D:\\Proyek 3\\sidora_dosen\\devOps\\vendor\\laravel\\framework\\src\\Illuminate\\Routing\\Route.php(211): Illuminate\\Routing\\Route->runController()
#7 D:\\Proyek 3\\sidora_dosen\\devOps\\vendor\\laravel\\framework\\src\\Illuminate\\Routing\\Router.php(822): Illuminate\\Routing\\Route->run()
#8 D:\\Proyek 3\\sidora_dosen\\devOps\\vendor\\laravel\\framework\\src\\Illuminate\\Pipeline\\Pipeline.php(180): Illuminate\\Routing\\Router->Illuminate\\Routing\\{closure}(Object(Illuminate\\Http\\Request))
#9 D:\\Proyek 3\\sidora_dosen\\devOps\\app\\Http\\Middleware\\CheckRole.php(34): Illuminate\\Pipeline\\Pipeline->Illuminate\\Pipeline\\{closure}(Object(Illuminate\\Http\\Request))
#10 D:\\Proyek 3\\sidora_dosen\\devOps\\vendor\\laravel\\framework\\src\\Illuminate\\Pipeline\\Pipeline.php(219): App\\Http\\Middleware\\CheckRole->handle(Object(Illuminate\\Http\\Request), Object(Closure), 'dosen')
#11 D:\\Proyek 3\\sidora_dosen\\devOps\\vendor\\laravel\\framework\\src\\Illuminate\\Foundation\\Http\\Middleware\\VerifyCsrfToken.php(87): Illuminate\\Pipeline\\Pipeline->Illuminate\\Pipeline\\{closure}(Object(Illuminate\\Http\\Request))
#12 D:\\Proyek 3\\sidora_dosen\\devOps\\vendor\\laravel\\framework\\src\\Illuminate\\Pipeline\\Pipeline.php(219): Illuminate\\Foundation\\Http\\Middleware\\VerifyCsrfToken->handle(Object(Illuminate\\Http\\Request), Object(Closure))
#13 D:\\Proyek 3\\sidora_dosen\\devOps\\vendor\\laravel\\framework\\src\\Illuminate\\Routing\\Middleware\\SubstituteBindings.php(50): Illuminate\\Pipeline\\Pipeline->Illuminate\\Pipeline\\{closure}(Object(Illuminate\\Http\\Request))
#14 D:\\Proyek 3\\sidora_dosen\\devOps\\vendor\\laravel\\framework\\src\\Illuminate\\Pipeline\\Pipeline.php(219): Illuminate\\Routing\\Middleware\\SubstituteBindings->handle(Object(Illuminate\\Http\\Request), Object(Closure))
#15 D:\\Proyek 3\\sidora_dosen\\devOps\\vendor\\laravel\\framework\\src\\Illuminate\\Session\\Middleware\\AuthenticateSession.php(66): Illuminate\\Pipeline\\Pipeline->Illuminate\\Pipeline\\{closure}(Object(Illuminate\\Http\\Request))
#16 D:\\Proyek 3\\sidora_dosen\\devOps\\vendor\\laravel\\framework\\src\\Illuminate\\Pipeline\\Pipeline.php(219): Illuminate\\Session\\Middleware\\AuthenticateSession->handle(Object(Illuminate\\Http\\Request), Object(Closure))
#17 D:\\Proyek 3\\sidora_dosen\\devOps\\vendor\\laravel\\framework\\src\\Illuminate\\Auth\\Middleware\\Authenticate.php(63): Illuminate\\Pipeline\\Pipeline->Illuminate\\Pipeline\\{closure}(Object(Illuminate\\Http\\Request))
#18 D:\\Proyek 3\\sidora_dosen\\devOps\\vendor\\laravel\\framework\\src\\Illuminate\\Pipeline\\Pipeline.php(219): Illuminate\\Auth\\Middleware\\Authenticate->handle(Object(Illuminate\\Http\\Request), Object(Closure))
#19 D:\\Proyek 3\\sidora_dosen\\devOps\\vendor\\laravel\\framework\\src\\Illuminate\\Foundation\\Http\\Middleware\\VerifyCsrfToken.php(87): Illuminate\\Pipeline\\Pipeline->Illuminate\\Pipeline\\{closure}(Object(Illuminate\\Http\\Request))
#20 D:\\Proyek 3\\sidora_dosen\\devOps\\vendor\\laravel\\framework\\src\\Illuminate\\Pipeline\\Pipeline.php(219): Illuminate\\Foundation\\Http\\Middleware\\VerifyCsrfToken->handle(Object(Illuminate\\Http\\Request), Object(Closure))
#21 D:\\Proyek 3\\sidora_dosen\\devOps\\vendor\\laravel\\framework\\src\\Illuminate\\View\\Middleware\\ShareErrorsFromSession.php(48): Illuminate\\Pipeline\\Pipeline->Illuminate\\Pipeline\\{closure}(Object(Illuminate\\Http\\Request))
#22 D:\\Proyek 3\\sidora_dosen\\devOps\\vendor\\laravel\\framework\\src\\Illuminate\\Pipeline\\Pipeline.php(219): Illuminate\\View\\Middleware\\ShareErrorsFromSession->handle(Object(Illuminate\\Http\\Request), Object(Closure))
#23 D:\\Proyek 3\\sidora_dosen\\devOps\\vendor\\laravel\\framework\\src\\Illuminate\\Session\\Middleware\\StartSession.php(120): Illuminate\\Pipeline\\Pipeline->Illuminate\\Pipeline\\{closure}(Object(Illuminate\\Http\\Request))
#24 D:\\Proyek 3\\sidora_dosen\\devOps\\vendor\\laravel\\framework\\src\\Illuminate\\Session\\Middleware\\StartSession.php(63): Illuminate\\Session\\Middleware\\StartSession->handleStatefulRequest(Object(Illuminate\\Http\\Request), Object(Illuminate\\Session\\Store), Object(Closure))
#25 D:\\Proyek 3\\sidora_dosen\\devOps\\vendor\\laravel\\framework\\src\\Illuminate\\Pipeline\\Pipeline.php(219): Illuminate\\Session\\Middleware\\StartSession->handle(Object(Illuminate\\Http\\Request), Object(Closure))
#26 D:\\Proyek 3\\sidora_dosen\\devOps\\vendor\\laravel\\framework\\src\\Illuminate\\Cookie\\Middleware\\AddQueuedCookiesToResponse.php(36): Illuminate\\Pipeline\\Pipeline->Illuminate\\Pipeline\\{closure}(Object(Illuminate\\Http\\Request))
#27 D:\\Proyek 3\\sidora_dosen\\devOps\\vendor\\laravel\\framework\\src\\Illuminate\\Pipeline\\Pipeline.php(219): Illuminate\\Cookie\\Middleware\\AddQueuedCookiesToResponse->handle(Object(Illuminate\\Http\\Request), Object(Closure))
#28 D:\\Proyek 3\\sidora_dosen\\devOps\\vendor\\laravel\\framework\\src\\Illuminate\\Cookie\\Middleware\\EncryptCookies.php(74): Illuminate\\Pipeline\\Pipeline->Illuminate\\Pipeline\\{closure}(Object(Illuminate\\Http\\Request))
#29 D:\\Proyek 3\\sidora_dosen\\devOps\\vendor\\laravel\\framework\\src\\Illuminate\\Pipeline\\Pipeline.php(219): Illuminate\\Cookie\\Middleware\\EncryptCookies->handle(Object(Illuminate\\Http\\Request), Object(Closure))
#30 D:\\Proyek 3\\sidora_dosen\\devOps\\vendor\\laravel\\framework\\src\\Illuminate\\Pipeline\\Pipeline.php(137): Illuminate\\Pipeline\\Pipeline->Illuminate\\Pipeline\\{closure}(Object(Illuminate\\Http\\Request))
#31 D:\\Proyek 3\\sidora_dosen\\devOps\\vendor\\laravel\\framework\\src\\Illuminate\\Routing\\Router.php(821): Illuminate\\Pipeline\\Pipeline->then(Object(Closure))
#32 D:\\Proyek 3\\sidora_dosen\\devOps\\vendor\\laravel\\framework\\src\\Illuminate\\Routing\\Router.php(800): Illuminate\\Routing\\Router->runRouteWithinStack(Object(Illuminate\\Routing\\Route), Object(Illuminate\\Http\\Request))
#33 D:\\Proyek 3\\sidora_dosen\\devOps\\vendor\\laravel\\framework\\src\\Illuminate\\Routing\\Router.php(764): Illuminate\\Routing\\Router->runRoute(Object(Illuminate\\Http\\Request), Object(Illuminate\\Routing\\Route))
#34 D:\\Proyek 3\\sidora_dosen\\devOps\\vendor\\laravel\\framework\\src\\Illuminate\\Routing\\Router.php(753): Illuminate\\Routing\\Router->dispatchToRoute(Object(Illuminate\\Http\\Request))
#35 D:\\Proyek 3\\sidora_dosen\\devOps\\vendor\\laravel\\framework\\src\\Illuminate\\Foundation\\Http\\Kernel.php(200): Illuminate\\Routing\\Router->dispatch(Object(Illuminate\\Http\\Request))
#36 D:\\Proyek 3\\sidora_dosen\\devOps\\vendor\\laravel\\framework\\src\\Illuminate\\Pipeline\\Pipeline.php(180): Illuminate\\Foundation\\Http\\Kernel->Illuminate\\Foundation\\Http\\{closure}(Object(Illuminate\\Http\\Request))
#37 D:\\Proyek 3\\sidora_dosen\\devOps\\vendor\\laravel\\framework\\src\\Illuminate\\Foundation\\Http\\Middleware\\TransformsRequest.php(21): Illuminate\\Pipeline\\Pipeline->Illuminate\\Pipeline\\{closure}(Object(Illuminate\\Http\\Request))
#38 D:\\Proyek 3\\sidora_dosen\\devOps\\vendor\\laravel\\framework\\src\\Illuminate\\Foundation\\Http\\Middleware\\ConvertEmptyStringsToNull.php(31): Illuminate\\Foundation\\Http\\Middleware\\TransformsRequest->handle(Object(Illuminate\\Http\\Request), Object(Closure))
#39 D:\\Proyek 3\\sidora_dosen\\devOps\\vendor\\laravel\\framework\\src\\Illuminate\\Pipeline\\Pipeline.php(219): Illuminate\\Foundation\\Http\\Middleware\\ConvertEmptyStringsToNull->handle(Object(Illuminate\\Http\\Request), Object(Closure))
#40 D:\\Proyek 3\\sidora_dosen\\devOps\\vendor\\laravel\\framework\\src\\Illuminate\\Foundation\\Http\\Middleware\\TransformsRequest.php(21): Illuminate\\Pipeline\\Pipeline->Illuminate\\Pipeline\\{closure}(Object(Illuminate\\Http\\Request))
#41 D:\\Proyek 3\\sidora_dosen\\devOps\\vendor\\laravel\\framework\\src\\Illuminate\\Foundation\\Http\\Middleware\\TrimStrings.php(51): Illuminate\\Foundation\\Http\\Middleware\\TransformsRequest->handle(Object(Illuminate\\Http\\Request), Object(Closure))
#42 D:\\Proyek 3\\sidora_dosen\\devOps\\vendor\\laravel\\framework\\src\\Illuminate\\Pipeline\\Pipeline.php(219): Illuminate\\Foundation\\Http\\Middleware\\TrimStrings->handle(Object(Illuminate\\Http\\Request), Object(Closure))
#43 D:\\Proyek 3\\sidora_dosen\\devOps\\vendor\\laravel\\framework\\src\\Illuminate\\Http\\Middleware\\ValidatePostSize.php(27): Illuminate\\Pipeline\\Pipeline->Illuminate\\Pipeline\\{closure}(Object(Illuminate\\Http\\Request))
#44 D:\\Proyek 3\\sidora_dosen\\devOps\\vendor\\laravel\\framework\\src\\Illuminate\\Pipeline\\Pipeline.php(219): Illuminate\\Http\\Middleware\\ValidatePostSize->handle(Object(Illuminate\\Http\\Request), Object(Closure))
#45 D:\\Proyek 3\\sidora_dosen\\devOps\\vendor\\laravel\\framework\\src\\Illuminate\\Foundation\\Http\\Middleware\\PreventRequestsDuringMaintenance.php(109): Illuminate\\Pipeline\\Pipeline->Illuminate\\Pipeline\\{closure}(Object(Illuminate\\Http\\Request))
#46 D:\\Proyek 3\\sidora_dosen\\devOps\\vendor\\laravel\\framework\\src\\Illuminate\\Pipeline\\Pipeline.php(219): Illuminate\\Foundation\\Http\\Middleware\\PreventRequestsDuringMaintenance->handle(Object(Illuminate\\Http\\Request), Object(Closure))
#47 D:\\Proyek 3\\sidora_dosen\\devOps\\vendor\\laravel\\framework\\src\\Illuminate\\Http\\Middleware\\HandleCors.php(48): Illuminate\\Pipeline\\Pipeline->Illuminate\\Pipeline\\{closure}(Object(Illuminate\\Http\\Request))
#48 D:\\Proyek 3\\sidora_dosen\\devOps\\vendor\\laravel\\framework\\src\\Illuminate\\Pipeline\\Pipeline.php(219): Illuminate\\Http\\Middleware\\HandleCors->handle(Object(Illuminate\\Http\\Request), Object(Closure))
#49 D:\\Proyek 3\\sidora_dosen\\devOps\\vendor\\laravel\\framework\\src\\Illuminate\\Http\\Middleware\\TrustProxies.php(58): Illuminate\\Pipeline\\Pipeline->Illuminate\\Pipeline\\{closure}(Object(Illuminate\\Http\\Request))
#50 D:\\Proyek 3\\sidora_dosen\\devOps\\vendor\\laravel\\framework\\src\\Illuminate\\Pipeline\\Pipeline.php(219): Illuminate\\Http\\Middleware\\TrustProxies->handle(Object(Illuminate\\Http\\Request), Object(Closure))
#51 D:\\Proyek 3\\sidora_dosen\\devOps\\vendor\\laravel\\framework\\src\\Illuminate\\Foundation\\Http\\Middleware\\InvokeDeferredCallbacks.php(22): Illuminate\\Pipeline\\Pipeline->Illuminate\\Pipeline\\{closure}(Object(Illuminate\\Http\\Request))
#52 D:\\Proyek 3\\sidora_dosen\\devOps\\vendor\\laravel\\framework\\src\\Illuminate\\Pipeline\\Pipeline.php(219): Illuminate\\Foundation\\Http\\Middleware\\InvokeDeferredCallbacks->handle(Object(Illuminate\\Http\\Request), Object(Closure))
#53 D:\\Proyek 3\\sidora_dosen\\devOps\\vendor\\laravel\\framework\\src\\Illuminate\\Http\\Middleware\\ValidatePathEncoding.php(26): Illuminate\\Pipeline\\Pipeline->Illuminate\\Pipeline\\{closure}(Object(Illuminate\\Http\\Request))
#54 D:\\Proyek 3\\sidora_dosen\\devOps\\vendor\\laravel\\framework\\src\\Illuminate\\Pipeline\\Pipeline.php(219): Illuminate\\Http\\Middleware\\ValidatePathEncoding->handle(Object(Illuminate\\Http\\Request), Object(Closure))
#55 D:\\Proyek 3\\sidora_dosen\\devOps\\vendor\\laravel\\framework\\src\\Illuminate\\Pipeline\\Pipeline.php(137): Illuminate\\Pipeline\\Pipeline->Illuminate\\Pipeline\\{closure}(Object(Illuminate\\Http\\Request))
#56 D:\\Proyek 3\\sidora_dosen\\devOps\\vendor\\laravel\\framework\\src\\Illuminate\\Foundation\\Http\\Kernel.php(175): Illuminate\\Pipeline\\Pipeline->then(Object(Closure))
#57 D:\\Proyek 3\\sidora_dosen\\devOps\\vendor\\laravel\\framework\\src\\Illuminate\\Foundation\\Http\\Kernel.php(144): Illuminate\\Foundation\\Http\\Kernel->sendRequestThroughRouter(Object(Illuminate\\Http\\Request))
#58 D:\\Proyek 3\\sidora_dosen\\devOps\\vendor\\laravel\\framework\\src\\Illuminate\\Foundation\\Application.php(1220): Illuminate\\Foundation\\Http\\Kernel->handle(Object(Illuminate\\Http\\Request))
#59 D:\\Proyek 3\\sidora_dosen\\devOps\\public\\index.php(20): Illuminate\\Foundation\\Application->handleRequest(Object(Illuminate\\Http\\Request))
#60 D:\\Proyek 3\\sidora_dosen\\devOps\\vendor\\laravel\\framework\\src\\Illuminate\\Foundation\\resources\\server.php(23): require_once('D:\\\\Proyek 3\\\\sid...')
#61 {main}
"} 
[2025-11-26 11:40:10] local.ERROR: View [dosen.portofolio-search] not found. {"userId":9,"exception":"[object] (InvalidArgumentException(code: 0): View [dosen.portofolio-search] not found. at D:\\Proyek 3\\sidora_dosen\\devOps\\vendor\\laravel\\framework\\src\\Illuminate\\View\\FileViewFinder.php:138)
[stacktrace]
#0 D:\\Proyek 3\\sidora_dosen\\devOps\\vendor\\laravel\\framework\\src\\Illuminate\\View\\FileViewFinder.php(78): Illuminate\\View\\FileViewFinder->findInPaths('dosen.portofoli...', Array)
#1 D:\\Proyek 3\\sidora_dosen\\devOps\\vendor\\laravel\\framework\\src\\Illuminate\\View\\Factory.php(150): Illuminate\\View\\FileViewFinder->find('dosen.portofoli...')
#2 D:\\Proyek 3\\sidora_dosen\\devOps\\vendor\\laravel\\framework\\src\\Illuminate\\Foundation\\helpers.php(1101): Illuminate\\View\\Factory->make('dosen.portofoli...', Array, Array)
#3 D:\\Proyek 3\\sidora_dosen\\devOps\\app\\Http\\Controllers\\Dosen\\PortofolioController.php(41): view('dosen.portofoli...', Array)
#4 D:\\Proyek 3\\sidora_dosen\\devOps\\vendor\\laravel\\framework\\src\\Illuminate\\Routing\\ControllerDispatcher.php(46): App\\Http\\Controllers\\Dosen\\PortofolioController->searchForm()
#5 D:\\Proyek 3\\sidora_dosen\\devOps\\vendor\\laravel\\framework\\src\\Illuminate\\Routing\\Route.php(265): Illuminate\\Routing\\ControllerDispatcher->dispatch(Object(Illuminate\\Routing\\Route), Object(App\\Http\\Controllers\\Dosen\\PortofolioController), 'searchForm')
#6 D:\\Proyek 3\\sidora_dosen\\devOps\\vendor\\laravel\\framework\\src\\Illuminate\\Routing\\Route.php(211): Illuminate\\Routing\\Route->runController()
#7 D:\\Proyek 3\\sidora_dosen\\devOps\\vendor\\laravel\\framework\\src\\Illuminate\\Routing\\Router.php(822): Illuminate\\Routing\\Route->run()
#8 D:\\Proyek 3\\sidora_dosen\\devOps\\vendor\\laravel\\framework\\src\\Illuminate\\Pipeline\\Pipeline.php(180): Illuminate\\Routing\\Router->Illuminate\\Routing\\{closure}(Object(Illuminate\\Http\\Request))
#9 D:\\Proyek 3\\sidora_dosen\\devOps\\app\\Http\\Middleware\\CheckRole.php(34): Illuminate\\Pipeline\\Pipeline->Illuminate\\Pipeline\\{closure}(Object(Illuminate\\Http\\Request))
#10 D:\\Proyek 3\\sidora_dosen\\devOps\\vendor\\laravel\\framework\\src\\Illuminate\\Pipeline\\Pipeline.php(219): App\\Http\\Middleware\\CheckRole->handle(Object(Illuminate\\Http\\Request), Object(Closure), 'dosen')
#11 D:\\Proyek 3\\sidora_dosen\\devOps\\vendor\\laravel\\framework\\src\\Illuminate\\Foundation\\Http\\Middleware\\VerifyCsrfToken.php(87): Illuminate\\Pipeline\\Pipeline->Illuminate\\Pipeline\\{closure}(Object(Illuminate\\Http\\Request))
#12 D:\\Proyek 3\\sidora_dosen\\devOps\\vendor\\laravel\\framework\\src\\Illuminate\\Pipeline\\Pipeline.php(219): Illuminate\\Foundation\\Http\\Middleware\\VerifyCsrfToken->handle(Object(Illuminate\\Http\\Request), Object(Closure))
#13 D:\\Proyek 3\\sidora_dosen\\devOps\\vendor\\laravel\\framework\\src\\Illuminate\\Routing\\Middleware\\SubstituteBindings.php(50): Illuminate\\Pipeline\\Pipeline->Illuminate\\Pipeline\\{closure}(Object(Illuminate\\Http\\Request))
#14 D:\\Proyek 3\\sidora_dosen\\devOps\\vendor\\laravel\\framework\\src\\Illuminate\\Pipeline\\Pipeline.php(219): Illuminate\\Routing\\Middleware\\SubstituteBindings->handle(Object(Illuminate\\Http\\Request), Object(Closure))
#15 D:\\Proyek 3\\sidora_dosen\\devOps\\vendor\\laravel\\framework\\src\\Illuminate\\Session\\Middleware\\AuthenticateSession.php(66): Illuminate\\Pipeline\\Pipeline->Illuminate\\Pipeline\\{closure}(Object(Illuminate\\Http\\Request))
#16 D:\\Proyek 3\\sidora_dosen\\devOps\\vendor\\laravel\\framework\\src\\Illuminate\\Pipeline\\Pipeline.php(219): Illuminate\\Session\\Middleware\\AuthenticateSession->handle(Object(Illuminate\\Http\\Request), Object(Closure))
#17 D:\\Proyek 3\\sidora_dosen\\devOps\\vendor\\laravel\\framework\\src\\Illuminate\\Auth\\Middleware\\Authenticate.php(63): Illuminate\\Pipeline\\Pipeline->Illuminate\\Pipeline\\{closure}(Object(Illuminate\\Http\\Request))
#18 D:\\Proyek 3\\sidora_dosen\\devOps\\vendor\\laravel\\framework\\src\\Illuminate\\Pipeline\\Pipeline.php(219): Illuminate\\Auth\\Middleware\\Authenticate->handle(Object(Illuminate\\Http\\Request), Object(Closure))
#19 D:\\Proyek 3\\sidora_dosen\\devOps\\vendor\\laravel\\framework\\src\\Illuminate\\Foundation\\Http\\Middleware\\VerifyCsrfToken.php(87): Illuminate\\Pipeline\\Pipeline->Illuminate\\Pipeline\\{closure}(Object(Illuminate\\Http\\Request))
#20 D:\\Proyek 3\\sidora_dosen\\devOps\\vendor\\laravel\\framework\\src\\Illuminate\\Pipeline\\Pipeline.php(219): Illuminate\\Foundation\\Http\\Middleware\\VerifyCsrfToken->handle(Object(Illuminate\\Http\\Request), Object(Closure))
#21 D:\\Proyek 3\\sidora_dosen\\devOps\\vendor\\laravel\\framework\\src\\Illuminate\\View\\Middleware\\ShareErrorsFromSession.php(48): Illuminate\\Pipeline\\Pipeline->Illuminate\\Pipeline\\{closure}(Object(Illuminate\\Http\\Request))
#22 D:\\Proyek 3\\sidora_dosen\\devOps\\vendor\\laravel\\framework\\src\\Illuminate\\Pipeline\\Pipeline.php(219): Illuminate\\View\\Middleware\\ShareErrorsFromSession->handle(Object(Illuminate\\Http\\Request), Object(Closure))
#23 D:\\Proyek 3\\sidora_dosen\\devOps\\vendor\\laravel\\framework\\src\\Illuminate\\Session\\Middleware\\StartSession.php(120): Illuminate\\Pipeline\\Pipeline->Illuminate\\Pipeline\\{closure}(Object(Illuminate\\Http\\Request))
#24 D:\\Proyek 3\\sidora_dosen\\devOps\\vendor\\laravel\\framework\\src\\Illuminate\\Session\\Middleware\\StartSession.php(63): Illuminate\\Session\\Middleware\\StartSession->handleStatefulRequest(Object(Illuminate\\Http\\Request), Object(Illuminate\\Session\\Store), Object(Closure))
#25 D:\\Proyek 3\\sidora_dosen\\devOps\\vendor\\laravel\\framework\\src\\Illuminate\\Pipeline\\Pipeline.php(219): Illuminate\\Session\\Middleware\\StartSession->handle(Object(Illuminate\\Http\\Request), Object(Closure))
#26 D:\\Proyek 3\\sidora_dosen\\devOps\\vendor\\laravel\\framework\\src\\Illuminate\\Cookie\\Middleware\\AddQueuedCookiesToResponse.php(36): Illuminate\\Pipeline\\Pipeline->Illuminate\\Pipeline\\{closure}(Object(Illuminate\\Http\\Request))
#27 D:\\Proyek 3\\sidora_dosen\\devOps\\vendor\\laravel\\framework\\src\\Illuminate\\Pipeline\\Pipeline.php(219): Illuminate\\Cookie\\Middleware\\AddQueuedCookiesToResponse->handle(Object(Illuminate\\Http\\Request), Object(Closure))
#28 D:\\Proyek 3\\sidora_dosen\\devOps\\vendor\\laravel\\framework\\src\\Illuminate\\Cookie\\Middleware\\EncryptCookies.php(74): Illuminate\\Pipeline\\Pipeline->Illuminate\\Pipeline\\{closure}(Object(Illuminate\\Http\\Request))
#29 D:\\Proyek 3\\sidora_dosen\\devOps\\vendor\\laravel\\framework\\src\\Illuminate\\Pipeline\\Pipeline.php(219): Illuminate\\Cookie\\Middleware\\EncryptCookies->handle(Object(Illuminate\\Http\\Request), Object(Closure))
#30 D:\\Proyek 3\\sidora_dosen\\devOps\\vendor\\laravel\\framework\\src\\Illuminate\\Pipeline\\Pipeline.php(137): Illuminate\\Pipeline\\Pipeline->Illuminate\\Pipeline\\{closure}(Object(Illuminate\\Http\\Request))
#31 D:\\Proyek 3\\sidora_dosen\\devOps\\vendor\\laravel\\framework\\src\\Illuminate\\Routing\\Router.php(821): Illuminate\\Pipeline\\Pipeline->then(Object(Closure))
#32 D:\\Proyek 3\\sidora_dosen\\devOps\\vendor\\laravel\\framework\\src\\Illuminate\\Routing\\Router.php(800): Illuminate\\Routing\\Router->runRouteWithinStack(Object(Illuminate\\Routing\\Route), Object(Illuminate\\Http\\Request))
#33 D:\\Proyek 3\\sidora_dosen\\devOps\\vendor\\laravel\\framework\\src\\Illuminate\\Routing\\Router.php(764): Illuminate\\Routing\\Router->runRoute(Object(Illuminate\\Http\\Request), Object(Illuminate\\Routing\\Route))
#34 D:\\Proyek 3\\sidora_dosen\\devOps\\vendor\\laravel\\framework\\src\\Illuminate\\Routing\\Router.php(753): Illuminate\\Routing\\Router->dispatchToRoute(Object(Illuminate\\Http\\Request))
#35 D:\\Proyek 3\\sidora_dosen\\devOps\\vendor\\laravel\\framework\\src\\Illuminate\\Foundation\\Http\\Kernel.php(200): Illuminate\\Routing\\Router->dispatch(Object(Illuminate\\Http\\Request))
#36 D:\\Proyek 3\\sidora_dosen\\devOps\\vendor\\laravel\\framework\\src\\Illuminate\\Pipeline\\Pipeline.php(180): Illuminate\\Foundation\\Http\\Kernel->Illuminate\\Foundation\\Http\\{closure}(Object(Illuminate\\Http\\Request))
#37 D:\\Proyek 3\\sidora_dosen\\devOps\\vendor\\laravel\\framework\\src\\Illuminate\\Foundation\\Http\\Middleware\\TransformsRequest.php(21): Illuminate\\Pipeline\\Pipeline->Illuminate\\Pipeline\\{closure}(Object(Illuminate\\Http\\Request))
#38 D:\\Proyek 3\\sidora_dosen\\devOps\\vendor\\laravel\\framework\\src\\Illuminate\\Foundation\\Http\\Middleware\\ConvertEmptyStringsToNull.php(31): Illuminate\\Foundation\\Http\\Middleware\\TransformsRequest->handle(Object(Illuminate\\Http\\Request), Object(Closure))
#39 D:\\Proyek 3\\sidora_dosen\\devOps\\vendor\\laravel\\framework\\src\\Illuminate\\Pipeline\\Pipeline.php(219): Illuminate\\Foundation\\Http\\Middleware\\ConvertEmptyStringsToNull->handle(Object(Illuminate\\Http\\Request), Object(Closure))
#40 D:\\Proyek 3\\sidora_dosen\\devOps\\vendor\\laravel\\framework\\src\\Illuminate\\Foundation\\Http\\Middleware\\TransformsRequest.php(21): Illuminate\\Pipeline\\Pipeline->Illuminate\\Pipeline\\{closure}(Object(Illuminate\\Http\\Request))
#41 D:\\Proyek 3\\sidora_dosen\\devOps\\vendor\\laravel\\framework\\src\\Illuminate\\Foundation\\Http\\Middleware\\TrimStrings.php(51): Illuminate\\Foundation\\Http\\Middleware\\TransformsRequest->handle(Object(Illuminate\\Http\\Request), Object(Closure))
#42 D:\\Proyek 3\\sidora_dosen\\devOps\\vendor\\laravel\\framework\\src\\Illuminate\\Pipeline\\Pipeline.php(219): Illuminate\\Foundation\\Http\\Middleware\\TrimStrings->handle(Object(Illuminate\\Http\\Request), Object(Closure))
#43 D:\\Proyek 3\\sidora_dosen\\devOps\\vendor\\laravel\\framework\\src\\Illuminate\\Http\\Middleware\\ValidatePostSize.php(27): Illuminate\\Pipeline\\Pipeline->Illuminate\\Pipeline\\{closure}(Object(Illuminate\\Http\\Request))
#44 D:\\Proyek 3\\sidora_dosen\\devOps\\vendor\\laravel\\framework\\src\\Illuminate\\Pipeline\\Pipeline.php(219): Illuminate\\Http\\Middleware\\ValidatePostSize->handle(Object(Illuminate\\Http\\Request), Object(Closure))
#45 D:\\Proyek 3\\sidora_dosen\\devOps\\vendor\\laravel\\framework\\src\\Illuminate\\Foundation\\Http\\Middleware\\PreventRequestsDuringMaintenance.php(109): Illuminate\\Pipeline\\Pipeline->Illuminate\\Pipeline\\{closure}(Object(Illuminate\\Http\\Request))
#46 D:\\Proyek 3\\sidora_dosen\\devOps\\vendor\\laravel\\framework\\src\\Illuminate\\Pipeline\\Pipeline.php(219): Illuminate\\Foundation\\Http\\Middleware\\PreventRequestsDuringMaintenance->handle(Object(Illuminate\\Http\\Request), Object(Closure))
#47 D:\\Proyek 3\\sidora_dosen\\devOps\\vendor\\laravel\\framework\\src\\Illuminate\\Http\\Middleware\\HandleCors.php(48): Illuminate\\Pipeline\\Pipeline->Illuminate\\Pipeline\\{closure}(Object(Illuminate\\Http\\Request))
#48 D:\\Proyek 3\\sidora_dosen\\devOps\\vendor\\laravel\\framework\\src\\Illuminate\\Pipeline\\Pipeline.php(219): Illuminate\\Http\\Middleware\\HandleCors->handle(Object(Illuminate\\Http\\Request), Object(Closure))
#49 D:\\Proyek 3\\sidora_dosen\\devOps\\vendor\\laravel\\framework\\src\\Illuminate\\Http\\Middleware\\TrustProxies.php(58): Illuminate\\Pipeline\\Pipeline->Illuminate\\Pipeline\\{closure}(Object(Illuminate\\Http\\Request))
#50 D:\\Proyek 3\\sidora_dosen\\devOps\\vendor\\laravel\\framework\\src\\Illuminate\\Pipeline\\Pipeline.php(219): Illuminate\\Http\\Middleware\\TrustProxies->handle(Object(Illuminate\\Http\\Request), Object(Closure))
#51 D:\\Proyek 3\\sidora_dosen\\devOps\\vendor\\laravel\\framework\\src\\Illuminate\\Foundation\\Http\\Middleware\\InvokeDeferredCallbacks.php(22): Illuminate\\Pipeline\\Pipeline->Illuminate\\Pipeline\\{closure}(Object(Illuminate\\Http\\Request))
#52 D:\\Proyek 3\\sidora_dosen\\devOps\\vendor\\laravel\\framework\\src\\Illuminate\\Pipeline\\Pipeline.php(219): Illuminate\\Foundation\\Http\\Middleware\\InvokeDeferredCallbacks->handle(Object(Illuminate\\Http\\Request), Object(Closure))
#53 D:\\Proyek 3\\sidora_dosen\\devOps\\vendor\\laravel\\framework\\src\\Illuminate\\Http\\Middleware\\ValidatePathEncoding.php(26): Illuminate\\Pipeline\\Pipeline->Illuminate\\Pipeline\\{closure}(Object(Illuminate\\Http\\Request))
#54 D:\\Proyek 3\\sidora_dosen\\devOps\\vendor\\laravel\\framework\\src\\Illuminate\\Pipeline\\Pipeline.php(219): Illuminate\\Http\\Middleware\\ValidatePathEncoding->handle(Object(Illuminate\\Http\\Request), Object(Closure))
#55 D:\\Proyek 3\\sidora_dosen\\devOps\\vendor\\laravel\\framework\\src\\Illuminate\\Pipeline\\Pipeline.php(137): Illuminate\\Pipeline\\Pipeline->Illuminate\\Pipeline\\{closure}(Object(Illuminate\\Http\\Request))
#56 D:\\Proyek 3\\sidora_dosen\\devOps\\vendor\\laravel\\framework\\src\\Illuminate\\Foundation\\Http\\Kernel.php(175): Illuminate\\Pipeline\\Pipeline->then(Object(Closure))
#57 D:\\Proyek 3\\sidora_dosen\\devOps\\vendor\\laravel\\framework\\src\\Illuminate\\Foundation\\Http\\Kernel.php(144): Illuminate\\Foundation\\Http\\Kernel->sendRequestThroughRouter(Object(Illuminate\\Http\\Request))
#58 D:\\Proyek 3\\sidora_dosen\\devOps\\vendor\\laravel\\framework\\src\\Illuminate\\Foundation\\Application.php(1220): Illuminate\\Foundation\\Http\\Kernel->handle(Object(Illuminate\\Http\\Request))
#59 D:\\Proyek 3\\sidora_dosen\\devOps\\public\\index.php(20): Illuminate\\Foundation\\Application->handleRequest(Object(Illuminate\\Http\\Request))
#60 D:\\Proyek 3\\sidora_dosen\\devOps\\vendor\\laravel\\framework\\src\\Illuminate\\Foundation\\resources\\server.php(23): require_once('D:\\\\Proyek 3\\\\sid...')
#61 {main}
"} 
[2025-11-26 11:43:20] local.ERROR: View [dosen.portofolio-search] not found. {"userId":9,"exception":"[object] (InvalidArgumentException(code: 0): View [dosen.portofolio-search] not found. at D:\\Proyek 3\\sidora_dosen\\devOps\\vendor\\laravel\\framework\\src\\Illuminate\\View\\FileViewFinder.php:138)
[stacktrace]
#0 D:\\Proyek 3\\sidora_dosen\\devOps\\vendor\\laravel\\framework\\src\\Illuminate\\View\\FileViewFinder.php(78): Illuminate\\View\\FileViewFinder->findInPaths('dosen.portofoli...', Array)
#1 D:\\Proyek 3\\sidora_dosen\\devOps\\vendor\\laravel\\framework\\src\\Illuminate\\View\\Factory.php(150): Illuminate\\View\\FileViewFinder->find('dosen.portofoli...')
#2 D:\\Proyek 3\\sidora_dosen\\devOps\\vendor\\laravel\\framework\\src\\Illuminate\\Foundation\\helpers.php(1101): Illuminate\\View\\Factory->make('dosen.portofoli...', Array, Array)
#3 D:\\Proyek 3\\sidora_dosen\\devOps\\app\\Http\\Controllers\\Dosen\\PortofolioController.php(41): view('dosen.portofoli...', Array)
#4 D:\\Proyek 3\\sidora_dosen\\devOps\\vendor\\laravel\\framework\\src\\Illuminate\\Routing\\ControllerDispatcher.php(46): App\\Http\\Controllers\\Dosen\\PortofolioController->searchForm()
#5 D:\\Proyek 3\\sidora_dosen\\devOps\\vendor\\laravel\\framework\\src\\Illuminate\\Routing\\Route.php(265): Illuminate\\Routing\\ControllerDispatcher->dispatch(Object(Illuminate\\Routing\\Route), Object(App\\Http\\Controllers\\Dosen\\PortofolioController), 'searchForm')
#6 D:\\Proyek 3\\sidora_dosen\\devOps\\vendor\\laravel\\framework\\src\\Illuminate\\Routing\\Route.php(211): Illuminate\\Routing\\Route->runController()
#7 D:\\Proyek 3\\sidora_dosen\\devOps\\vendor\\laravel\\framework\\src\\Illuminate\\Routing\\Router.php(822): Illuminate\\Routing\\Route->run()
#8 D:\\Proyek 3\\sidora_dosen\\devOps\\vendor\\laravel\\framework\\src\\Illuminate\\Pipeline\\Pipeline.php(180): Illuminate\\Routing\\Router->Illuminate\\Routing\\{closure}(Object(Illuminate\\Http\\Request))
#9 D:\\Proyek 3\\sidora_dosen\\devOps\\app\\Http\\Middleware\\CheckRole.php(34): Illuminate\\Pipeline\\Pipeline->Illuminate\\Pipeline\\{closure}(Object(Illuminate\\Http\\Request))
#10 D:\\Proyek 3\\sidora_dosen\\devOps\\vendor\\laravel\\framework\\src\\Illuminate\\Pipeline\\Pipeline.php(219): App\\Http\\Middleware\\CheckRole->handle(Object(Illuminate\\Http\\Request), Object(Closure), 'dosen')
#11 D:\\Proyek 3\\sidora_dosen\\devOps\\vendor\\laravel\\framework\\src\\Illuminate\\Foundation\\Http\\Middleware\\VerifyCsrfToken.php(87): Illuminate\\Pipeline\\Pipeline->Illuminate\\Pipeline\\{closure}(Object(Illuminate\\Http\\Request))
#12 D:\\Proyek 3\\sidora_dosen\\devOps\\vendor\\laravel\\framework\\src\\Illuminate\\Pipeline\\Pipeline.php(219): Illuminate\\Foundation\\Http\\Middleware\\VerifyCsrfToken->handle(Object(Illuminate\\Http\\Request), Object(Closure))
#13 D:\\Proyek 3\\sidora_dosen\\devOps\\vendor\\laravel\\framework\\src\\Illuminate\\Routing\\Middleware\\SubstituteBindings.php(50): Illuminate\\Pipeline\\Pipeline->Illuminate\\Pipeline\\{closure}(Object(Illuminate\\Http\\Request))
#14 D:\\Proyek 3\\sidora_dosen\\devOps\\vendor\\laravel\\framework\\src\\Illuminate\\Pipeline\\Pipeline.php(219): Illuminate\\Routing\\Middleware\\SubstituteBindings->handle(Object(Illuminate\\Http\\Request), Object(Closure))
#15 D:\\Proyek 3\\sidora_dosen\\devOps\\vendor\\laravel\\framework\\src\\Illuminate\\Session\\Middleware\\AuthenticateSession.php(66): Illuminate\\Pipeline\\Pipeline->Illuminate\\Pipeline\\{closure}(Object(Illuminate\\Http\\Request))
#16 D:\\Proyek 3\\sidora_dosen\\devOps\\vendor\\laravel\\framework\\src\\Illuminate\\Pipeline\\Pipeline.php(219): Illuminate\\Session\\Middleware\\AuthenticateSession->handle(Object(Illuminate\\Http\\Request), Object(Closure))
#17 D:\\Proyek 3\\sidora_dosen\\devOps\\vendor\\laravel\\framework\\src\\Illuminate\\Auth\\Middleware\\Authenticate.php(63): Illuminate\\Pipeline\\Pipeline->Illuminate\\Pipeline\\{closure}(Object(Illuminate\\Http\\Request))
#18 D:\\Proyek 3\\sidora_dosen\\devOps\\vendor\\laravel\\framework\\src\\Illuminate\\Pipeline\\Pipeline.php(219): Illuminate\\Auth\\Middleware\\Authenticate->handle(Object(Illuminate\\Http\\Request), Object(Closure))
#19 D:\\Proyek 3\\sidora_dosen\\devOps\\vendor\\laravel\\framework\\src\\Illuminate\\Foundation\\Http\\Middleware\\VerifyCsrfToken.php(87): Illuminate\\Pipeline\\Pipeline->Illuminate\\Pipeline\\{closure}(Object(Illuminate\\Http\\Request))
#20 D:\\Proyek 3\\sidora_dosen\\devOps\\vendor\\laravel\\framework\\src\\Illuminate\\Pipeline\\Pipeline.php(219): Illuminate\\Foundation\\Http\\Middleware\\VerifyCsrfToken->handle(Object(Illuminate\\Http\\Request), Object(Closure))
#21 D:\\Proyek 3\\sidora_dosen\\devOps\\vendor\\laravel\\framework\\src\\Illuminate\\View\\Middleware\\ShareErrorsFromSession.php(48): Illuminate\\Pipeline\\Pipeline->Illuminate\\Pipeline\\{closure}(Object(Illuminate\\Http\\Request))
#22 D:\\Proyek 3\\sidora_dosen\\devOps\\vendor\\laravel\\framework\\src\\Illuminate\\Pipeline\\Pipeline.php(219): Illuminate\\View\\Middleware\\ShareErrorsFromSession->handle(Object(Illuminate\\Http\\Request), Object(Closure))
#23 D:\\Proyek 3\\sidora_dosen\\devOps\\vendor\\laravel\\framework\\src\\Illuminate\\Session\\Middleware\\StartSession.php(120): Illuminate\\Pipeline\\Pipeline->Illuminate\\Pipeline\\{closure}(Object(Illuminate\\Http\\Request))
#24 D:\\Proyek 3\\sidora_dosen\\devOps\\vendor\\laravel\\framework\\src\\Illuminate\\Session\\Middleware\\StartSession.php(63): Illuminate\\Session\\Middleware\\StartSession->handleStatefulRequest(Object(Illuminate\\Http\\Request), Object(Illuminate\\Session\\Store), Object(Closure))
#25 D:\\Proyek 3\\sidora_dosen\\devOps\\vendor\\laravel\\framework\\src\\Illuminate\\Pipeline\\Pipeline.php(219): Illuminate\\Session\\Middleware\\StartSession->handle(Object(Illuminate\\Http\\Request), Object(Closure))
#26 D:\\Proyek 3\\sidora_dosen\\devOps\\vendor\\laravel\\framework\\src\\Illuminate\\Cookie\\Middleware\\AddQueuedCookiesToResponse.php(36): Illuminate\\Pipeline\\Pipeline->Illuminate\\Pipeline\\{closure}(Object(Illuminate\\Http\\Request))
#27 D:\\Proyek 3\\sidora_dosen\\devOps\\vendor\\laravel\\framework\\src\\Illuminate\\Pipeline\\Pipeline.php(219): Illuminate\\Cookie\\Middleware\\AddQueuedCookiesToResponse->handle(Object(Illuminate\\Http\\Request), Object(Closure))
#28 D:\\Proyek 3\\sidora_dosen\\devOps\\vendor\\laravel\\framework\\src\\Illuminate\\Cookie\\Middleware\\EncryptCookies.php(74): Illuminate\\Pipeline\\Pipeline->Illuminate\\Pipeline\\{closure}(Object(Illuminate\\Http\\Request))
#29 D:\\Proyek 3\\sidora_dosen\\devOps\\vendor\\laravel\\framework\\src\\Illuminate\\Pipeline\\Pipeline.php(219): Illuminate\\Cookie\\Middleware\\EncryptCookies->handle(Object(Illuminate\\Http\\Request), Object(Closure))
#30 D:\\Proyek 3\\sidora_dosen\\devOps\\vendor\\laravel\\framework\\src\\Illuminate\\Pipeline\\Pipeline.php(137): Illuminate\\Pipeline\\Pipeline->Illuminate\\Pipeline\\{closure}(Object(Illuminate\\Http\\Request))
#31 D:\\Proyek 3\\sidora_dosen\\devOps\\vendor\\laravel\\framework\\src\\Illuminate\\Routing\\Router.php(821): Illuminate\\Pipeline\\Pipeline->then(Object(Closure))
#32 D:\\Proyek 3\\sidora_dosen\\devOps\\vendor\\laravel\\framework\\src\\Illuminate\\Routing\\Router.php(800): Illuminate\\Routing\\Router->runRouteWithinStack(Object(Illuminate\\Routing\\Route), Object(Illuminate\\Http\\Request))
#33 D:\\Proyek 3\\sidora_dosen\\devOps\\vendor\\laravel\\framework\\src\\Illuminate\\Routing\\Router.php(764): Illuminate\\Routing\\Router->runRoute(Object(Illuminate\\Http\\Request), Object(Illuminate\\Routing\\Route))
#34 D:\\Proyek 3\\sidora_dosen\\devOps\\vendor\\laravel\\framework\\src\\Illuminate\\Routing\\Router.php(753): Illuminate\\Routing\\Router->dispatchToRoute(Object(Illuminate\\Http\\Request))
#35 D:\\Proyek 3\\sidora_dosen\\devOps\\vendor\\laravel\\framework\\src\\Illuminate\\Foundation\\Http\\Kernel.php(200): Illuminate\\Routing\\Router->dispatch(Object(Illuminate\\Http\\Request))
#36 D:\\Proyek 3\\sidora_dosen\\devOps\\vendor\\laravel\\framework\\src\\Illuminate\\Pipeline\\Pipeline.php(180): Illuminate\\Foundation\\Http\\Kernel->Illuminate\\Foundation\\Http\\{closure}(Object(Illuminate\\Http\\Request))
#37 D:\\Proyek 3\\sidora_dosen\\devOps\\vendor\\laravel\\framework\\src\\Illuminate\\Foundation\\Http\\Middleware\\TransformsRequest.php(21): Illuminate\\Pipeline\\Pipeline->Illuminate\\Pipeline\\{closure}(Object(Illuminate\\Http\\Request))
#38 D:\\Proyek 3\\sidora_dosen\\devOps\\vendor\\laravel\\framework\\src\\Illuminate\\Foundation\\Http\\Middleware\\ConvertEmptyStringsToNull.php(31): Illuminate\\Foundation\\Http\\Middleware\\TransformsRequest->handle(Object(Illuminate\\Http\\Request), Object(Closure))
#39 D:\\Proyek 3\\sidora_dosen\\devOps\\vendor\\laravel\\framework\\src\\Illuminate\\Pipeline\\Pipeline.php(219): Illuminate\\Foundation\\Http\\Middleware\\ConvertEmptyStringsToNull->handle(Object(Illuminate\\Http\\Request), Object(Closure))
#40 D:\\Proyek 3\\sidora_dosen\\devOps\\vendor\\laravel\\framework\\src\\Illuminate\\Foundation\\Http\\Middleware\\TransformsRequest.php(21): Illuminate\\Pipeline\\Pipeline->Illuminate\\Pipeline\\{closure}(Object(Illuminate\\Http\\Request))
#41 D:\\Proyek 3\\sidora_dosen\\devOps\\vendor\\laravel\\framework\\src\\Illuminate\\Foundation\\Http\\Middleware\\TrimStrings.php(51): Illuminate\\Foundation\\Http\\Middleware\\TransformsRequest->handle(Object(Illuminate\\Http\\Request), Object(Closure))
#42 D:\\Proyek 3\\sidora_dosen\\devOps\\vendor\\laravel\\framework\\src\\Illuminate\\Pipeline\\Pipeline.php(219): Illuminate\\Foundation\\Http\\Middleware\\TrimStrings->handle(Object(Illuminate\\Http\\Request), Object(Closure))
#43 D:\\Proyek 3\\sidora_dosen\\devOps\\vendor\\laravel\\framework\\src\\Illuminate\\Http\\Middleware\\ValidatePostSize.php(27): Illuminate\\Pipeline\\Pipeline->Illuminate\\Pipeline\\{closure}(Object(Illuminate\\Http\\Request))
#44 D:\\Proyek 3\\sidora_dosen\\devOps\\vendor\\laravel\\framework\\src\\Illuminate\\Pipeline\\Pipeline.php(219): Illuminate\\Http\\Middleware\\ValidatePostSize->handle(Object(Illuminate\\Http\\Request), Object(Closure))
#45 D:\\Proyek 3\\sidora_dosen\\devOps\\vendor\\laravel\\framework\\src\\Illuminate\\Foundation\\Http\\Middleware\\PreventRequestsDuringMaintenance.php(109): Illuminate\\Pipeline\\Pipeline->Illuminate\\Pipeline\\{closure}(Object(Illuminate\\Http\\Request))
#46 D:\\Proyek 3\\sidora_dosen\\devOps\\vendor\\laravel\\framework\\src\\Illuminate\\Pipeline\\Pipeline.php(219): Illuminate\\Foundation\\Http\\Middleware\\PreventRequestsDuringMaintenance->handle(Object(Illuminate\\Http\\Request), Object(Closure))
#47 D:\\Proyek 3\\sidora_dosen\\devOps\\vendor\\laravel\\framework\\src\\Illuminate\\Http\\Middleware\\HandleCors.php(48): Illuminate\\Pipeline\\Pipeline->Illuminate\\Pipeline\\{closure}(Object(Illuminate\\Http\\Request))
#48 D:\\Proyek 3\\sidora_dosen\\devOps\\vendor\\laravel\\framework\\src\\Illuminate\\Pipeline\\Pipeline.php(219): Illuminate\\Http\\Middleware\\HandleCors->handle(Object(Illuminate\\Http\\Request), Object(Closure))
#49 D:\\Proyek 3\\sidora_dosen\\devOps\\vendor\\laravel\\framework\\src\\Illuminate\\Http\\Middleware\\TrustProxies.php(58): Illuminate\\Pipeline\\Pipeline->Illuminate\\Pipeline\\{closure}(Object(Illuminate\\Http\\Request))
#50 D:\\Proyek 3\\sidora_dosen\\devOps\\vendor\\laravel\\framework\\src\\Illuminate\\Pipeline\\Pipeline.php(219): Illuminate\\Http\\Middleware\\TrustProxies->handle(Object(Illuminate\\Http\\Request), Object(Closure))
#51 D:\\Proyek 3\\sidora_dosen\\devOps\\vendor\\laravel\\framework\\src\\Illuminate\\Foundation\\Http\\Middleware\\InvokeDeferredCallbacks.php(22): Illuminate\\Pipeline\\Pipeline->Illuminate\\Pipeline\\{closure}(Object(Illuminate\\Http\\Request))
#52 D:\\Proyek 3\\sidora_dosen\\devOps\\vendor\\laravel\\framework\\src\\Illuminate\\Pipeline\\Pipeline.php(219): Illuminate\\Foundation\\Http\\Middleware\\InvokeDeferredCallbacks->handle(Object(Illuminate\\Http\\Request), Object(Closure))
#53 D:\\Proyek 3\\sidora_dosen\\devOps\\vendor\\laravel\\framework\\src\\Illuminate\\Http\\Middleware\\ValidatePathEncoding.php(26): Illuminate\\Pipeline\\Pipeline->Illuminate\\Pipeline\\{closure}(Object(Illuminate\\Http\\Request))
#54 D:\\Proyek 3\\sidora_dosen\\devOps\\vendor\\laravel\\framework\\src\\Illuminate\\Pipeline\\Pipeline.php(219): Illuminate\\Http\\Middleware\\ValidatePathEncoding->handle(Object(Illuminate\\Http\\Request), Object(Closure))
#55 D:\\Proyek 3\\sidora_dosen\\devOps\\vendor\\laravel\\framework\\src\\Illuminate\\Pipeline\\Pipeline.php(137): Illuminate\\Pipeline\\Pipeline->Illuminate\\Pipeline\\{closure}(Object(Illuminate\\Http\\Request))
#56 D:\\Proyek 3\\sidora_dosen\\devOps\\vendor\\laravel\\framework\\src\\Illuminate\\Foundation\\Http\\Kernel.php(175): Illuminate\\Pipeline\\Pipeline->then(Object(Closure))
#57 D:\\Proyek 3\\sidora_dosen\\devOps\\vendor\\laravel\\framework\\src\\Illuminate\\Foundation\\Http\\Kernel.php(144): Illuminate\\Foundation\\Http\\Kernel->sendRequestThroughRouter(Object(Illuminate\\Http\\Request))
#58 D:\\Proyek 3\\sidora_dosen\\devOps\\vendor\\laravel\\framework\\src\\Illuminate\\Foundation\\Application.php(1220): Illuminate\\Foundation\\Http\\Kernel->handle(Object(Illuminate\\Http\\Request))
#59 D:\\Proyek 3\\sidora_dosen\\devOps\\public\\index.php(20): Illuminate\\Foundation\\Application->handleRequest(Object(Illuminate\\Http\\Request))
#60 D:\\Proyek 3\\sidora_dosen\\devOps\\vendor\\laravel\\framework\\src\\Illuminate\\Foundation\\resources\\server.php(23): require_once('D:\\\\Proyek 3\\\\sid...')
#61 {main}
"} 
[2025-11-26 11:43:23] local.ERROR: View [dosen.portofolio-search] not found. {"userId":9,"exception":"[object] (InvalidArgumentException(code: 0): View [dosen.portofolio-search] not found. at D:\\Proyek 3\\sidora_dosen\\devOps\\vendor\\laravel\\framework\\src\\Illuminate\\View\\FileViewFinder.php:138)
[stacktrace]
#0 D:\\Proyek 3\\sidora_dosen\\devOps\\vendor\\laravel\\framework\\src\\Illuminate\\View\\FileViewFinder.php(78): Illuminate\\View\\FileViewFinder->findInPaths('dosen.portofoli...', Array)
#1 D:\\Proyek 3\\sidora_dosen\\devOps\\vendor\\laravel\\framework\\src\\Illuminate\\View\\Factory.php(150): Illuminate\\View\\FileViewFinder->find('dosen.portofoli...')
#2 D:\\Proyek 3\\sidora_dosen\\devOps\\vendor\\laravel\\framework\\src\\Illuminate\\Foundation\\helpers.php(1101): Illuminate\\View\\Factory->make('dosen.portofoli...', Array, Array)
#3 D:\\Proyek 3\\sidora_dosen\\devOps\\app\\Http\\Controllers\\Dosen\\PortofolioController.php(41): view('dosen.portofoli...', Array)
#4 D:\\Proyek 3\\sidora_dosen\\devOps\\vendor\\laravel\\framework\\src\\Illuminate\\Routing\\ControllerDispatcher.php(46): App\\Http\\Controllers\\Dosen\\PortofolioController->searchForm()
#5 D:\\Proyek 3\\sidora_dosen\\devOps\\vendor\\laravel\\framework\\src\\Illuminate\\Routing\\Route.php(265): Illuminate\\Routing\\ControllerDispatcher->dispatch(Object(Illuminate\\Routing\\Route), Object(App\\Http\\Controllers\\Dosen\\PortofolioController), 'searchForm')
#6 D:\\Proyek 3\\sidora_dosen\\devOps\\vendor\\laravel\\framework\\src\\Illuminate\\Routing\\Route.php(211): Illuminate\\Routing\\Route->runController()
#7 D:\\Proyek 3\\sidora_dosen\\devOps\\vendor\\laravel\\framework\\src\\Illuminate\\Routing\\Router.php(822): Illuminate\\Routing\\Route->run()
#8 D:\\Proyek 3\\sidora_dosen\\devOps\\vendor\\laravel\\framework\\src\\Illuminate\\Pipeline\\Pipeline.php(180): Illuminate\\Routing\\Router->Illuminate\\Routing\\{closure}(Object(Illuminate\\Http\\Request))
#9 D:\\Proyek 3\\sidora_dosen\\devOps\\app\\Http\\Middleware\\CheckRole.php(34): Illuminate\\Pipeline\\Pipeline->Illuminate\\Pipeline\\{closure}(Object(Illuminate\\Http\\Request))
#10 D:\\Proyek 3\\sidora_dosen\\devOps\\vendor\\laravel\\framework\\src\\Illuminate\\Pipeline\\Pipeline.php(219): App\\Http\\Middleware\\CheckRole->handle(Object(Illuminate\\Http\\Request), Object(Closure), 'dosen')
#11 D:\\Proyek 3\\sidora_dosen\\devOps\\vendor\\laravel\\framework\\src\\Illuminate\\Foundation\\Http\\Middleware\\VerifyCsrfToken.php(87): Illuminate\\Pipeline\\Pipeline->Illuminate\\Pipeline\\{closure}(Object(Illuminate\\Http\\Request))
#12 D:\\Proyek 3\\sidora_dosen\\devOps\\vendor\\laravel\\framework\\src\\Illuminate\\Pipeline\\Pipeline.php(219): Illuminate\\Foundation\\Http\\Middleware\\VerifyCsrfToken->handle(Object(Illuminate\\Http\\Request), Object(Closure))
#13 D:\\Proyek 3\\sidora_dosen\\devOps\\vendor\\laravel\\framework\\src\\Illuminate\\Routing\\Middleware\\SubstituteBindings.php(50): Illuminate\\Pipeline\\Pipeline->Illuminate\\Pipeline\\{closure}(Object(Illuminate\\Http\\Request))
#14 D:\\Proyek 3\\sidora_dosen\\devOps\\vendor\\laravel\\framework\\src\\Illuminate\\Pipeline\\Pipeline.php(219): Illuminate\\Routing\\Middleware\\SubstituteBindings->handle(Object(Illuminate\\Http\\Request), Object(Closure))
#15 D:\\Proyek 3\\sidora_dosen\\devOps\\vendor\\laravel\\framework\\src\\Illuminate\\Session\\Middleware\\AuthenticateSession.php(66): Illuminate\\Pipeline\\Pipeline->Illuminate\\Pipeline\\{closure}(Object(Illuminate\\Http\\Request))
#16 D:\\Proyek 3\\sidora_dosen\\devOps\\vendor\\laravel\\framework\\src\\Illuminate\\Pipeline\\Pipeline.php(219): Illuminate\\Session\\Middleware\\AuthenticateSession->handle(Object(Illuminate\\Http\\Request), Object(Closure))
#17 D:\\Proyek 3\\sidora_dosen\\devOps\\vendor\\laravel\\framework\\src\\Illuminate\\Auth\\Middleware\\Authenticate.php(63): Illuminate\\Pipeline\\Pipeline->Illuminate\\Pipeline\\{closure}(Object(Illuminate\\Http\\Request))
#18 D:\\Proyek 3\\sidora_dosen\\devOps\\vendor\\laravel\\framework\\src\\Illuminate\\Pipeline\\Pipeline.php(219): Illuminate\\Auth\\Middleware\\Authenticate->handle(Object(Illuminate\\Http\\Request), Object(Closure))
#19 D:\\Proyek 3\\sidora_dosen\\devOps\\vendor\\laravel\\framework\\src\\Illuminate\\Foundation\\Http\\Middleware\\VerifyCsrfToken.php(87): Illuminate\\Pipeline\\Pipeline->Illuminate\\Pipeline\\{closure}(Object(Illuminate\\Http\\Request))
#20 D:\\Proyek 3\\sidora_dosen\\devOps\\vendor\\laravel\\framework\\src\\Illuminate\\Pipeline\\Pipeline.php(219): Illuminate\\Foundation\\Http\\Middleware\\VerifyCsrfToken->handle(Object(Illuminate\\Http\\Request), Object(Closure))
#21 D:\\Proyek 3\\sidora_dosen\\devOps\\vendor\\laravel\\framework\\src\\Illuminate\\View\\Middleware\\ShareErrorsFromSession.php(48): Illuminate\\Pipeline\\Pipeline->Illuminate\\Pipeline\\{closure}(Object(Illuminate\\Http\\Request))
#22 D:\\Proyek 3\\sidora_dosen\\devOps\\vendor\\laravel\\framework\\src\\Illuminate\\Pipeline\\Pipeline.php(219): Illuminate\\View\\Middleware\\ShareErrorsFromSession->handle(Object(Illuminate\\Http\\Request), Object(Closure))
#23 D:\\Proyek 3\\sidora_dosen\\devOps\\vendor\\laravel\\framework\\src\\Illuminate\\Session\\Middleware\\StartSession.php(120): Illuminate\\Pipeline\\Pipeline->Illuminate\\Pipeline\\{closure}(Object(Illuminate\\Http\\Request))
#24 D:\\Proyek 3\\sidora_dosen\\devOps\\vendor\\laravel\\framework\\src\\Illuminate\\Session\\Middleware\\StartSession.php(63): Illuminate\\Session\\Middleware\\StartSession->handleStatefulRequest(Object(Illuminate\\Http\\Request), Object(Illuminate\\Session\\Store), Object(Closure))
#25 D:\\Proyek 3\\sidora_dosen\\devOps\\vendor\\laravel\\framework\\src\\Illuminate\\Pipeline\\Pipeline.php(219): Illuminate\\Session\\Middleware\\StartSession->handle(Object(Illuminate\\Http\\Request), Object(Closure))
#26 D:\\Proyek 3\\sidora_dosen\\devOps\\vendor\\laravel\\framework\\src\\Illuminate\\Cookie\\Middleware\\AddQueuedCookiesToResponse.php(36): Illuminate\\Pipeline\\Pipeline->Illuminate\\Pipeline\\{closure}(Object(Illuminate\\Http\\Request))
#27 D:\\Proyek 3\\sidora_dosen\\devOps\\vendor\\laravel\\framework\\src\\Illuminate\\Pipeline\\Pipeline.php(219): Illuminate\\Cookie\\Middleware\\AddQueuedCookiesToResponse->handle(Object(Illuminate\\Http\\Request), Object(Closure))
#28 D:\\Proyek 3\\sidora_dosen\\devOps\\vendor\\laravel\\framework\\src\\Illuminate\\Cookie\\Middleware\\EncryptCookies.php(74): Illuminate\\Pipeline\\Pipeline->Illuminate\\Pipeline\\{closure}(Object(Illuminate\\Http\\Request))
#29 D:\\Proyek 3\\sidora_dosen\\devOps\\vendor\\laravel\\framework\\src\\Illuminate\\Pipeline\\Pipeline.php(219): Illuminate\\Cookie\\Middleware\\EncryptCookies->handle(Object(Illuminate\\Http\\Request), Object(Closure))
#30 D:\\Proyek 3\\sidora_dosen\\devOps\\vendor\\laravel\\framework\\src\\Illuminate\\Pipeline\\Pipeline.php(137): Illuminate\\Pipeline\\Pipeline->Illuminate\\Pipeline\\{closure}(Object(Illuminate\\Http\\Request))
#31 D:\\Proyek 3\\sidora_dosen\\devOps\\vendor\\laravel\\framework\\src\\Illuminate\\Routing\\Router.php(821): Illuminate\\Pipeline\\Pipeline->then(Object(Closure))
#32 D:\\Proyek 3\\sidora_dosen\\devOps\\vendor\\laravel\\framework\\src\\Illuminate\\Routing\\Router.php(800): Illuminate\\Routing\\Router->runRouteWithinStack(Object(Illuminate\\Routing\\Route), Object(Illuminate\\Http\\Request))
#33 D:\\Proyek 3\\sidora_dosen\\devOps\\vendor\\laravel\\framework\\src\\Illuminate\\Routing\\Router.php(764): Illuminate\\Routing\\Router->runRoute(Object(Illuminate\\Http\\Request), Object(Illuminate\\Routing\\Route))
#34 D:\\Proyek 3\\sidora_dosen\\devOps\\vendor\\laravel\\framework\\src\\Illuminate\\Routing\\Router.php(753): Illuminate\\Routing\\Router->dispatchToRoute(Object(Illuminate\\Http\\Request))
#35 D:\\Proyek 3\\sidora_dosen\\devOps\\vendor\\laravel\\framework\\src\\Illuminate\\Foundation\\Http\\Kernel.php(200): Illuminate\\Routing\\Router->dispatch(Object(Illuminate\\Http\\Request))
#36 D:\\Proyek 3\\sidora_dosen\\devOps\\vendor\\laravel\\framework\\src\\Illuminate\\Pipeline\\Pipeline.php(180): Illuminate\\Foundation\\Http\\Kernel->Illuminate\\Foundation\\Http\\{closure}(Object(Illuminate\\Http\\Request))
#37 D:\\Proyek 3\\sidora_dosen\\devOps\\vendor\\laravel\\framework\\src\\Illuminate\\Foundation\\Http\\Middleware\\TransformsRequest.php(21): Illuminate\\Pipeline\\Pipeline->Illuminate\\Pipeline\\{closure}(Object(Illuminate\\Http\\Request))
#38 D:\\Proyek 3\\sidora_dosen\\devOps\\vendor\\laravel\\framework\\src\\Illuminate\\Foundation\\Http\\Middleware\\ConvertEmptyStringsToNull.php(31): Illuminate\\Foundation\\Http\\Middleware\\TransformsRequest->handle(Object(Illuminate\\Http\\Request), Object(Closure))
#39 D:\\Proyek 3\\sidora_dosen\\devOps\\vendor\\laravel\\framework\\src\\Illuminate\\Pipeline\\Pipeline.php(219): Illuminate\\Foundation\\Http\\Middleware\\ConvertEmptyStringsToNull->handle(Object(Illuminate\\Http\\Request), Object(Closure))
#40 D:\\Proyek 3\\sidora_dosen\\devOps\\vendor\\laravel\\framework\\src\\Illuminate\\Foundation\\Http\\Middleware\\TransformsRequest.php(21): Illuminate\\Pipeline\\Pipeline->Illuminate\\Pipeline\\{closure}(Object(Illuminate\\Http\\Request))
#41 D:\\Proyek 3\\sidora_dosen\\devOps\\vendor\\laravel\\framework\\src\\Illuminate\\Foundation\\Http\\Middleware\\TrimStrings.php(51): Illuminate\\Foundation\\Http\\Middleware\\TransformsRequest->handle(Object(Illuminate\\Http\\Request), Object(Closure))
#42 D:\\Proyek 3\\sidora_dosen\\devOps\\vendor\\laravel\\framework\\src\\Illuminate\\Pipeline\\Pipeline.php(219): Illuminate\\Foundation\\Http\\Middleware\\TrimStrings->handle(Object(Illuminate\\Http\\Request), Object(Closure))
#43 D:\\Proyek 3\\sidora_dosen\\devOps\\vendor\\laravel\\framework\\src\\Illuminate\\Http\\Middleware\\ValidatePostSize.php(27): Illuminate\\Pipeline\\Pipeline->Illuminate\\Pipeline\\{closure}(Object(Illuminate\\Http\\Request))
#44 D:\\Proyek 3\\sidora_dosen\\devOps\\vendor\\laravel\\framework\\src\\Illuminate\\Pipeline\\Pipeline.php(219): Illuminate\\Http\\Middleware\\ValidatePostSize->handle(Object(Illuminate\\Http\\Request), Object(Closure))
#45 D:\\Proyek 3\\sidora_dosen\\devOps\\vendor\\laravel\\framework\\src\\Illuminate\\Foundation\\Http\\Middleware\\PreventRequestsDuringMaintenance.php(109): Illuminate\\Pipeline\\Pipeline->Illuminate\\Pipeline\\{closure}(Object(Illuminate\\Http\\Request))
#46 D:\\Proyek 3\\sidora_dosen\\devOps\\vendor\\laravel\\framework\\src\\Illuminate\\Pipeline\\Pipeline.php(219): Illuminate\\Foundation\\Http\\Middleware\\PreventRequestsDuringMaintenance->handle(Object(Illuminate\\Http\\Request), Object(Closure))
#47 D:\\Proyek 3\\sidora_dosen\\devOps\\vendor\\laravel\\framework\\src\\Illuminate\\Http\\Middleware\\HandleCors.php(48): Illuminate\\Pipeline\\Pipeline->Illuminate\\Pipeline\\{closure}(Object(Illuminate\\Http\\Request))
#48 D:\\Proyek 3\\sidora_dosen\\devOps\\vendor\\laravel\\framework\\src\\Illuminate\\Pipeline\\Pipeline.php(219): Illuminate\\Http\\Middleware\\HandleCors->handle(Object(Illuminate\\Http\\Request), Object(Closure))
#49 D:\\Proyek 3\\sidora_dosen\\devOps\\vendor\\laravel\\framework\\src\\Illuminate\\Http\\Middleware\\TrustProxies.php(58): Illuminate\\Pipeline\\Pipeline->Illuminate\\Pipeline\\{closure}(Object(Illuminate\\Http\\Request))
#50 D:\\Proyek 3\\sidora_dosen\\devOps\\vendor\\laravel\\framework\\src\\Illuminate\\Pipeline\\Pipeline.php(219): Illuminate\\Http\\Middleware\\TrustProxies->handle(Object(Illuminate\\Http\\Request), Object(Closure))
#51 D:\\Proyek 3\\sidora_dosen\\devOps\\vendor\\laravel\\framework\\src\\Illuminate\\Foundation\\Http\\Middleware\\InvokeDeferredCallbacks.php(22): Illuminate\\Pipeline\\Pipeline->Illuminate\\Pipeline\\{closure}(Object(Illuminate\\Http\\Request))
#52 D:\\Proyek 3\\sidora_dosen\\devOps\\vendor\\laravel\\framework\\src\\Illuminate\\Pipeline\\Pipeline.php(219): Illuminate\\Foundation\\Http\\Middleware\\InvokeDeferredCallbacks->handle(Object(Illuminate\\Http\\Request), Object(Closure))
#53 D:\\Proyek 3\\sidora_dosen\\devOps\\vendor\\laravel\\framework\\src\\Illuminate\\Http\\Middleware\\ValidatePathEncoding.php(26): Illuminate\\Pipeline\\Pipeline->Illuminate\\Pipeline\\{closure}(Object(Illuminate\\Http\\Request))
#54 D:\\Proyek 3\\sidora_dosen\\devOps\\vendor\\laravel\\framework\\src\\Illuminate\\Pipeline\\Pipeline.php(219): Illuminate\\Http\\Middleware\\ValidatePathEncoding->handle(Object(Illuminate\\Http\\Request), Object(Closure))
#55 D:\\Proyek 3\\sidora_dosen\\devOps\\vendor\\laravel\\framework\\src\\Illuminate\\Pipeline\\Pipeline.php(137): Illuminate\\Pipeline\\Pipeline->Illuminate\\Pipeline\\{closure}(Object(Illuminate\\Http\\Request))
#56 D:\\Proyek 3\\sidora_dosen\\devOps\\vendor\\laravel\\framework\\src\\Illuminate\\Foundation\\Http\\Kernel.php(175): Illuminate\\Pipeline\\Pipeline->then(Object(Closure))
#57 D:\\Proyek 3\\sidora_dosen\\devOps\\vendor\\laravel\\framework\\src\\Illuminate\\Foundation\\Http\\Kernel.php(144): Illuminate\\Foundation\\Http\\Kernel->sendRequestThroughRouter(Object(Illuminate\\Http\\Request))
#58 D:\\Proyek 3\\sidora_dosen\\devOps\\vendor\\laravel\\framework\\src\\Illuminate\\Foundation\\Application.php(1220): Illuminate\\Foundation\\Http\\Kernel->handle(Object(Illuminate\\Http\\Request))
#59 D:\\Proyek 3\\sidora_dosen\\devOps\\public\\index.php(20): Illuminate\\Foundation\\Application->handleRequest(Object(Illuminate\\Http\\Request))
#60 D:\\Proyek 3\\sidora_dosen\\devOps\\vendor\\laravel\\framework\\src\\Illuminate\\Foundation\\resources\\server.php(23): require_once('D:\\\\Proyek 3\\\\sid...')
#61 {main}
"} 
[2025-11-26 11:44:25] local.ERROR: PDDikti Search Error: Server error: `GET https://pddikti.kemdikbud.go.id/search?q=Ade%20Candra&jenis=dosen` resulted in a `503 Service Unavailable` response:
<!DOCTYPE HTML PUBLIC "-//W3C//DTD HTML 4.01 Transitional//EN" "http://www.w3c.org/TR/1999/REC-html401-19991224/loose.dt (truncated...)
  
[2025-11-26 11:44:31] local.ERROR: PDDikti Search Error: Server error: `GET https://pddikti.kemdikbud.go.id/search?q=Ade%20Candra%20Nugraha&jenis=dosen` resulted in a `503 Service Unavailable` response:
<!DOCTYPE HTML PUBLIC "-//W3C//DTD HTML 4.01 Transitional//EN" "http://www.w3c.org/TR/1999/REC-html401-19991224/loose.dt (truncated...)
  
[2025-11-26 11:44:49] local.ERROR: PDDikti Search Error: Server error: `GET https://pddikti.kemdikbud.go.id/search?q=ADE%20CHANDRA%20NUGRAHA&jenis=dosen` resulted in a `503 Service Unavailable` response:
<!DOCTYPE HTML PUBLIC "-//W3C//DTD HTML 4.01 Transitional//EN" "http://www.w3c.org/TR/1999/REC-html401-19991224/loose.dt (truncated...)
  
[2025-11-26 11:45:23] local.ERROR: PDDikti Search Error: Server error: `GET https://pddikti.kemdikbud.go.id/search?q=Ade%20Chandra%20Nugraha&jenis=dosen` resulted in a `503 Service Unavailable` response:
<!DOCTYPE HTML PUBLIC "-//W3C//DTD HTML 4.01 Transitional//EN" "http://www.w3c.org/TR/1999/REC-html401-19991224/loose.dt (truncated...)
  
[2025-11-26 12:09:27] local.ERROR: Search via web error: Server error: `GET https://pddikti.kemdikbud.go.id/search?q=Ade%20Chandra%20Nugraha&jenis=dosen` resulted in a `503 Service Unavailable` response:
<!DOCTYPE HTML PUBLIC "-//W3C//DTD HTML 4.01 Transitional//EN" "http://www.w3c.org/TR/1999/REC-html401-19991224/loose.dt (truncated...)
  
[2025-11-26 12:09:27] local.WARNING: PDDikti: No results found for: Ade Chandra Nugraha  
[2025-11-26 12:09:45] local.ERROR: Search via web error: Server error: `GET https://pddikti.kemdikbud.go.id/search?q=ADE%20CHANDRA%20NUGRAHA&jenis=dosen` resulted in a `503 Service Unavailable` response:
<!DOCTYPE HTML PUBLIC "-//W3C//DTD HTML 4.01 Transitional//EN" "http://www.w3c.org/TR/1999/REC-html401-19991224/loose.dt (truncated...)
  
[2025-11-26 12:09:45] local.WARNING: PDDikti: No results found for: ADE CHANDRA NUGRAHA  
[2025-11-29 07:08:15] local.WARNING: File check failed for dokumen/dosen/69295097d256f_T15_2X_3 Digit NIM Terakhir_2025_v1.0.docx: Unable to check existence for: dokumen/dosen/69295097d256f_T15_2X_3 Digit NIM Terakhir_2025_v1.0.docx  
[2025-11-29 07:09:10] local.WARNING: File check failed for dokumen/dosen/69295097d256f_T15_2X_3 Digit NIM Terakhir_2025_v1.0.docx: Unable to check existence for: dokumen/dosen/69295097d256f_T15_2X_3 Digit NIM Terakhir_2025_v1.0.docx  
[2025-11-29 08:51:02] local.WARNING: File check failed for dokumen/dosen/69285c9a0cc88_sd-OC2 – markAsBoarded(passenger).drawio.png: Unable to check existence for: dokumen/dosen/69285c9a0cc88_sd-OC2 – markAsBoarded(passenger).drawio.png  
[2025-11-29 09:02:53] local.WARNING: File check failed for dokumen/dosen/69285c9a0cc88_sd-OC2 – markAsBoarded(passenger).drawio.png: Unable to check existence for: dokumen/dosen/69285c9a0cc88_sd-OC2 – markAsBoarded(passenger).drawio.png  
[2025-11-29 09:03:08] local.WARNING: File check failed for dokumen/dosen/69285c9a0cc88_sd-OC2 – markAsBoarded(passenger).drawio.png: Unable to check existence for: dokumen/dosen/69285c9a0cc88_sd-OC2 – markAsBoarded(passenger).drawio.png  
[2025-11-29 09:08:16] local.WARNING: File check failed for dokumen/dosen/69285c9a0cc88_sd-OC2 – markAsBoarded(passenger).drawio.png: Unable to check existence for: dokumen/dosen/69285c9a0cc88_sd-OC2 – markAsBoarded(passenger).drawio.png  
[2025-11-29 09:08:31] local.WARNING: File check failed for dokumen/dosen/69285c9a0cc88_sd-OC2 – markAsBoarded(passenger).drawio.png: Unable to check existence for: dokumen/dosen/69285c9a0cc88_sd-OC2 – markAsBoarded(passenger).drawio.png  
[2025-11-29 09:09:59] local.WARNING: File check failed for dokumen-uploads/20251128223437-eHIv81-2c-241511079-ibnu-hilmi-athaillah-latihan15.pdf: Unable to check existence for: dokumen-uploads/20251128223437-eHIv81-2c-241511079-ibnu-hilmi-athaillah-latihan15.pdf  
[2025-11-29 09:10:13] local.ERROR: Unable to check existence for: dokumen-uploads/20251128223437-eHIv81-2c-241511079-ibnu-hilmi-athaillah-latihan15.pdf (View: C:\xampp\htdocs\devOps\resources\views\tu\detail-dokumen.blade.php) {"userId":8,"exception":"[object] (Illuminate\\View\\ViewException(code: 0): Unable to check existence for: dokumen-uploads/20251128223437-eHIv81-2c-241511079-ibnu-hilmi-athaillah-latihan15.pdf (View: C:\\xampp\\htdocs\\devOps\\resources\\views\\tu\\detail-dokumen.blade.php) at C:\\xampp\\htdocs\\devOps\\vendor\\league\\flysystem\\src\\UnableToCheckExistence.php:19)
[stacktrace]
#0 C:\\xampp\\htdocs\\devOps\\vendor\\laravel\\framework\\src\\Illuminate\\View\\Engines\\PhpEngine.php(59): Illuminate\\View\\Engines\\CompilerEngine->handleViewException(Object(League\\Flysystem\\UnableToCheckDirectoryExistence), 1)
#1 C:\\xampp\\htdocs\\devOps\\vendor\\laravel\\framework\\src\\Illuminate\\View\\Engines\\CompilerEngine.php(76): Illuminate\\View\\Engines\\PhpEngine->evaluatePath('C:\\\\xampp\\\\htdocs...', Array)
#2 C:\\xampp\\htdocs\\devOps\\vendor\\laravel\\framework\\src\\Illuminate\\View\\View.php(208): Illuminate\\View\\Engines\\CompilerEngine->get('C:\\\\xampp\\\\htdocs...', Array)
#3 C:\\xampp\\htdocs\\devOps\\vendor\\laravel\\framework\\src\\Illuminate\\View\\View.php(191): Illuminate\\View\\View->getContents()
#4 C:\\xampp\\htdocs\\devOps\\vendor\\laravel\\framework\\src\\Illuminate\\View\\View.php(160): Illuminate\\View\\View->renderContents()
#5 C:\\xampp\\htdocs\\devOps\\vendor\\laravel\\framework\\src\\Illuminate\\Http\\Response.php(78): Illuminate\\View\\View->render()
#6 C:\\xampp\\htdocs\\devOps\\vendor\\laravel\\framework\\src\\Illuminate\\Http\\Response.php(34): Illuminate\\Http\\Response->setContent(Object(Illuminate\\View\\View))
#7 C:\\xampp\\htdocs\\devOps\\vendor\\laravel\\framework\\src\\Illuminate\\Routing\\Router.php(939): Illuminate\\Http\\Response->__construct(Object(Illuminate\\View\\View), 200, Array)
#8 C:\\xampp\\htdocs\\devOps\\vendor\\laravel\\framework\\src\\Illuminate\\Routing\\Router.php(906): Illuminate\\Routing\\Router::toResponse(Object(Illuminate\\Http\\Request), Object(Illuminate\\View\\View))
#9 C:\\xampp\\htdocs\\devOps\\vendor\\laravel\\framework\\src\\Illuminate\\Routing\\Router.php(821): Illuminate\\Routing\\Router->prepareResponse(Object(Illuminate\\Http\\Request), Object(Illuminate\\View\\View))
#10 C:\\xampp\\htdocs\\devOps\\vendor\\laravel\\framework\\src\\Illuminate\\Pipeline\\Pipeline.php(180): Illuminate\\Routing\\Router->Illuminate\\Routing\\{closure}(Object(Illuminate\\Http\\Request))
#11 C:\\xampp\\htdocs\\devOps\\app\\Http\\Middleware\\CheckRole.php(34): Illuminate\\Pipeline\\Pipeline->Illuminate\\Pipeline\\{closure}(Object(Illuminate\\Http\\Request))
#12 C:\\xampp\\htdocs\\devOps\\vendor\\laravel\\framework\\src\\Illuminate\\Pipeline\\Pipeline.php(219): App\\Http\\Middleware\\CheckRole->handle(Object(Illuminate\\Http\\Request), Object(Closure), 'tu')
#13 C:\\xampp\\htdocs\\devOps\\vendor\\laravel\\framework\\src\\Illuminate\\Foundation\\Http\\Middleware\\VerifyCsrfToken.php(87): Illuminate\\Pipeline\\Pipeline->Illuminate\\Pipeline\\{closure}(Object(Illuminate\\Http\\Request))
#14 C:\\xampp\\htdocs\\devOps\\vendor\\laravel\\framework\\src\\Illuminate\\Pipeline\\Pipeline.php(219): Illuminate\\Foundation\\Http\\Middleware\\VerifyCsrfToken->handle(Object(Illuminate\\Http\\Request), Object(Closure))
#15 C:\\xampp\\htdocs\\devOps\\vendor\\laravel\\framework\\src\\Illuminate\\Routing\\Middleware\\SubstituteBindings.php(50): Illuminate\\Pipeline\\Pipeline->Illuminate\\Pipeline\\{closure}(Object(Illuminate\\Http\\Request))
#16 C:\\xampp\\htdocs\\devOps\\vendor\\laravel\\framework\\src\\Illuminate\\Pipeline\\Pipeline.php(219): Illuminate\\Routing\\Middleware\\SubstituteBindings->handle(Object(Illuminate\\Http\\Request), Object(Closure))
#17 C:\\xampp\\htdocs\\devOps\\vendor\\laravel\\framework\\src\\Illuminate\\Session\\Middleware\\AuthenticateSession.php(66): Illuminate\\Pipeline\\Pipeline->Illuminate\\Pipeline\\{closure}(Object(Illuminate\\Http\\Request))
#18 C:\\xampp\\htdocs\\devOps\\vendor\\laravel\\framework\\src\\Illuminate\\Pipeline\\Pipeline.php(219): Illuminate\\Session\\Middleware\\AuthenticateSession->handle(Object(Illuminate\\Http\\Request), Object(Closure))
#19 C:\\xampp\\htdocs\\devOps\\vendor\\laravel\\framework\\src\\Illuminate\\Auth\\Middleware\\Authenticate.php(63): Illuminate\\Pipeline\\Pipeline->Illuminate\\Pipeline\\{closure}(Object(Illuminate\\Http\\Request))
#20 C:\\xampp\\htdocs\\devOps\\vendor\\laravel\\framework\\src\\Illuminate\\Pipeline\\Pipeline.php(219): Illuminate\\Auth\\Middleware\\Authenticate->handle(Object(Illuminate\\Http\\Request), Object(Closure))
#21 C:\\xampp\\htdocs\\devOps\\vendor\\laravel\\framework\\src\\Illuminate\\Foundation\\Http\\Middleware\\VerifyCsrfToken.php(87): Illuminate\\Pipeline\\Pipeline->Illuminate\\Pipeline\\{closure}(Object(Illuminate\\Http\\Request))
#22 C:\\xampp\\htdocs\\devOps\\vendor\\laravel\\framework\\src\\Illuminate\\Pipeline\\Pipeline.php(219): Illuminate\\Foundation\\Http\\Middleware\\VerifyCsrfToken->handle(Object(Illuminate\\Http\\Request), Object(Closure))
#23 C:\\xampp\\htdocs\\devOps\\vendor\\laravel\\framework\\src\\Illuminate\\View\\Middleware\\ShareErrorsFromSession.php(48): Illuminate\\Pipeline\\Pipeline->Illuminate\\Pipeline\\{closure}(Object(Illuminate\\Http\\Request))
#24 C:\\xampp\\htdocs\\devOps\\vendor\\laravel\\framework\\src\\Illuminate\\Pipeline\\Pipeline.php(219): Illuminate\\View\\Middleware\\ShareErrorsFromSession->handle(Object(Illuminate\\Http\\Request), Object(Closure))
#25 C:\\xampp\\htdocs\\devOps\\vendor\\laravel\\framework\\src\\Illuminate\\Session\\Middleware\\StartSession.php(120): Illuminate\\Pipeline\\Pipeline->Illuminate\\Pipeline\\{closure}(Object(Illuminate\\Http\\Request))
#26 C:\\xampp\\htdocs\\devOps\\vendor\\laravel\\framework\\src\\Illuminate\\Session\\Middleware\\StartSession.php(63): Illuminate\\Session\\Middleware\\StartSession->handleStatefulRequest(Object(Illuminate\\Http\\Request), Object(Illuminate\\Session\\Store), Object(Closure))
#27 C:\\xampp\\htdocs\\devOps\\vendor\\laravel\\framework\\src\\Illuminate\\Pipeline\\Pipeline.php(219): Illuminate\\Session\\Middleware\\StartSession->handle(Object(Illuminate\\Http\\Request), Object(Closure))
#28 C:\\xampp\\htdocs\\devOps\\vendor\\laravel\\framework\\src\\Illuminate\\Cookie\\Middleware\\AddQueuedCookiesToResponse.php(36): Illuminate\\Pipeline\\Pipeline->Illuminate\\Pipeline\\{closure}(Object(Illuminate\\Http\\Request))
#29 C:\\xampp\\htdocs\\devOps\\vendor\\laravel\\framework\\src\\Illuminate\\Pipeline\\Pipeline.php(219): Illuminate\\Cookie\\Middleware\\AddQueuedCookiesToResponse->handle(Object(Illuminate\\Http\\Request), Object(Closure))
#30 C:\\xampp\\htdocs\\devOps\\vendor\\laravel\\framework\\src\\Illuminate\\Cookie\\Middleware\\EncryptCookies.php(74): Illuminate\\Pipeline\\Pipeline->Illuminate\\Pipeline\\{closure}(Object(Illuminate\\Http\\Request))
#31 C:\\xampp\\htdocs\\devOps\\vendor\\laravel\\framework\\src\\Illuminate\\Pipeline\\Pipeline.php(219): Illuminate\\Cookie\\Middleware\\EncryptCookies->handle(Object(Illuminate\\Http\\Request), Object(Closure))
#32 C:\\xampp\\htdocs\\devOps\\vendor\\laravel\\framework\\src\\Illuminate\\Pipeline\\Pipeline.php(137): Illuminate\\Pipeline\\Pipeline->Illuminate\\Pipeline\\{closure}(Object(Illuminate\\Http\\Request))
#33 C:\\xampp\\htdocs\\devOps\\vendor\\laravel\\framework\\src\\Illuminate\\Routing\\Router.php(821): Illuminate\\Pipeline\\Pipeline->then(Object(Closure))
#34 C:\\xampp\\htdocs\\devOps\\vendor\\laravel\\framework\\src\\Illuminate\\Routing\\Router.php(800): Illuminate\\Routing\\Router->runRouteWithinStack(Object(Illuminate\\Routing\\Route), Object(Illuminate\\Http\\Request))
#35 C:\\xampp\\htdocs\\devOps\\vendor\\laravel\\framework\\src\\Illuminate\\Routing\\Router.php(764): Illuminate\\Routing\\Router->runRoute(Object(Illuminate\\Http\\Request), Object(Illuminate\\Routing\\Route))
#36 C:\\xampp\\htdocs\\devOps\\vendor\\laravel\\framework\\src\\Illuminate\\Routing\\Router.php(753): Illuminate\\Routing\\Router->dispatchToRoute(Object(Illuminate\\Http\\Request))
#37 C:\\xampp\\htdocs\\devOps\\vendor\\laravel\\framework\\src\\Illuminate\\Foundation\\Http\\Kernel.php(200): Illuminate\\Routing\\Router->dispatch(Object(Illuminate\\Http\\Request))
#38 C:\\xampp\\htdocs\\devOps\\vendor\\laravel\\framework\\src\\Illuminate\\Pipeline\\Pipeline.php(180): Illuminate\\Foundation\\Http\\Kernel->Illuminate\\Foundation\\Http\\{closure}(Object(Illuminate\\Http\\Request))
#39 C:\\xampp\\htdocs\\devOps\\vendor\\laravel\\framework\\src\\Illuminate\\Foundation\\Http\\Middleware\\TransformsRequest.php(21): Illuminate\\Pipeline\\Pipeline->Illuminate\\Pipeline\\{closure}(Object(Illuminate\\Http\\Request))
#40 C:\\xampp\\htdocs\\devOps\\vendor\\laravel\\framework\\src\\Illuminate\\Foundation\\Http\\Middleware\\ConvertEmptyStringsToNull.php(31): Illuminate\\Foundation\\Http\\Middleware\\TransformsRequest->handle(Object(Illuminate\\Http\\Request), Object(Closure))
#41 C:\\xampp\\htdocs\\devOps\\vendor\\laravel\\framework\\src\\Illuminate\\Pipeline\\Pipeline.php(219): Illuminate\\Foundation\\Http\\Middleware\\ConvertEmptyStringsToNull->handle(Object(Illuminate\\Http\\Request), Object(Closure))
#42 C:\\xampp\\htdocs\\devOps\\vendor\\laravel\\framework\\src\\Illuminate\\Foundation\\Http\\Middleware\\TransformsRequest.php(21): Illuminate\\Pipeline\\Pipeline->Illuminate\\Pipeline\\{closure}(Object(Illuminate\\Http\\Request))
#43 C:\\xampp\\htdocs\\devOps\\vendor\\laravel\\framework\\src\\Illuminate\\Foundation\\Http\\Middleware\\TrimStrings.php(51): Illuminate\\Foundation\\Http\\Middleware\\TransformsRequest->handle(Object(Illuminate\\Http\\Request), Object(Closure))
#44 C:\\xampp\\htdocs\\devOps\\vendor\\laravel\\framework\\src\\Illuminate\\Pipeline\\Pipeline.php(219): Illuminate\\Foundation\\Http\\Middleware\\TrimStrings->handle(Object(Illuminate\\Http\\Request), Object(Closure))
#45 C:\\xampp\\htdocs\\devOps\\vendor\\laravel\\framework\\src\\Illuminate\\Http\\Middleware\\ValidatePostSize.php(27): Illuminate\\Pipeline\\Pipeline->Illuminate\\Pipeline\\{closure}(Object(Illuminate\\Http\\Request))
#46 C:\\xampp\\htdocs\\devOps\\vendor\\laravel\\framework\\src\\Illuminate\\Pipeline\\Pipeline.php(219): Illuminate\\Http\\Middleware\\ValidatePostSize->handle(Object(Illuminate\\Http\\Request), Object(Closure))
#47 C:\\xampp\\htdocs\\devOps\\vendor\\laravel\\framework\\src\\Illuminate\\Foundation\\Http\\Middleware\\PreventRequestsDuringMaintenance.php(109): Illuminate\\Pipeline\\Pipeline->Illuminate\\Pipeline\\{closure}(Object(Illuminate\\Http\\Request))
#48 C:\\xampp\\htdocs\\devOps\\vendor\\laravel\\framework\\src\\Illuminate\\Pipeline\\Pipeline.php(219): Illuminate\\Foundation\\Http\\Middleware\\PreventRequestsDuringMaintenance->handle(Object(Illuminate\\Http\\Request), Object(Closure))
#49 C:\\xampp\\htdocs\\devOps\\vendor\\laravel\\framework\\src\\Illuminate\\Http\\Middleware\\HandleCors.php(48): Illuminate\\Pipeline\\Pipeline->Illuminate\\Pipeline\\{closure}(Object(Illuminate\\Http\\Request))
#50 C:\\xampp\\htdocs\\devOps\\vendor\\laravel\\framework\\src\\Illuminate\\Pipeline\\Pipeline.php(219): Illuminate\\Http\\Middleware\\HandleCors->handle(Object(Illuminate\\Http\\Request), Object(Closure))
#51 C:\\xampp\\htdocs\\devOps\\vendor\\laravel\\framework\\src\\Illuminate\\Http\\Middleware\\TrustProxies.php(58): Illuminate\\Pipeline\\Pipeline->Illuminate\\Pipeline\\{closure}(Object(Illuminate\\Http\\Request))
#52 C:\\xampp\\htdocs\\devOps\\vendor\\laravel\\framework\\src\\Illuminate\\Pipeline\\Pipeline.php(219): Illuminate\\Http\\Middleware\\TrustProxies->handle(Object(Illuminate\\Http\\Request), Object(Closure))
#53 C:\\xampp\\htdocs\\devOps\\vendor\\laravel\\framework\\src\\Illuminate\\Foundation\\Http\\Middleware\\InvokeDeferredCallbacks.php(22): Illuminate\\Pipeline\\Pipeline->Illuminate\\Pipeline\\{closure}(Object(Illuminate\\Http\\Request))
#54 C:\\xampp\\htdocs\\devOps\\vendor\\laravel\\framework\\src\\Illuminate\\Pipeline\\Pipeline.php(219): Illuminate\\Foundation\\Http\\Middleware\\InvokeDeferredCallbacks->handle(Object(Illuminate\\Http\\Request), Object(Closure))
#55 C:\\xampp\\htdocs\\devOps\\vendor\\laravel\\framework\\src\\Illuminate\\Http\\Middleware\\ValidatePathEncoding.php(26): Illuminate\\Pipeline\\Pipeline->Illuminate\\Pipeline\\{closure}(Object(Illuminate\\Http\\Request))
#56 C:\\xampp\\htdocs\\devOps\\vendor\\laravel\\framework\\src\\Illuminate\\Pipeline\\Pipeline.php(219): Illuminate\\Http\\Middleware\\ValidatePathEncoding->handle(Object(Illuminate\\Http\\Request), Object(Closure))
#57 C:\\xampp\\htdocs\\devOps\\vendor\\laravel\\framework\\src\\Illuminate\\Pipeline\\Pipeline.php(137): Illuminate\\Pipeline\\Pipeline->Illuminate\\Pipeline\\{closure}(Object(Illuminate\\Http\\Request))
#58 C:\\xampp\\htdocs\\devOps\\vendor\\laravel\\framework\\src\\Illuminate\\Foundation\\Http\\Kernel.php(175): Illuminate\\Pipeline\\Pipeline->then(Object(Closure))
#59 C:\\xampp\\htdocs\\devOps\\vendor\\laravel\\framework\\src\\Illuminate\\Foundation\\Http\\Kernel.php(144): Illuminate\\Foundation\\Http\\Kernel->sendRequestThroughRouter(Object(Illuminate\\Http\\Request))
#60 C:\\xampp\\htdocs\\devOps\\vendor\\laravel\\framework\\src\\Illuminate\\Foundation\\Application.php(1220): Illuminate\\Foundation\\Http\\Kernel->handle(Object(Illuminate\\Http\\Request))
#61 C:\\xampp\\htdocs\\devOps\\public\\index.php(20): Illuminate\\Foundation\\Application->handleRequest(Object(Illuminate\\Http\\Request))
#62 C:\\xampp\\htdocs\\devOps\\vendor\\laravel\\framework\\src\\Illuminate\\Foundation\\resources\\server.php(23): require_once('C:\\\\xampp\\\\htdocs...')
#63 {main}

[previous exception] [object] (League\\Flysystem\\UnableToCheckDirectoryExistence(code: 0): Unable to check existence for: dokumen-uploads/20251128223437-eHIv81-2c-241511079-ibnu-hilmi-athaillah-latihan15.pdf at C:\\xampp\\htdocs\\devOps\\vendor\\league\\flysystem\\src\\UnableToCheckExistence.php:19)
[stacktrace]
#0 C:\\xampp\\htdocs\\devOps\\vendor\\league\\flysystem-aws-s3-v3\\AwsS3V3Adapter.php(144): League\\Flysystem\\UnableToCheckExistence::forLocation('dokumen-uploads...', Object(Aws\\S3\\Exception\\S3Exception))
#1 C:\\xampp\\htdocs\\devOps\\vendor\\league\\flysystem\\src\\Filesystem.php(50): League\\Flysystem\\AwsS3V3\\AwsS3V3Adapter->directoryExists('dokumen-uploads...')
#2 C:\\xampp\\htdocs\\devOps\\vendor\\laravel\\framework\\src\\Illuminate\\Filesystem\\FilesystemAdapter.php(212): League\\Flysystem\\Filesystem->has('dokumen-uploads...')
#3 C:\\xampp\\htdocs\\devOps\\storage\\framework\\views\\f27514b8e288bf2e66a87781375ae928.php(207): Illuminate\\Filesystem\\FilesystemAdapter->exists('dokumen-uploads...')
#4 C:\\xampp\\htdocs\\devOps\\vendor\\laravel\\framework\\src\\Illuminate\\Filesystem\\Filesystem.php(123): require('C:\\\\xampp\\\\htdocs...')
#5 C:\\xampp\\htdocs\\devOps\\vendor\\laravel\\framework\\src\\Illuminate\\Filesystem\\Filesystem.php(124): Illuminate\\Filesystem\\Filesystem::Illuminate\\Filesystem\\{closure}()
#6 C:\\xampp\\htdocs\\devOps\\vendor\\laravel\\framework\\src\\Illuminate\\View\\Engines\\PhpEngine.php(57): Illuminate\\Filesystem\\Filesystem->getRequire('C:\\\\xampp\\\\htdocs...', Array)
#7 C:\\xampp\\htdocs\\devOps\\vendor\\laravel\\framework\\src\\Illuminate\\View\\Engines\\CompilerEngine.php(76): Illuminate\\View\\Engines\\PhpEngine->evaluatePath('C:\\\\xampp\\\\htdocs...', Array)
#8 C:\\xampp\\htdocs\\devOps\\vendor\\laravel\\framework\\src\\Illuminate\\View\\View.php(208): Illuminate\\View\\Engines\\CompilerEngine->get('C:\\\\xampp\\\\htdocs...', Array)
#9 C:\\xampp\\htdocs\\devOps\\vendor\\laravel\\framework\\src\\Illuminate\\View\\View.php(191): Illuminate\\View\\View->getContents()
#10 C:\\xampp\\htdocs\\devOps\\vendor\\laravel\\framework\\src\\Illuminate\\View\\View.php(160): Illuminate\\View\\View->renderContents()
#11 C:\\xampp\\htdocs\\devOps\\vendor\\laravel\\framework\\src\\Illuminate\\Http\\Response.php(78): Illuminate\\View\\View->render()
#12 C:\\xampp\\htdocs\\devOps\\vendor\\laravel\\framework\\src\\Illuminate\\Http\\Response.php(34): Illuminate\\Http\\Response->setContent(Object(Illuminate\\View\\View))
#13 C:\\xampp\\htdocs\\devOps\\vendor\\laravel\\framework\\src\\Illuminate\\Routing\\Router.php(939): Illuminate\\Http\\Response->__construct(Object(Illuminate\\View\\View), 200, Array)
#14 C:\\xampp\\htdocs\\devOps\\vendor\\laravel\\framework\\src\\Illuminate\\Routing\\Router.php(906): Illuminate\\Routing\\Router::toResponse(Object(Illuminate\\Http\\Request), Object(Illuminate\\View\\View))
#15 C:\\xampp\\htdocs\\devOps\\vendor\\laravel\\framework\\src\\Illuminate\\Routing\\Router.php(821): Illuminate\\Routing\\Router->prepareResponse(Object(Illuminate\\Http\\Request), Object(Illuminate\\View\\View))
#16 C:\\xampp\\htdocs\\devOps\\vendor\\laravel\\framework\\src\\Illuminate\\Pipeline\\Pipeline.php(180): Illuminate\\Routing\\Router->Illuminate\\Routing\\{closure}(Object(Illuminate\\Http\\Request))
#17 C:\\xampp\\htdocs\\devOps\\app\\Http\\Middleware\\CheckRole.php(34): Illuminate\\Pipeline\\Pipeline->Illuminate\\Pipeline\\{closure}(Object(Illuminate\\Http\\Request))
#18 C:\\xampp\\htdocs\\devOps\\vendor\\laravel\\framework\\src\\Illuminate\\Pipeline\\Pipeline.php(219): App\\Http\\Middleware\\CheckRole->handle(Object(Illuminate\\Http\\Request), Object(Closure), 'tu')
#19 C:\\xampp\\htdocs\\devOps\\vendor\\laravel\\framework\\src\\Illuminate\\Foundation\\Http\\Middleware\\VerifyCsrfToken.php(87): Illuminate\\Pipeline\\Pipeline->Illuminate\\Pipeline\\{closure}(Object(Illuminate\\Http\\Request))
#20 C:\\xampp\\htdocs\\devOps\\vendor\\laravel\\framework\\src\\Illuminate\\Pipeline\\Pipeline.php(219): Illuminate\\Foundation\\Http\\Middleware\\VerifyCsrfToken->handle(Object(Illuminate\\Http\\Request), Object(Closure))
#21 C:\\xampp\\htdocs\\devOps\\vendor\\laravel\\framework\\src\\Illuminate\\Routing\\Middleware\\SubstituteBindings.php(50): Illuminate\\Pipeline\\Pipeline->Illuminate\\Pipeline\\{closure}(Object(Illuminate\\Http\\Request))
#22 C:\\xampp\\htdocs\\devOps\\vendor\\laravel\\framework\\src\\Illuminate\\Pipeline\\Pipeline.php(219): Illuminate\\Routing\\Middleware\\SubstituteBindings->handle(Object(Illuminate\\Http\\Request), Object(Closure))
#23 C:\\xampp\\htdocs\\devOps\\vendor\\laravel\\framework\\src\\Illuminate\\Session\\Middleware\\AuthenticateSession.php(66): Illuminate\\Pipeline\\Pipeline->Illuminate\\Pipeline\\{closure}(Object(Illuminate\\Http\\Request))
#24 C:\\xampp\\htdocs\\devOps\\vendor\\laravel\\framework\\src\\Illuminate\\Pipeline\\Pipeline.php(219): Illuminate\\Session\\Middleware\\AuthenticateSession->handle(Object(Illuminate\\Http\\Request), Object(Closure))
#25 C:\\xampp\\htdocs\\devOps\\vendor\\laravel\\framework\\src\\Illuminate\\Auth\\Middleware\\Authenticate.php(63): Illuminate\\Pipeline\\Pipeline->Illuminate\\Pipeline\\{closure}(Object(Illuminate\\Http\\Request))
#26 C:\\xampp\\htdocs\\devOps\\vendor\\laravel\\framework\\src\\Illuminate\\Pipeline\\Pipeline.php(219): Illuminate\\Auth\\Middleware\\Authenticate->handle(Object(Illuminate\\Http\\Request), Object(Closure))
#27 C:\\xampp\\htdocs\\devOps\\vendor\\laravel\\framework\\src\\Illuminate\\Foundation\\Http\\Middleware\\VerifyCsrfToken.php(87): Illuminate\\Pipeline\\Pipeline->Illuminate\\Pipeline\\{closure}(Object(Illuminate\\Http\\Request))
#28 C:\\xampp\\htdocs\\devOps\\vendor\\laravel\\framework\\src\\Illuminate\\Pipeline\\Pipeline.php(219): Illuminate\\Foundation\\Http\\Middleware\\VerifyCsrfToken->handle(Object(Illuminate\\Http\\Request), Object(Closure))
#29 C:\\xampp\\htdocs\\devOps\\vendor\\laravel\\framework\\src\\Illuminate\\View\\Middleware\\ShareErrorsFromSession.php(48): Illuminate\\Pipeline\\Pipeline->Illuminate\\Pipeline\\{closure}(Object(Illuminate\\Http\\Request))
#30 C:\\xampp\\htdocs\\devOps\\vendor\\laravel\\framework\\src\\Illuminate\\Pipeline\\Pipeline.php(219): Illuminate\\View\\Middleware\\ShareErrorsFromSession->handle(Object(Illuminate\\Http\\Request), Object(Closure))
#31 C:\\xampp\\htdocs\\devOps\\vendor\\laravel\\framework\\src\\Illuminate\\Session\\Middleware\\StartSession.php(120): Illuminate\\Pipeline\\Pipeline->Illuminate\\Pipeline\\{closure}(Object(Illuminate\\Http\\Request))
#32 C:\\xampp\\htdocs\\devOps\\vendor\\laravel\\framework\\src\\Illuminate\\Session\\Middleware\\StartSession.php(63): Illuminate\\Session\\Middleware\\StartSession->handleStatefulRequest(Object(Illuminate\\Http\\Request), Object(Illuminate\\Session\\Store), Object(Closure))
#33 C:\\xampp\\htdocs\\devOps\\vendor\\laravel\\framework\\src\\Illuminate\\Pipeline\\Pipeline.php(219): Illuminate\\Session\\Middleware\\StartSession->handle(Object(Illuminate\\Http\\Request), Object(Closure))
#34 C:\\xampp\\htdocs\\devOps\\vendor\\laravel\\framework\\src\\Illuminate\\Cookie\\Middleware\\AddQueuedCookiesToResponse.php(36): Illuminate\\Pipeline\\Pipeline->Illuminate\\Pipeline\\{closure}(Object(Illuminate\\Http\\Request))
#35 C:\\xampp\\htdocs\\devOps\\vendor\\laravel\\framework\\src\\Illuminate\\Pipeline\\Pipeline.php(219): Illuminate\\Cookie\\Middleware\\AddQueuedCookiesToResponse->handle(Object(Illuminate\\Http\\Request), Object(Closure))
#36 C:\\xampp\\htdocs\\devOps\\vendor\\laravel\\framework\\src\\Illuminate\\Cookie\\Middleware\\EncryptCookies.php(74): Illuminate\\Pipeline\\Pipeline->Illuminate\\Pipeline\\{closure}(Object(Illuminate\\Http\\Request))
#37 C:\\xampp\\htdocs\\devOps\\vendor\\laravel\\framework\\src\\Illuminate\\Pipeline\\Pipeline.php(219): Illuminate\\Cookie\\Middleware\\EncryptCookies->handle(Object(Illuminate\\Http\\Request), Object(Closure))
#38 C:\\xampp\\htdocs\\devOps\\vendor\\laravel\\framework\\src\\Illuminate\\Pipeline\\Pipeline.php(137): Illuminate\\Pipeline\\Pipeline->Illuminate\\Pipeline\\{closure}(Object(Illuminate\\Http\\Request))
#39 C:\\xampp\\htdocs\\devOps\\vendor\\laravel\\framework\\src\\Illuminate\\Routing\\Router.php(821): Illuminate\\Pipeline\\Pipeline->then(Object(Closure))
#40 C:\\xampp\\htdocs\\devOps\\vendor\\laravel\\framework\\src\\Illuminate\\Routing\\Router.php(800): Illuminate\\Routing\\Router->runRouteWithinStack(Object(Illuminate\\Routing\\Route), Object(Illuminate\\Http\\Request))
#41 C:\\xampp\\htdocs\\devOps\\vendor\\laravel\\framework\\src\\Illuminate\\Routing\\Router.php(764): Illuminate\\Routing\\Router->runRoute(Object(Illuminate\\Http\\Request), Object(Illuminate\\Routing\\Route))
#42 C:\\xampp\\htdocs\\devOps\\vendor\\laravel\\framework\\src\\Illuminate\\Routing\\Router.php(753): Illuminate\\Routing\\Router->dispatchToRoute(Object(Illuminate\\Http\\Request))
#43 C:\\xampp\\htdocs\\devOps\\vendor\\laravel\\framework\\src\\Illuminate\\Foundation\\Http\\Kernel.php(200): Illuminate\\Routing\\Router->dispatch(Object(Illuminate\\Http\\Request))
#44 C:\\xampp\\htdocs\\devOps\\vendor\\laravel\\framework\\src\\Illuminate\\Pipeline\\Pipeline.php(180): Illuminate\\Foundation\\Http\\Kernel->Illuminate\\Foundation\\Http\\{closure}(Object(Illuminate\\Http\\Request))
#45 C:\\xampp\\htdocs\\devOps\\vendor\\laravel\\framework\\src\\Illuminate\\Foundation\\Http\\Middleware\\TransformsRequest.php(21): Illuminate\\Pipeline\\Pipeline->Illuminate\\Pipeline\\{closure}(Object(Illuminate\\Http\\Request))
#46 C:\\xampp\\htdocs\\devOps\\vendor\\laravel\\framework\\src\\Illuminate\\Foundation\\Http\\Middleware\\ConvertEmptyStringsToNull.php(31): Illuminate\\Foundation\\Http\\Middleware\\TransformsRequest->handle(Object(Illuminate\\Http\\Request), Object(Closure))
#47 C:\\xampp\\htdocs\\devOps\\vendor\\laravel\\framework\\src\\Illuminate\\Pipeline\\Pipeline.php(219): Illuminate\\Foundation\\Http\\Middleware\\ConvertEmptyStringsToNull->handle(Object(Illuminate\\Http\\Request), Object(Closure))
#48 C:\\xampp\\htdocs\\devOps\\vendor\\laravel\\framework\\src\\Illuminate\\Foundation\\Http\\Middleware\\TransformsRequest.php(21): Illuminate\\Pipeline\\Pipeline->Illuminate\\Pipeline\\{closure}(Object(Illuminate\\Http\\Request))
#49 C:\\xampp\\htdocs\\devOps\\vendor\\laravel\\framework\\src\\Illuminate\\Foundation\\Http\\Middleware\\TrimStrings.php(51): Illuminate\\Foundation\\Http\\Middleware\\TransformsRequest->handle(Object(Illuminate\\Http\\Request), Object(Closure))
#50 C:\\xampp\\htdocs\\devOps\\vendor\\laravel\\framework\\src\\Illuminate\\Pipeline\\Pipeline.php(219): Illuminate\\Foundation\\Http\\Middleware\\TrimStrings->handle(Object(Illuminate\\Http\\Request), Object(Closure))
#51 C:\\xampp\\htdocs\\devOps\\vendor\\laravel\\framework\\src\\Illuminate\\Http\\Middleware\\ValidatePostSize.php(27): Illuminate\\Pipeline\\Pipeline->Illuminate\\Pipeline\\{closure}(Object(Illuminate\\Http\\Request))
#52 C:\\xampp\\htdocs\\devOps\\vendor\\laravel\\framework\\src\\Illuminate\\Pipeline\\Pipeline.php(219): Illuminate\\Http\\Middleware\\ValidatePostSize->handle(Object(Illuminate\\Http\\Request), Object(Closure))
#53 C:\\xampp\\htdocs\\devOps\\vendor\\laravel\\framework\\src\\Illuminate\\Foundation\\Http\\Middleware\\PreventRequestsDuringMaintenance.php(109): Illuminate\\Pipeline\\Pipeline->Illuminate\\Pipeline\\{closure}(Object(Illuminate\\Http\\Request))
#54 C:\\xampp\\htdocs\\devOps\\vendor\\laravel\\framework\\src\\Illuminate\\Pipeline\\Pipeline.php(219): Illuminate\\Foundation\\Http\\Middleware\\PreventRequestsDuringMaintenance->handle(Object(Illuminate\\Http\\Request), Object(Closure))
#55 C:\\xampp\\htdocs\\devOps\\vendor\\laravel\\framework\\src\\Illuminate\\Http\\Middleware\\HandleCors.php(48): Illuminate\\Pipeline\\Pipeline->Illuminate\\Pipeline\\{closure}(Object(Illuminate\\Http\\Request))
#56 C:\\xampp\\htdocs\\devOps\\vendor\\laravel\\framework\\src\\Illuminate\\Pipeline\\Pipeline.php(219): Illuminate\\Http\\Middleware\\HandleCors->handle(Object(Illuminate\\Http\\Request), Object(Closure))
#57 C:\\xampp\\htdocs\\devOps\\vendor\\laravel\\framework\\src\\Illuminate\\Http\\Middleware\\TrustProxies.php(58): Illuminate\\Pipeline\\Pipeline->Illuminate\\Pipeline\\{closure}(Object(Illuminate\\Http\\Request))
#58 C:\\xampp\\htdocs\\devOps\\vendor\\laravel\\framework\\src\\Illuminate\\Pipeline\\Pipeline.php(219): Illuminate\\Http\\Middleware\\TrustProxies->handle(Object(Illuminate\\Http\\Request), Object(Closure))
#59 C:\\xampp\\htdocs\\devOps\\vendor\\laravel\\framework\\src\\Illuminate\\Foundation\\Http\\Middleware\\InvokeDeferredCallbacks.php(22): Illuminate\\Pipeline\\Pipeline->Illuminate\\Pipeline\\{closure}(Object(Illuminate\\Http\\Request))
#60 C:\\xampp\\htdocs\\devOps\\vendor\\laravel\\framework\\src\\Illuminate\\Pipeline\\Pipeline.php(219): Illuminate\\Foundation\\Http\\Middleware\\InvokeDeferredCallbacks->handle(Object(Illuminate\\Http\\Request), Object(Closure))
#61 C:\\xampp\\htdocs\\devOps\\vendor\\laravel\\framework\\src\\Illuminate\\Http\\Middleware\\ValidatePathEncoding.php(26): Illuminate\\Pipeline\\Pipeline->Illuminate\\Pipeline\\{closure}(Object(Illuminate\\Http\\Request))
#62 C:\\xampp\\htdocs\\devOps\\vendor\\laravel\\framework\\src\\Illuminate\\Pipeline\\Pipeline.php(219): Illuminate\\Http\\Middleware\\ValidatePathEncoding->handle(Object(Illuminate\\Http\\Request), Object(Closure))
#63 C:\\xampp\\htdocs\\devOps\\vendor\\laravel\\framework\\src\\Illuminate\\Pipeline\\Pipeline.php(137): Illuminate\\Pipeline\\Pipeline->Illuminate\\Pipeline\\{closure}(Object(Illuminate\\Http\\Request))
#64 C:\\xampp\\htdocs\\devOps\\vendor\\laravel\\framework\\src\\Illuminate\\Foundation\\Http\\Kernel.php(175): Illuminate\\Pipeline\\Pipeline->then(Object(Closure))
#65 C:\\xampp\\htdocs\\devOps\\vendor\\laravel\\framework\\src\\Illuminate\\Foundation\\Http\\Kernel.php(144): Illuminate\\Foundation\\Http\\Kernel->sendRequestThroughRouter(Object(Illuminate\\Http\\Request))
#66 C:\\xampp\\htdocs\\devOps\\vendor\\laravel\\framework\\src\\Illuminate\\Foundation\\Application.php(1220): Illuminate\\Foundation\\Http\\Kernel->handle(Object(Illuminate\\Http\\Request))
#67 C:\\xampp\\htdocs\\devOps\\public\\index.php(20): Illuminate\\Foundation\\Application->handleRequest(Object(Illuminate\\Http\\Request))
#68 C:\\xampp\\htdocs\\devOps\\vendor\\laravel\\framework\\src\\Illuminate\\Foundation\\resources\\server.php(23): require_once('C:\\\\xampp\\\\htdocs...')
#69 {main}

[previous exception] [object] (Aws\\S3\\Exception\\S3Exception(code: 0): Error executing \"ListObjects\" on \"http://127.0.0.1:9000/sidora-documents?prefix=dokumen-uploads%2F20251128223437-eHIv81-2c-241511079-ibnu-hilmi-athaillah-latihan15.pdf%2F&delimiter=%2F&encoding-type=url\"; AWS HTTP error: cURL error 7: Failed to connect to 127.0.0.1 port 9000 after 2012 ms: Couldn't connect to server (see https://curl.haxx.se/libcurl/c/libcurl-errors.html) for http://127.0.0.1:9000/sidora-documents?prefix=dokumen-uploads%2F20251128223437-eHIv81-2c-241511079-ibnu-hilmi-athaillah-latihan15.pdf%2F&delimiter=%2F&encoding-type=url at C:\\xampp\\htdocs\\devOps\\vendor\\aws\\aws-sdk-php\\src\\WrappedHttpHandler.php:195)
[stacktrace]
#0 C:\\xampp\\htdocs\\devOps\\vendor\\aws\\aws-sdk-php\\src\\WrappedHttpHandler.php(96): Aws\\WrappedHttpHandler->parseError(Array, Object(GuzzleHttp\\Psr7\\Request), Object(Aws\\Command), Array)
#1 C:\\xampp\\htdocs\\devOps\\vendor\\guzzlehttp\\promises\\src\\Promise.php(204): Aws\\WrappedHttpHandler->Aws\\{closure}(Array)
#2 C:\\xampp\\htdocs\\devOps\\vendor\\guzzlehttp\\promises\\src\\Promise.php(169): GuzzleHttp\\Promise\\Promise::callHandler(2, Array, NULL)
#3 C:\\xampp\\htdocs\\devOps\\vendor\\guzzlehttp\\promises\\src\\RejectedPromise.php(42): GuzzleHttp\\Promise\\Promise::GuzzleHttp\\Promise\\{closure}(Array)
#4 C:\\xampp\\htdocs\\devOps\\vendor\\guzzlehttp\\promises\\src\\TaskQueue.php(48): GuzzleHttp\\Promise\\RejectedPromise::GuzzleHttp\\Promise\\{closure}()
#5 C:\\xampp\\htdocs\\devOps\\vendor\\guzzlehttp\\guzzle\\src\\Handler\\CurlMultiHandler.php(167): GuzzleHttp\\Promise\\TaskQueue->run()
#6 C:\\xampp\\htdocs\\devOps\\vendor\\guzzlehttp\\guzzle\\src\\Handler\\CurlMultiHandler.php(206): GuzzleHttp\\Handler\\CurlMultiHandler->tick()
#7 C:\\xampp\\htdocs\\devOps\\vendor\\guzzlehttp\\promises\\src\\Promise.php(248): GuzzleHttp\\Handler\\CurlMultiHandler->execute(true)
#8 C:\\xampp\\htdocs\\devOps\\vendor\\guzzlehttp\\promises\\src\\Promise.php(224): GuzzleHttp\\Promise\\Promise->invokeWaitFn()
#9 C:\\xampp\\htdocs\\devOps\\vendor\\guzzlehttp\\promises\\src\\Promise.php(269): GuzzleHttp\\Promise\\Promise->waitIfPending()
#10 C:\\xampp\\htdocs\\devOps\\vendor\\guzzlehttp\\promises\\src\\Promise.php(226): GuzzleHttp\\Promise\\Promise->invokeWaitList()
#11 C:\\xampp\\htdocs\\devOps\\vendor\\guzzlehttp\\promises\\src\\Promise.php(269): GuzzleHttp\\Promise\\Promise->waitIfPending()
#12 C:\\xampp\\htdocs\\devOps\\vendor\\guzzlehttp\\promises\\src\\Promise.php(226): GuzzleHttp\\Promise\\Promise->invokeWaitList()
#13 C:\\xampp\\htdocs\\devOps\\vendor\\guzzlehttp\\promises\\src\\Promise.php(62): GuzzleHttp\\Promise\\Promise->waitIfPending()
#14 C:\\xampp\\htdocs\\devOps\\vendor\\aws\\aws-sdk-php\\src\\AwsClientTrait.php(58): GuzzleHttp\\Promise\\Promise->wait()
#15 C:\\xampp\\htdocs\\devOps\\vendor\\league\\flysystem-aws-s3-v3\\AwsS3V3Adapter.php(142): Aws\\AwsClient->execute(Object(Aws\\Command))
#16 C:\\xampp\\htdocs\\devOps\\vendor\\league\\flysystem\\src\\Filesystem.php(50): League\\Flysystem\\AwsS3V3\\AwsS3V3Adapter->directoryExists('dokumen-uploads...')
#17 C:\\xampp\\htdocs\\devOps\\vendor\\laravel\\framework\\src\\Illuminate\\Filesystem\\FilesystemAdapter.php(212): League\\Flysystem\\Filesystem->has('dokumen-uploads...')
#18 C:\\xampp\\htdocs\\devOps\\storage\\framework\\views\\f27514b8e288bf2e66a87781375ae928.php(207): Illuminate\\Filesystem\\FilesystemAdapter->exists('dokumen-uploads...')
#19 C:\\xampp\\htdocs\\devOps\\vendor\\laravel\\framework\\src\\Illuminate\\Filesystem\\Filesystem.php(123): require('C:\\\\xampp\\\\htdocs...')
#20 C:\\xampp\\htdocs\\devOps\\vendor\\laravel\\framework\\src\\Illuminate\\Filesystem\\Filesystem.php(124): Illuminate\\Filesystem\\Filesystem::Illuminate\\Filesystem\\{closure}()
#21 C:\\xampp\\htdocs\\devOps\\vendor\\laravel\\framework\\src\\Illuminate\\View\\Engines\\PhpEngine.php(57): Illuminate\\Filesystem\\Filesystem->getRequire('C:\\\\xampp\\\\htdocs...', Array)
#22 C:\\xampp\\htdocs\\devOps\\vendor\\laravel\\framework\\src\\Illuminate\\View\\Engines\\CompilerEngine.php(76): Illuminate\\View\\Engines\\PhpEngine->evaluatePath('C:\\\\xampp\\\\htdocs...', Array)
#23 C:\\xampp\\htdocs\\devOps\\vendor\\laravel\\framework\\src\\Illuminate\\View\\View.php(208): Illuminate\\View\\Engines\\CompilerEngine->get('C:\\\\xampp\\\\htdocs...', Array)
#24 C:\\xampp\\htdocs\\devOps\\vendor\\laravel\\framework\\src\\Illuminate\\View\\View.php(191): Illuminate\\View\\View->getContents()
#25 C:\\xampp\\htdocs\\devOps\\vendor\\laravel\\framework\\src\\Illuminate\\View\\View.php(160): Illuminate\\View\\View->renderContents()
#26 C:\\xampp\\htdocs\\devOps\\vendor\\laravel\\framework\\src\\Illuminate\\Http\\Response.php(78): Illuminate\\View\\View->render()
#27 C:\\xampp\\htdocs\\devOps\\vendor\\laravel\\framework\\src\\Illuminate\\Http\\Response.php(34): Illuminate\\Http\\Response->setContent(Object(Illuminate\\View\\View))
#28 C:\\xampp\\htdocs\\devOps\\vendor\\laravel\\framework\\src\\Illuminate\\Routing\\Router.php(939): Illuminate\\Http\\Response->__construct(Object(Illuminate\\View\\View), 200, Array)
#29 C:\\xampp\\htdocs\\devOps\\vendor\\laravel\\framework\\src\\Illuminate\\Routing\\Router.php(906): Illuminate\\Routing\\Router::toResponse(Object(Illuminate\\Http\\Request), Object(Illuminate\\View\\View))
#30 C:\\xampp\\htdocs\\devOps\\vendor\\laravel\\framework\\src\\Illuminate\\Routing\\Router.php(821): Illuminate\\Routing\\Router->prepareResponse(Object(Illuminate\\Http\\Request), Object(Illuminate\\View\\View))
#31 C:\\xampp\\htdocs\\devOps\\vendor\\laravel\\framework\\src\\Illuminate\\Pipeline\\Pipeline.php(180): Illuminate\\Routing\\Router->Illuminate\\Routing\\{closure}(Object(Illuminate\\Http\\Request))
#32 C:\\xampp\\htdocs\\devOps\\app\\Http\\Middleware\\CheckRole.php(34): Illuminate\\Pipeline\\Pipeline->Illuminate\\Pipeline\\{closure}(Object(Illuminate\\Http\\Request))
#33 C:\\xampp\\htdocs\\devOps\\vendor\\laravel\\framework\\src\\Illuminate\\Pipeline\\Pipeline.php(219): App\\Http\\Middleware\\CheckRole->handle(Object(Illuminate\\Http\\Request), Object(Closure), 'tu')
#34 C:\\xampp\\htdocs\\devOps\\vendor\\laravel\\framework\\src\\Illuminate\\Foundation\\Http\\Middleware\\VerifyCsrfToken.php(87): Illuminate\\Pipeline\\Pipeline->Illuminate\\Pipeline\\{closure}(Object(Illuminate\\Http\\Request))
#35 C:\\xampp\\htdocs\\devOps\\vendor\\laravel\\framework\\src\\Illuminate\\Pipeline\\Pipeline.php(219): Illuminate\\Foundation\\Http\\Middleware\\VerifyCsrfToken->handle(Object(Illuminate\\Http\\Request), Object(Closure))
#36 C:\\xampp\\htdocs\\devOps\\vendor\\laravel\\framework\\src\\Illuminate\\Routing\\Middleware\\SubstituteBindings.php(50): Illuminate\\Pipeline\\Pipeline->Illuminate\\Pipeline\\{closure}(Object(Illuminate\\Http\\Request))
#37 C:\\xampp\\htdocs\\devOps\\vendor\\laravel\\framework\\src\\Illuminate\\Pipeline\\Pipeline.php(219): Illuminate\\Routing\\Middleware\\SubstituteBindings->handle(Object(Illuminate\\Http\\Request), Object(Closure))
#38 C:\\xampp\\htdocs\\devOps\\vendor\\laravel\\framework\\src\\Illuminate\\Session\\Middleware\\AuthenticateSession.php(66): Illuminate\\Pipeline\\Pipeline->Illuminate\\Pipeline\\{closure}(Object(Illuminate\\Http\\Request))
#39 C:\\xampp\\htdocs\\devOps\\vendor\\laravel\\framework\\src\\Illuminate\\Pipeline\\Pipeline.php(219): Illuminate\\Session\\Middleware\\AuthenticateSession->handle(Object(Illuminate\\Http\\Request), Object(Closure))
#40 C:\\xampp\\htdocs\\devOps\\vendor\\laravel\\framework\\src\\Illuminate\\Auth\\Middleware\\Authenticate.php(63): Illuminate\\Pipeline\\Pipeline->Illuminate\\Pipeline\\{closure}(Object(Illuminate\\Http\\Request))
#41 C:\\xampp\\htdocs\\devOps\\vendor\\laravel\\framework\\src\\Illuminate\\Pipeline\\Pipeline.php(219): Illuminate\\Auth\\Middleware\\Authenticate->handle(Object(Illuminate\\Http\\Request), Object(Closure))
#42 C:\\xampp\\htdocs\\devOps\\vendor\\laravel\\framework\\src\\Illuminate\\Foundation\\Http\\Middleware\\VerifyCsrfToken.php(87): Illuminate\\Pipeline\\Pipeline->Illuminate\\Pipeline\\{closure}(Object(Illuminate\\Http\\Request))
#43 C:\\xampp\\htdocs\\devOps\\vendor\\laravel\\framework\\src\\Illuminate\\Pipeline\\Pipeline.php(219): Illuminate\\Foundation\\Http\\Middleware\\VerifyCsrfToken->handle(Object(Illuminate\\Http\\Request), Object(Closure))
#44 C:\\xampp\\htdocs\\devOps\\vendor\\laravel\\framework\\src\\Illuminate\\View\\Middleware\\ShareErrorsFromSession.php(48): Illuminate\\Pipeline\\Pipeline->Illuminate\\Pipeline\\{closure}(Object(Illuminate\\Http\\Request))
#45 C:\\xampp\\htdocs\\devOps\\vendor\\laravel\\framework\\src\\Illuminate\\Pipeline\\Pipeline.php(219): Illuminate\\View\\Middleware\\ShareErrorsFromSession->handle(Object(Illuminate\\Http\\Request), Object(Closure))
#46 C:\\xampp\\htdocs\\devOps\\vendor\\laravel\\framework\\src\\Illuminate\\Session\\Middleware\\StartSession.php(120): Illuminate\\Pipeline\\Pipeline->Illuminate\\Pipeline\\{closure}(Object(Illuminate\\Http\\Request))
#47 C:\\xampp\\htdocs\\devOps\\vendor\\laravel\\framework\\src\\Illuminate\\Session\\Middleware\\StartSession.php(63): Illuminate\\Session\\Middleware\\StartSession->handleStatefulRequest(Object(Illuminate\\Http\\Request), Object(Illuminate\\Session\\Store), Object(Closure))
#48 C:\\xampp\\htdocs\\devOps\\vendor\\laravel\\framework\\src\\Illuminate\\Pipeline\\Pipeline.php(219): Illuminate\\Session\\Middleware\\StartSession->handle(Object(Illuminate\\Http\\Request), Object(Closure))
#49 C:\\xampp\\htdocs\\devOps\\vendor\\laravel\\framework\\src\\Illuminate\\Cookie\\Middleware\\AddQueuedCookiesToResponse.php(36): Illuminate\\Pipeline\\Pipeline->Illuminate\\Pipeline\\{closure}(Object(Illuminate\\Http\\Request))
#50 C:\\xampp\\htdocs\\devOps\\vendor\\laravel\\framework\\src\\Illuminate\\Pipeline\\Pipeline.php(219): Illuminate\\Cookie\\Middleware\\AddQueuedCookiesToResponse->handle(Object(Illuminate\\Http\\Request), Object(Closure))
#51 C:\\xampp\\htdocs\\devOps\\vendor\\laravel\\framework\\src\\Illuminate\\Cookie\\Middleware\\EncryptCookies.php(74): Illuminate\\Pipeline\\Pipeline->Illuminate\\Pipeline\\{closure}(Object(Illuminate\\Http\\Request))
#52 C:\\xampp\\htdocs\\devOps\\vendor\\laravel\\framework\\src\\Illuminate\\Pipeline\\Pipeline.php(219): Illuminate\\Cookie\\Middleware\\EncryptCookies->handle(Object(Illuminate\\Http\\Request), Object(Closure))
#53 C:\\xampp\\htdocs\\devOps\\vendor\\laravel\\framework\\src\\Illuminate\\Pipeline\\Pipeline.php(137): Illuminate\\Pipeline\\Pipeline->Illuminate\\Pipeline\\{closure}(Object(Illuminate\\Http\\Request))
#54 C:\\xampp\\htdocs\\devOps\\vendor\\laravel\\framework\\src\\Illuminate\\Routing\\Router.php(821): Illuminate\\Pipeline\\Pipeline->then(Object(Closure))
#55 C:\\xampp\\htdocs\\devOps\\vendor\\laravel\\framework\\src\\Illuminate\\Routing\\Router.php(800): Illuminate\\Routing\\Router->runRouteWithinStack(Object(Illuminate\\Routing\\Route), Object(Illuminate\\Http\\Request))
#56 C:\\xampp\\htdocs\\devOps\\vendor\\laravel\\framework\\src\\Illuminate\\Routing\\Router.php(764): Illuminate\\Routing\\Router->runRoute(Object(Illuminate\\Http\\Request), Object(Illuminate\\Routing\\Route))
#57 C:\\xampp\\htdocs\\devOps\\vendor\\laravel\\framework\\src\\Illuminate\\Routing\\Router.php(753): Illuminate\\Routing\\Router->dispatchToRoute(Object(Illuminate\\Http\\Request))
#58 C:\\xampp\\htdocs\\devOps\\vendor\\laravel\\framework\\src\\Illuminate\\Foundation\\Http\\Kernel.php(200): Illuminate\\Routing\\Router->dispatch(Object(Illuminate\\Http\\Request))
#59 C:\\xampp\\htdocs\\devOps\\vendor\\laravel\\framework\\src\\Illuminate\\Pipeline\\Pipeline.php(180): Illuminate\\Foundation\\Http\\Kernel->Illuminate\\Foundation\\Http\\{closure}(Object(Illuminate\\Http\\Request))
#60 C:\\xampp\\htdocs\\devOps\\vendor\\laravel\\framework\\src\\Illuminate\\Foundation\\Http\\Middleware\\TransformsRequest.php(21): Illuminate\\Pipeline\\Pipeline->Illuminate\\Pipeline\\{closure}(Object(Illuminate\\Http\\Request))
#61 C:\\xampp\\htdocs\\devOps\\vendor\\laravel\\framework\\src\\Illuminate\\Foundation\\Http\\Middleware\\ConvertEmptyStringsToNull.php(31): Illuminate\\Foundation\\Http\\Middleware\\TransformsRequest->handle(Object(Illuminate\\Http\\Request), Object(Closure))
#62 C:\\xampp\\htdocs\\devOps\\vendor\\laravel\\framework\\src\\Illuminate\\Pipeline\\Pipeline.php(219): Illuminate\\Foundation\\Http\\Middleware\\ConvertEmptyStringsToNull->handle(Object(Illuminate\\Http\\Request), Object(Closure))
#63 C:\\xampp\\htdocs\\devOps\\vendor\\laravel\\framework\\src\\Illuminate\\Foundation\\Http\\Middleware\\TransformsRequest.php(21): Illuminate\\Pipeline\\Pipeline->Illuminate\\Pipeline\\{closure}(Object(Illuminate\\Http\\Request))
#64 C:\\xampp\\htdocs\\devOps\\vendor\\laravel\\framework\\src\\Illuminate\\Foundation\\Http\\Middleware\\TrimStrings.php(51): Illuminate\\Foundation\\Http\\Middleware\\TransformsRequest->handle(Object(Illuminate\\Http\\Request), Object(Closure))
#65 C:\\xampp\\htdocs\\devOps\\vendor\\laravel\\framework\\src\\Illuminate\\Pipeline\\Pipeline.php(219): Illuminate\\Foundation\\Http\\Middleware\\TrimStrings->handle(Object(Illuminate\\Http\\Request), Object(Closure))
#66 C:\\xampp\\htdocs\\devOps\\vendor\\laravel\\framework\\src\\Illuminate\\Http\\Middleware\\ValidatePostSize.php(27): Illuminate\\Pipeline\\Pipeline->Illuminate\\Pipeline\\{closure}(Object(Illuminate\\Http\\Request))
#67 C:\\xampp\\htdocs\\devOps\\vendor\\laravel\\framework\\src\\Illuminate\\Pipeline\\Pipeline.php(219): Illuminate\\Http\\Middleware\\ValidatePostSize->handle(Object(Illuminate\\Http\\Request), Object(Closure))
#68 C:\\xampp\\htdocs\\devOps\\vendor\\laravel\\framework\\src\\Illuminate\\Foundation\\Http\\Middleware\\PreventRequestsDuringMaintenance.php(109): Illuminate\\Pipeline\\Pipeline->Illuminate\\Pipeline\\{closure}(Object(Illuminate\\Http\\Request))
#69 C:\\xampp\\htdocs\\devOps\\vendor\\laravel\\framework\\src\\Illuminate\\Pipeline\\Pipeline.php(219): Illuminate\\Foundation\\Http\\Middleware\\PreventRequestsDuringMaintenance->handle(Object(Illuminate\\Http\\Request), Object(Closure))
#70 C:\\xampp\\htdocs\\devOps\\vendor\\laravel\\framework\\src\\Illuminate\\Http\\Middleware\\HandleCors.php(48): Illuminate\\Pipeline\\Pipeline->Illuminate\\Pipeline\\{closure}(Object(Illuminate\\Http\\Request))
#71 C:\\xampp\\htdocs\\devOps\\vendor\\laravel\\framework\\src\\Illuminate\\Pipeline\\Pipeline.php(219): Illuminate\\Http\\Middleware\\HandleCors->handle(Object(Illuminate\\Http\\Request), Object(Closure))
#72 C:\\xampp\\htdocs\\devOps\\vendor\\laravel\\framework\\src\\Illuminate\\Http\\Middleware\\TrustProxies.php(58): Illuminate\\Pipeline\\Pipeline->Illuminate\\Pipeline\\{closure}(Object(Illuminate\\Http\\Request))
#73 C:\\xampp\\htdocs\\devOps\\vendor\\laravel\\framework\\src\\Illuminate\\Pipeline\\Pipeline.php(219): Illuminate\\Http\\Middleware\\TrustProxies->handle(Object(Illuminate\\Http\\Request), Object(Closure))
#74 C:\\xampp\\htdocs\\devOps\\vendor\\laravel\\framework\\src\\Illuminate\\Foundation\\Http\\Middleware\\InvokeDeferredCallbacks.php(22): Illuminate\\Pipeline\\Pipeline->Illuminate\\Pipeline\\{closure}(Object(Illuminate\\Http\\Request))
#75 C:\\xampp\\htdocs\\devOps\\vendor\\laravel\\framework\\src\\Illuminate\\Pipeline\\Pipeline.php(219): Illuminate\\Foundation\\Http\\Middleware\\InvokeDeferredCallbacks->handle(Object(Illuminate\\Http\\Request), Object(Closure))
#76 C:\\xampp\\htdocs\\devOps\\vendor\\laravel\\framework\\src\\Illuminate\\Http\\Middleware\\ValidatePathEncoding.php(26): Illuminate\\Pipeline\\Pipeline->Illuminate\\Pipeline\\{closure}(Object(Illuminate\\Http\\Request))
#77 C:\\xampp\\htdocs\\devOps\\vendor\\laravel\\framework\\src\\Illuminate\\Pipeline\\Pipeline.php(219): Illuminate\\Http\\Middleware\\ValidatePathEncoding->handle(Object(Illuminate\\Http\\Request), Object(Closure))
#78 C:\\xampp\\htdocs\\devOps\\vendor\\laravel\\framework\\src\\Illuminate\\Pipeline\\Pipeline.php(137): Illuminate\\Pipeline\\Pipeline->Illuminate\\Pipeline\\{closure}(Object(Illuminate\\Http\\Request))
#79 C:\\xampp\\htdocs\\devOps\\vendor\\laravel\\framework\\src\\Illuminate\\Foundation\\Http\\Kernel.php(175): Illuminate\\Pipeline\\Pipeline->then(Object(Closure))
#80 C:\\xampp\\htdocs\\devOps\\vendor\\laravel\\framework\\src\\Illuminate\\Foundation\\Http\\Kernel.php(144): Illuminate\\Foundation\\Http\\Kernel->sendRequestThroughRouter(Object(Illuminate\\Http\\Request))
#81 C:\\xampp\\htdocs\\devOps\\vendor\\laravel\\framework\\src\\Illuminate\\Foundation\\Application.php(1220): Illuminate\\Foundation\\Http\\Kernel->handle(Object(Illuminate\\Http\\Request))
#82 C:\\xampp\\htdocs\\devOps\\public\\index.php(20): Illuminate\\Foundation\\Application->handleRequest(Object(Illuminate\\Http\\Request))
#83 C:\\xampp\\htdocs\\devOps\\vendor\\laravel\\framework\\src\\Illuminate\\Foundation\\resources\\server.php(23): require_once('C:\\\\xampp\\\\htdocs...')
#84 {main}

[previous exception] [object] (GuzzleHttp\\Exception\\ConnectException(code: 0): cURL error 7: Failed to connect to 127.0.0.1 port 9000 after 2012 ms: Couldn't connect to server (see https://curl.haxx.se/libcurl/c/libcurl-errors.html) for http://127.0.0.1:9000/sidora-documents?prefix=dokumen-uploads%2F20251128223437-eHIv81-2c-241511079-ibnu-hilmi-athaillah-latihan15.pdf%2F&delimiter=%2F&encoding-type=url at C:\\xampp\\htdocs\\devOps\\vendor\\guzzlehttp\\guzzle\\src\\Handler\\CurlFactory.php:275)
[stacktrace]
#0 C:\\xampp\\htdocs\\devOps\\vendor\\guzzlehttp\\guzzle\\src\\Handler\\CurlFactory.php(205): GuzzleHttp\\Handler\\CurlFactory::createRejection(Object(GuzzleHttp\\Handler\\EasyHandle), Array)
#1 C:\\xampp\\htdocs\\devOps\\vendor\\guzzlehttp\\guzzle\\src\\Handler\\CurlFactory.php(157): GuzzleHttp\\Handler\\CurlFactory::finishError(Object(GuzzleHttp\\Handler\\CurlMultiHandler), Object(GuzzleHttp\\Handler\\EasyHandle), Object(GuzzleHttp\\Handler\\CurlFactory))
#2 C:\\xampp\\htdocs\\devOps\\vendor\\guzzlehttp\\guzzle\\src\\Handler\\CurlMultiHandler.php(267): GuzzleHttp\\Handler\\CurlFactory::finish(Object(GuzzleHttp\\Handler\\CurlMultiHandler), Object(GuzzleHttp\\Handler\\EasyHandle), Object(GuzzleHttp\\Handler\\CurlFactory))
#3 C:\\xampp\\htdocs\\devOps\\vendor\\guzzlehttp\\guzzle\\src\\Handler\\CurlMultiHandler.php(180): GuzzleHttp\\Handler\\CurlMultiHandler->processMessages()
#4 C:\\xampp\\htdocs\\devOps\\vendor\\guzzlehttp\\guzzle\\src\\Handler\\CurlMultiHandler.php(206): GuzzleHttp\\Handler\\CurlMultiHandler->tick()
#5 C:\\xampp\\htdocs\\devOps\\vendor\\guzzlehttp\\promises\\src\\Promise.php(248): GuzzleHttp\\Handler\\CurlMultiHandler->execute(true)
#6 C:\\xampp\\htdocs\\devOps\\vendor\\guzzlehttp\\promises\\src\\Promise.php(224): GuzzleHttp\\Promise\\Promise->invokeWaitFn()
#7 C:\\xampp\\htdocs\\devOps\\vendor\\guzzlehttp\\promises\\src\\Promise.php(269): GuzzleHttp\\Promise\\Promise->waitIfPending()
#8 C:\\xampp\\htdocs\\devOps\\vendor\\guzzlehttp\\promises\\src\\Promise.php(226): GuzzleHttp\\Promise\\Promise->invokeWaitList()
#9 C:\\xampp\\htdocs\\devOps\\vendor\\guzzlehttp\\promises\\src\\Promise.php(269): GuzzleHttp\\Promise\\Promise->waitIfPending()
#10 C:\\xampp\\htdocs\\devOps\\vendor\\guzzlehttp\\promises\\src\\Promise.php(226): GuzzleHttp\\Promise\\Promise->invokeWaitList()
#11 C:\\xampp\\htdocs\\devOps\\vendor\\guzzlehttp\\promises\\src\\Promise.php(62): GuzzleHttp\\Promise\\Promise->waitIfPending()
#12 C:\\xampp\\htdocs\\devOps\\vendor\\aws\\aws-sdk-php\\src\\AwsClientTrait.php(58): GuzzleHttp\\Promise\\Promise->wait()
#13 C:\\xampp\\htdocs\\devOps\\vendor\\league\\flysystem-aws-s3-v3\\AwsS3V3Adapter.php(142): Aws\\AwsClient->execute(Object(Aws\\Command))
#14 C:\\xampp\\htdocs\\devOps\\vendor\\league\\flysystem\\src\\Filesystem.php(50): League\\Flysystem\\AwsS3V3\\AwsS3V3Adapter->directoryExists('dokumen-uploads...')
#15 C:\\xampp\\htdocs\\devOps\\vendor\\laravel\\framework\\src\\Illuminate\\Filesystem\\FilesystemAdapter.php(212): League\\Flysystem\\Filesystem->has('dokumen-uploads...')
#16 C:\\xampp\\htdocs\\devOps\\storage\\framework\\views\\f27514b8e288bf2e66a87781375ae928.php(207): Illuminate\\Filesystem\\FilesystemAdapter->exists('dokumen-uploads...')
#17 C:\\xampp\\htdocs\\devOps\\vendor\\laravel\\framework\\src\\Illuminate\\Filesystem\\Filesystem.php(123): require('C:\\\\xampp\\\\htdocs...')
#18 C:\\xampp\\htdocs\\devOps\\vendor\\laravel\\framework\\src\\Illuminate\\Filesystem\\Filesystem.php(124): Illuminate\\Filesystem\\Filesystem::Illuminate\\Filesystem\\{closure}()
#19 C:\\xampp\\htdocs\\devOps\\vendor\\laravel\\framework\\src\\Illuminate\\View\\Engines\\PhpEngine.php(57): Illuminate\\Filesystem\\Filesystem->getRequire('C:\\\\xampp\\\\htdocs...', Array)
#20 C:\\xampp\\htdocs\\devOps\\vendor\\laravel\\framework\\src\\Illuminate\\View\\Engines\\CompilerEngine.php(76): Illuminate\\View\\Engines\\PhpEngine->evaluatePath('C:\\\\xampp\\\\htdocs...', Array)
#21 C:\\xampp\\htdocs\\devOps\\vendor\\laravel\\framework\\src\\Illuminate\\View\\View.php(208): Illuminate\\View\\Engines\\CompilerEngine->get('C:\\\\xampp\\\\htdocs...', Array)
#22 C:\\xampp\\htdocs\\devOps\\vendor\\laravel\\framework\\src\\Illuminate\\View\\View.php(191): Illuminate\\View\\View->getContents()
#23 C:\\xampp\\htdocs\\devOps\\vendor\\laravel\\framework\\src\\Illuminate\\View\\View.php(160): Illuminate\\View\\View->renderContents()
#24 C:\\xampp\\htdocs\\devOps\\vendor\\laravel\\framework\\src\\Illuminate\\Http\\Response.php(78): Illuminate\\View\\View->render()
#25 C:\\xampp\\htdocs\\devOps\\vendor\\laravel\\framework\\src\\Illuminate\\Http\\Response.php(34): Illuminate\\Http\\Response->setContent(Object(Illuminate\\View\\View))
#26 C:\\xampp\\htdocs\\devOps\\vendor\\laravel\\framework\\src\\Illuminate\\Routing\\Router.php(939): Illuminate\\Http\\Response->__construct(Object(Illuminate\\View\\View), 200, Array)
#27 C:\\xampp\\htdocs\\devOps\\vendor\\laravel\\framework\\src\\Illuminate\\Routing\\Router.php(906): Illuminate\\Routing\\Router::toResponse(Object(Illuminate\\Http\\Request), Object(Illuminate\\View\\View))
#28 C:\\xampp\\htdocs\\devOps\\vendor\\laravel\\framework\\src\\Illuminate\\Routing\\Router.php(821): Illuminate\\Routing\\Router->prepareResponse(Object(Illuminate\\Http\\Request), Object(Illuminate\\View\\View))
#29 C:\\xampp\\htdocs\\devOps\\vendor\\laravel\\framework\\src\\Illuminate\\Pipeline\\Pipeline.php(180): Illuminate\\Routing\\Router->Illuminate\\Routing\\{closure}(Object(Illuminate\\Http\\Request))
#30 C:\\xampp\\htdocs\\devOps\\app\\Http\\Middleware\\CheckRole.php(34): Illuminate\\Pipeline\\Pipeline->Illuminate\\Pipeline\\{closure}(Object(Illuminate\\Http\\Request))
#31 C:\\xampp\\htdocs\\devOps\\vendor\\laravel\\framework\\src\\Illuminate\\Pipeline\\Pipeline.php(219): App\\Http\\Middleware\\CheckRole->handle(Object(Illuminate\\Http\\Request), Object(Closure), 'tu')
#32 C:\\xampp\\htdocs\\devOps\\vendor\\laravel\\framework\\src\\Illuminate\\Foundation\\Http\\Middleware\\VerifyCsrfToken.php(87): Illuminate\\Pipeline\\Pipeline->Illuminate\\Pipeline\\{closure}(Object(Illuminate\\Http\\Request))
#33 C:\\xampp\\htdocs\\devOps\\vendor\\laravel\\framework\\src\\Illuminate\\Pipeline\\Pipeline.php(219): Illuminate\\Foundation\\Http\\Middleware\\VerifyCsrfToken->handle(Object(Illuminate\\Http\\Request), Object(Closure))
#34 C:\\xampp\\htdocs\\devOps\\vendor\\laravel\\framework\\src\\Illuminate\\Routing\\Middleware\\SubstituteBindings.php(50): Illuminate\\Pipeline\\Pipeline->Illuminate\\Pipeline\\{closure}(Object(Illuminate\\Http\\Request))
#35 C:\\xampp\\htdocs\\devOps\\vendor\\laravel\\framework\\src\\Illuminate\\Pipeline\\Pipeline.php(219): Illuminate\\Routing\\Middleware\\SubstituteBindings->handle(Object(Illuminate\\Http\\Request), Object(Closure))
#36 C:\\xampp\\htdocs\\devOps\\vendor\\laravel\\framework\\src\\Illuminate\\Session\\Middleware\\AuthenticateSession.php(66): Illuminate\\Pipeline\\Pipeline->Illuminate\\Pipeline\\{closure}(Object(Illuminate\\Http\\Request))
#37 C:\\xampp\\htdocs\\devOps\\vendor\\laravel\\framework\\src\\Illuminate\\Pipeline\\Pipeline.php(219): Illuminate\\Session\\Middleware\\AuthenticateSession->handle(Object(Illuminate\\Http\\Request), Object(Closure))
#38 C:\\xampp\\htdocs\\devOps\\vendor\\laravel\\framework\\src\\Illuminate\\Auth\\Middleware\\Authenticate.php(63): Illuminate\\Pipeline\\Pipeline->Illuminate\\Pipeline\\{closure}(Object(Illuminate\\Http\\Request))
#39 C:\\xampp\\htdocs\\devOps\\vendor\\laravel\\framework\\src\\Illuminate\\Pipeline\\Pipeline.php(219): Illuminate\\Auth\\Middleware\\Authenticate->handle(Object(Illuminate\\Http\\Request), Object(Closure))
#40 C:\\xampp\\htdocs\\devOps\\vendor\\laravel\\framework\\src\\Illuminate\\Foundation\\Http\\Middleware\\VerifyCsrfToken.php(87): Illuminate\\Pipeline\\Pipeline->Illuminate\\Pipeline\\{closure}(Object(Illuminate\\Http\\Request))
#41 C:\\xampp\\htdocs\\devOps\\vendor\\laravel\\framework\\src\\Illuminate\\Pipeline\\Pipeline.php(219): Illuminate\\Foundation\\Http\\Middleware\\VerifyCsrfToken->handle(Object(Illuminate\\Http\\Request), Object(Closure))
#42 C:\\xampp\\htdocs\\devOps\\vendor\\laravel\\framework\\src\\Illuminate\\View\\Middleware\\ShareErrorsFromSession.php(48): Illuminate\\Pipeline\\Pipeline->Illuminate\\Pipeline\\{closure}(Object(Illuminate\\Http\\Request))
#43 C:\\xampp\\htdocs\\devOps\\vendor\\laravel\\framework\\src\\Illuminate\\Pipeline\\Pipeline.php(219): Illuminate\\View\\Middleware\\ShareErrorsFromSession->handle(Object(Illuminate\\Http\\Request), Object(Closure))
#44 C:\\xampp\\htdocs\\devOps\\vendor\\laravel\\framework\\src\\Illuminate\\Session\\Middleware\\StartSession.php(120): Illuminate\\Pipeline\\Pipeline->Illuminate\\Pipeline\\{closure}(Object(Illuminate\\Http\\Request))
#45 C:\\xampp\\htdocs\\devOps\\vendor\\laravel\\framework\\src\\Illuminate\\Session\\Middleware\\StartSession.php(63): Illuminate\\Session\\Middleware\\StartSession->handleStatefulRequest(Object(Illuminate\\Http\\Request), Object(Illuminate\\Session\\Store), Object(Closure))
#46 C:\\xampp\\htdocs\\devOps\\vendor\\laravel\\framework\\src\\Illuminate\\Pipeline\\Pipeline.php(219): Illuminate\\Session\\Middleware\\StartSession->handle(Object(Illuminate\\Http\\Request), Object(Closure))
#47 C:\\xampp\\htdocs\\devOps\\vendor\\laravel\\framework\\src\\Illuminate\\Cookie\\Middleware\\AddQueuedCookiesToResponse.php(36): Illuminate\\Pipeline\\Pipeline->Illuminate\\Pipeline\\{closure}(Object(Illuminate\\Http\\Request))
#48 C:\\xampp\\htdocs\\devOps\\vendor\\laravel\\framework\\src\\Illuminate\\Pipeline\\Pipeline.php(219): Illuminate\\Cookie\\Middleware\\AddQueuedCookiesToResponse->handle(Object(Illuminate\\Http\\Request), Object(Closure))
#49 C:\\xampp\\htdocs\\devOps\\vendor\\laravel\\framework\\src\\Illuminate\\Cookie\\Middleware\\EncryptCookies.php(74): Illuminate\\Pipeline\\Pipeline->Illuminate\\Pipeline\\{closure}(Object(Illuminate\\Http\\Request))
#50 C:\\xampp\\htdocs\\devOps\\vendor\\laravel\\framework\\src\\Illuminate\\Pipeline\\Pipeline.php(219): Illuminate\\Cookie\\Middleware\\EncryptCookies->handle(Object(Illuminate\\Http\\Request), Object(Closure))
#51 C:\\xampp\\htdocs\\devOps\\vendor\\laravel\\framework\\src\\Illuminate\\Pipeline\\Pipeline.php(137): Illuminate\\Pipeline\\Pipeline->Illuminate\\Pipeline\\{closure}(Object(Illuminate\\Http\\Request))
#52 C:\\xampp\\htdocs\\devOps\\vendor\\laravel\\framework\\src\\Illuminate\\Routing\\Router.php(821): Illuminate\\Pipeline\\Pipeline->then(Object(Closure))
#53 C:\\xampp\\htdocs\\devOps\\vendor\\laravel\\framework\\src\\Illuminate\\Routing\\Router.php(800): Illuminate\\Routing\\Router->runRouteWithinStack(Object(Illuminate\\Routing\\Route), Object(Illuminate\\Http\\Request))
#54 C:\\xampp\\htdocs\\devOps\\vendor\\laravel\\framework\\src\\Illuminate\\Routing\\Router.php(764): Illuminate\\Routing\\Router->runRoute(Object(Illuminate\\Http\\Request), Object(Illuminate\\Routing\\Route))
#55 C:\\xampp\\htdocs\\devOps\\vendor\\laravel\\framework\\src\\Illuminate\\Routing\\Router.php(753): Illuminate\\Routing\\Router->dispatchToRoute(Object(Illuminate\\Http\\Request))
#56 C:\\xampp\\htdocs\\devOps\\vendor\\laravel\\framework\\src\\Illuminate\\Foundation\\Http\\Kernel.php(200): Illuminate\\Routing\\Router->dispatch(Object(Illuminate\\Http\\Request))
#57 C:\\xampp\\htdocs\\devOps\\vendor\\laravel\\framework\\src\\Illuminate\\Pipeline\\Pipeline.php(180): Illuminate\\Foundation\\Http\\Kernel->Illuminate\\Foundation\\Http\\{closure}(Object(Illuminate\\Http\\Request))
#58 C:\\xampp\\htdocs\\devOps\\vendor\\laravel\\framework\\src\\Illuminate\\Foundation\\Http\\Middleware\\TransformsRequest.php(21): Illuminate\\Pipeline\\Pipeline->Illuminate\\Pipeline\\{closure}(Object(Illuminate\\Http\\Request))
#59 C:\\xampp\\htdocs\\devOps\\vendor\\laravel\\framework\\src\\Illuminate\\Foundation\\Http\\Middleware\\ConvertEmptyStringsToNull.php(31): Illuminate\\Foundation\\Http\\Middleware\\TransformsRequest->handle(Object(Illuminate\\Http\\Request), Object(Closure))
#60 C:\\xampp\\htdocs\\devOps\\vendor\\laravel\\framework\\src\\Illuminate\\Pipeline\\Pipeline.php(219): Illuminate\\Foundation\\Http\\Middleware\\ConvertEmptyStringsToNull->handle(Object(Illuminate\\Http\\Request), Object(Closure))
#61 C:\\xampp\\htdocs\\devOps\\vendor\\laravel\\framework\\src\\Illuminate\\Foundation\\Http\\Middleware\\TransformsRequest.php(21): Illuminate\\Pipeline\\Pipeline->Illuminate\\Pipeline\\{closure}(Object(Illuminate\\Http\\Request))
#62 C:\\xampp\\htdocs\\devOps\\vendor\\laravel\\framework\\src\\Illuminate\\Foundation\\Http\\Middleware\\TrimStrings.php(51): Illuminate\\Foundation\\Http\\Middleware\\TransformsRequest->handle(Object(Illuminate\\Http\\Request), Object(Closure))
#63 C:\\xampp\\htdocs\\devOps\\vendor\\laravel\\framework\\src\\Illuminate\\Pipeline\\Pipeline.php(219): Illuminate\\Foundation\\Http\\Middleware\\TrimStrings->handle(Object(Illuminate\\Http\\Request), Object(Closure))
#64 C:\\xampp\\htdocs\\devOps\\vendor\\laravel\\framework\\src\\Illuminate\\Http\\Middleware\\ValidatePostSize.php(27): Illuminate\\Pipeline\\Pipeline->Illuminate\\Pipeline\\{closure}(Object(Illuminate\\Http\\Request))
#65 C:\\xampp\\htdocs\\devOps\\vendor\\laravel\\framework\\src\\Illuminate\\Pipeline\\Pipeline.php(219): Illuminate\\Http\\Middleware\\ValidatePostSize->handle(Object(Illuminate\\Http\\Request), Object(Closure))
#66 C:\\xampp\\htdocs\\devOps\\vendor\\laravel\\framework\\src\\Illuminate\\Foundation\\Http\\Middleware\\PreventRequestsDuringMaintenance.php(109): Illuminate\\Pipeline\\Pipeline->Illuminate\\Pipeline\\{closure}(Object(Illuminate\\Http\\Request))
#67 C:\\xampp\\htdocs\\devOps\\vendor\\laravel\\framework\\src\\Illuminate\\Pipeline\\Pipeline.php(219): Illuminate\\Foundation\\Http\\Middleware\\PreventRequestsDuringMaintenance->handle(Object(Illuminate\\Http\\Request), Object(Closure))
#68 C:\\xampp\\htdocs\\devOps\\vendor\\laravel\\framework\\src\\Illuminate\\Http\\Middleware\\HandleCors.php(48): Illuminate\\Pipeline\\Pipeline->Illuminate\\Pipeline\\{closure}(Object(Illuminate\\Http\\Request))
#69 C:\\xampp\\htdocs\\devOps\\vendor\\laravel\\framework\\src\\Illuminate\\Pipeline\\Pipeline.php(219): Illuminate\\Http\\Middleware\\HandleCors->handle(Object(Illuminate\\Http\\Request), Object(Closure))
#70 C:\\xampp\\htdocs\\devOps\\vendor\\laravel\\framework\\src\\Illuminate\\Http\\Middleware\\TrustProxies.php(58): Illuminate\\Pipeline\\Pipeline->Illuminate\\Pipeline\\{closure}(Object(Illuminate\\Http\\Request))
#71 C:\\xampp\\htdocs\\devOps\\vendor\\laravel\\framework\\src\\Illuminate\\Pipeline\\Pipeline.php(219): Illuminate\\Http\\Middleware\\TrustProxies->handle(Object(Illuminate\\Http\\Request), Object(Closure))
#72 C:\\xampp\\htdocs\\devOps\\vendor\\laravel\\framework\\src\\Illuminate\\Foundation\\Http\\Middleware\\InvokeDeferredCallbacks.php(22): Illuminate\\Pipeline\\Pipeline->Illuminate\\Pipeline\\{closure}(Object(Illuminate\\Http\\Request))
#73 C:\\xampp\\htdocs\\devOps\\vendor\\laravel\\framework\\src\\Illuminate\\Pipeline\\Pipeline.php(219): Illuminate\\Foundation\\Http\\Middleware\\InvokeDeferredCallbacks->handle(Object(Illuminate\\Http\\Request), Object(Closure))
#74 C:\\xampp\\htdocs\\devOps\\vendor\\laravel\\framework\\src\\Illuminate\\Http\\Middleware\\ValidatePathEncoding.php(26): Illuminate\\Pipeline\\Pipeline->Illuminate\\Pipeline\\{closure}(Object(Illuminate\\Http\\Request))
#75 C:\\xampp\\htdocs\\devOps\\vendor\\laravel\\framework\\src\\Illuminate\\Pipeline\\Pipeline.php(219): Illuminate\\Http\\Middleware\\ValidatePathEncoding->handle(Object(Illuminate\\Http\\Request), Object(Closure))
#76 C:\\xampp\\htdocs\\devOps\\vendor\\laravel\\framework\\src\\Illuminate\\Pipeline\\Pipeline.php(137): Illuminate\\Pipeline\\Pipeline->Illuminate\\Pipeline\\{closure}(Object(Illuminate\\Http\\Request))
#77 C:\\xampp\\htdocs\\devOps\\vendor\\laravel\\framework\\src\\Illuminate\\Foundation\\Http\\Kernel.php(175): Illuminate\\Pipeline\\Pipeline->then(Object(Closure))
#78 C:\\xampp\\htdocs\\devOps\\vendor\\laravel\\framework\\src\\Illuminate\\Foundation\\Http\\Kernel.php(144): Illuminate\\Foundation\\Http\\Kernel->sendRequestThroughRouter(Object(Illuminate\\Http\\Request))
#79 C:\\xampp\\htdocs\\devOps\\vendor\\laravel\\framework\\src\\Illuminate\\Foundation\\Application.php(1220): Illuminate\\Foundation\\Http\\Kernel->handle(Object(Illuminate\\Http\\Request))
#80 C:\\xampp\\htdocs\\devOps\\public\\index.php(20): Illuminate\\Foundation\\Application->handleRequest(Object(Illuminate\\Http\\Request))
#81 C:\\xampp\\htdocs\\devOps\\vendor\\laravel\\framework\\src\\Illuminate\\Foundation\\resources\\server.php(23): require_once('C:\\\\xampp\\\\htdocs...')
#82 {main}
"} 
[2025-11-29 09:13:01] local.WARNING: File check failed for dokumen-uploads/20251128223437-eHIv81-2c-241511079-ibnu-hilmi-athaillah-latihan15.pdf: Unable to check existence for: dokumen-uploads/20251128223437-eHIv81-2c-241511079-ibnu-hilmi-athaillah-latihan15.pdf  
[2025-11-29 09:13:16] local.WARNING: File check failed for dokumen-uploads/20251128223437-eHIv81-2c-241511079-ibnu-hilmi-athaillah-latihan15.pdf: Unable to check existence for: dokumen-uploads/20251128223437-eHIv81-2c-241511079-ibnu-hilmi-athaillah-latihan15.pdf  
[2025-11-29 09:13:49] local.WARNING: File check failed for dokumen-uploads/20251128223437-eHIv81-2c-241511079-ibnu-hilmi-athaillah-latihan15.pdf: Unable to check existence for: dokumen-uploads/20251128223437-eHIv81-2c-241511079-ibnu-hilmi-athaillah-latihan15.pdf  
[2025-11-29 09:14:49] local.WARNING: File check failed for dokumen-uploads/20251128223437-eHIv81-2c-241511079-ibnu-hilmi-athaillah-latihan15.pdf: Unable to check existence for: dokumen-uploads/20251128223437-eHIv81-2c-241511079-ibnu-hilmi-athaillah-latihan15.pdf  
[2025-11-29 09:15:07] local.WARNING: File check failed for dokumen-uploads/20251128223437-eHIv81-2c-241511079-ibnu-hilmi-athaillah-latihan15.pdf: Unable to check existence for: dokumen-uploads/20251128223437-eHIv81-2c-241511079-ibnu-hilmi-athaillah-latihan15.pdf  
[2025-11-29 09:15:22] local.WARNING: File check failed for dokumen-uploads/20251128223437-eHIv81-2c-241511079-ibnu-hilmi-athaillah-latihan15.pdf: Unable to check existence for: dokumen-uploads/20251128223437-eHIv81-2c-241511079-ibnu-hilmi-athaillah-latihan15.pdf  
[2025-11-29 09:30:07] local.WARNING: File check failed for dokumen-uploads/20251128223437-eHIv81-2c-241511079-ibnu-hilmi-athaillah-latihan15.pdf: Unable to check existence for: dokumen-uploads/20251128223437-eHIv81-2c-241511079-ibnu-hilmi-athaillah-latihan15.pdf  
[2025-11-29 09:37:36] local.WARNING: File check failed for dokumen-uploads/20251128223437-eHIv81-2c-241511079-ibnu-hilmi-athaillah-latihan15.pdf: Unable to check existence for: dokumen-uploads/20251128223437-eHIv81-2c-241511079-ibnu-hilmi-athaillah-latihan15.pdf  
[2025-11-29 09:38:36] local.WARNING: File check failed for dokumen-uploads/20251128223437-eHIv81-2c-241511079-ibnu-hilmi-athaillah-latihan15.pdf: Unable to check existence for: dokumen-uploads/20251128223437-eHIv81-2c-241511079-ibnu-hilmi-athaillah-latihan15.pdf  
[2025-11-29 09:44:32] local.WARNING: File check failed for dokumen-uploads/20251128223437-eHIv81-2c-241511079-ibnu-hilmi-athaillah-latihan15.pdf: Unable to check existence for: dokumen-uploads/20251128223437-eHIv81-2c-241511079-ibnu-hilmi-athaillah-latihan15.pdf  
[2025-11-29 09:44:47] local.WARNING: File check failed for dokumen-uploads/20251128223437-eHIv81-2c-241511079-ibnu-hilmi-athaillah-latihan15.pdf: Unable to check existence for: dokumen-uploads/20251128223437-eHIv81-2c-241511079-ibnu-hilmi-athaillah-latihan15.pdf  
[2025-11-29 09:45:03] local.WARNING: File check failed for dokumen-uploads/20251128223437-eHIv81-2c-241511079-ibnu-hilmi-athaillah-latihan15.pdf: Unable to check existence for: dokumen-uploads/20251128223437-eHIv81-2c-241511079-ibnu-hilmi-athaillah-latihan15.pdf  
[2025-11-29 09:45:20] local.WARNING: File check failed for dokumen-uploads/20251128223437-eHIv81-2c-241511079-ibnu-hilmi-athaillah-latihan15.pdf: Unable to check existence for: dokumen-uploads/20251128223437-eHIv81-2c-241511079-ibnu-hilmi-athaillah-latihan15.pdf  
[2025-11-29 09:45:36] local.WARNING: File check failed for dokumen-uploads/20251128223437-eHIv81-2c-241511079-ibnu-hilmi-athaillah-latihan15.pdf: Unable to check existence for: dokumen-uploads/20251128223437-eHIv81-2c-241511079-ibnu-hilmi-athaillah-latihan15.pdf  
[2025-11-29 09:49:19] local.WARNING: File check failed for dokumen-uploads/20251128223437-eHIv81-2c-241511079-ibnu-hilmi-athaillah-latihan15.pdf: Unable to check existence for: dokumen-uploads/20251128223437-eHIv81-2c-241511079-ibnu-hilmi-athaillah-latihan15.pdf  
[2025-11-29 09:51:29] local.WARNING: File check failed for dokumen-uploads/20251128223437-eHIv81-2c-241511079-ibnu-hilmi-athaillah-latihan15.pdf: Unable to check existence for: dokumen-uploads/20251128223437-eHIv81-2c-241511079-ibnu-hilmi-athaillah-latihan15.pdf  
[2025-11-29 09:54:34] local.WARNING: File check failed for dokumen-uploads/20251128223437-eHIv81-2c-241511079-ibnu-hilmi-athaillah-latihan15.pdf: Unable to check existence for: dokumen-uploads/20251128223437-eHIv81-2c-241511079-ibnu-hilmi-athaillah-latihan15.pdf  
[2025-11-29 09:57:57] local.WARNING: File check failed for dokumen-uploads/20251128223437-eHIv81-2c-241511079-ibnu-hilmi-athaillah-latihan15.pdf: Unable to check existence for: dokumen-uploads/20251128223437-eHIv81-2c-241511079-ibnu-hilmi-athaillah-latihan15.pdf  
[2025-11-29 09:58:45] local.WARNING: File check failed for dokumen-uploads/20251128223437-eHIv81-2c-241511079-ibnu-hilmi-athaillah-latihan15.pdf: Unable to check existence for: dokumen-uploads/20251128223437-eHIv81-2c-241511079-ibnu-hilmi-athaillah-latihan15.pdf  
[2025-11-29 10:01:00] local.WARNING: File check failed for dokumen-uploads/20251128223437-eHIv81-2c-241511079-ibnu-hilmi-athaillah-latihan15.pdf: Unable to check existence for: dokumen-uploads/20251128223437-eHIv81-2c-241511079-ibnu-hilmi-athaillah-latihan15.pdf  
[2025-11-29 10:04:06] local.WARNING: File check failed for dokumen-uploads/20251128223437-eHIv81-2c-241511079-ibnu-hilmi-athaillah-latihan15.pdf: Unable to check existence for: dokumen-uploads/20251128223437-eHIv81-2c-241511079-ibnu-hilmi-athaillah-latihan15.pdf  
[2025-11-29 10:07:30] local.WARNING: File check failed for dokumen-uploads/20251128223437-eHIv81-2c-241511079-ibnu-hilmi-athaillah-latihan15.pdf: Unable to check existence for: dokumen-uploads/20251128223437-eHIv81-2c-241511079-ibnu-hilmi-athaillah-latihan15.pdf  
[2025-11-29 10:10:56] local.WARNING: File check failed for dokumen-uploads/20251128223437-eHIv81-2c-241511079-ibnu-hilmi-athaillah-latihan15.pdf: Unable to check existence for: dokumen-uploads/20251128223437-eHIv81-2c-241511079-ibnu-hilmi-athaillah-latihan15.pdf  
[2025-11-29 10:16:18] local.WARNING: File check failed for dokumen/dosen/69290e3837c57_struk belanja.pdf: Unable to check existence for: dokumen/dosen/69290e3837c57_struk belanja.pdf  
[2025-11-29 10:18:21] local.WARNING: File check failed for dokumen-uploads/20251128223437-eHIv81-2c-241511079-ibnu-hilmi-athaillah-latihan15.pdf: Unable to check existence for: dokumen-uploads/20251128223437-eHIv81-2c-241511079-ibnu-hilmi-athaillah-latihan15.pdf  
[2025-11-29 10:19:03] local.WARNING: File check failed for dokumen-uploads/20251128223437-eHIv81-2c-241511079-ibnu-hilmi-athaillah-latihan15.pdf: Unable to check existence for: dokumen-uploads/20251128223437-eHIv81-2c-241511079-ibnu-hilmi-athaillah-latihan15.pdf  
[2025-11-29 10:24:05] local.WARNING: File check failed for dokumen-uploads/20251127115831-OnRngP-2c-241511079-ibnu-hilmi-athaillah-latihan15.pdf: Unable to check existence for: dokumen-uploads/20251127115831-OnRngP-2c-241511079-ibnu-hilmi-athaillah-latihan15.pdf  
[2025-11-29 10:26:41] local.WARNING: File check failed for dokumen-uploads/20251127115831-OnRngP-2c-241511079-ibnu-hilmi-athaillah-latihan15.pdf: Unable to check existence for: dokumen-uploads/20251127115831-OnRngP-2c-241511079-ibnu-hilmi-athaillah-latihan15.pdf  
[2025-11-30 19:30:14] local.WARNING: File check failed for dokumen/dosen/69290e3837c57_struk belanja.pdf: Unable to check existence for: dokumen/dosen/69290e3837c57_struk belanja.pdf  
[2025-11-30 19:31:42] local.WARNING: File check failed for dokumen/dosen/692bfa783bcd8_USE CASE TEXT - Revisi.docx: Unable to check existence for: dokumen/dosen/692bfa783bcd8_USE CASE TEXT - Revisi.docx  
[2025-11-30 20:11:30] local.WARNING: File check failed for dokumen/dosen/692bfa783bcd8_USE CASE TEXT - Revisi.docx: Unable to check existence for: dokumen/dosen/692bfa783bcd8_USE CASE TEXT - Revisi.docx  
[2025-12-01 13:00:01] local.ERROR: Unable to check existence for: dokumen/dokumen_120_v2_1764558362.pdf {"userId":8,"exception":"[object] (League\\Flysystem\\UnableToCheckDirectoryExistence(code: 0): Unable to check existence for: dokumen/dokumen_120_v2_1764558362.pdf at C:\\Users\\zahra\\Documents\\GitHub\\devOps\\vendor\\league\\flysystem\\src\\UnableToCheckExistence.php:19)
[stacktrace]
#0 C:\\Users\\zahra\\Documents\\GitHub\\devOps\\vendor\\league\\flysystem-aws-s3-v3\\AwsS3V3Adapter.php(144): League\\Flysystem\\UnableToCheckExistence::forLocation('dokumen/dokumen...', Object(Aws\\S3\\Exception\\S3Exception))
#1 C:\\Users\\zahra\\Documents\\GitHub\\devOps\\vendor\\league\\flysystem\\src\\Filesystem.php(50): League\\Flysystem\\AwsS3V3\\AwsS3V3Adapter->directoryExists('dokumen/dokumen...')
#2 C:\\Users\\zahra\\Documents\\GitHub\\devOps\\vendor\\laravel\\framework\\src\\Illuminate\\Filesystem\\FilesystemAdapter.php(212): League\\Flysystem\\Filesystem->has('dokumen/dokumen...')
#3 C:\\Users\\zahra\\Documents\\GitHub\\devOps\\app\\Http\\Controllers\\TU\\MonitoringController.php(292): Illuminate\\Filesystem\\FilesystemAdapter->exists('dokumen/dokumen...')
#4 C:\\Users\\zahra\\Documents\\GitHub\\devOps\\vendor\\symfony\\polyfill-php84\\Php84.php(82): App\\Http\\Controllers\\TU\\MonitoringController->App\\Http\\Controllers\\TU\\{closure}(Object(App\\Models\\VersiDokumen), 1)
#5 C:\\Users\\zahra\\Documents\\GitHub\\devOps\\vendor\\symfony\\polyfill-php84\\bootstrap.php(33): Symfony\\Polyfill\\Php84\\Php84::array_find_key(Array, Object(Closure))
#6 C:\\Users\\zahra\\Documents\\GitHub\\devOps\\vendor\\laravel\\framework\\src\\Illuminate\\Collections\\Arr.php(274): array_find_key(Array, Object(Closure))
#7 C:\\Users\\zahra\\Documents\\GitHub\\devOps\\vendor\\laravel\\framework\\src\\Illuminate\\Collections\\Collection.php(432): Illuminate\\Support\\Arr::first(Array, Object(Closure), NULL)
#8 C:\\Users\\zahra\\Documents\\GitHub\\devOps\\vendor\\laravel\\framework\\src\\Illuminate\\Collections\\Traits\\EnumeratesValues.php(329): Illuminate\\Support\\Collection->first(Object(Closure))
#9 C:\\Users\\zahra\\Documents\\GitHub\\devOps\\app\\Http\\Controllers\\TU\\MonitoringController.php(292): Illuminate\\Support\\Collection->firstWhere(Object(Closure))
#10 C:\\Users\\zahra\\Documents\\GitHub\\devOps\\vendor\\laravel\\framework\\src\\Illuminate\\Routing\\ControllerDispatcher.php(46): App\\Http\\Controllers\\TU\\MonitoringController->download('120', Object(Illuminate\\Http\\Request))
#11 C:\\Users\\zahra\\Documents\\GitHub\\devOps\\vendor\\laravel\\framework\\src\\Illuminate\\Routing\\Route.php(265): Illuminate\\Routing\\ControllerDispatcher->dispatch(Object(Illuminate\\Routing\\Route), Object(App\\Http\\Controllers\\TU\\MonitoringController), 'download')
#12 C:\\Users\\zahra\\Documents\\GitHub\\devOps\\vendor\\laravel\\framework\\src\\Illuminate\\Routing\\Route.php(211): Illuminate\\Routing\\Route->runController()
#13 C:\\Users\\zahra\\Documents\\GitHub\\devOps\\vendor\\laravel\\framework\\src\\Illuminate\\Routing\\Router.php(822): Illuminate\\Routing\\Route->run()
#14 C:\\Users\\zahra\\Documents\\GitHub\\devOps\\vendor\\laravel\\framework\\src\\Illuminate\\Pipeline\\Pipeline.php(180): Illuminate\\Routing\\Router->Illuminate\\Routing\\{closure}(Object(Illuminate\\Http\\Request))
#15 C:\\Users\\zahra\\Documents\\GitHub\\devOps\\app\\Http\\Middleware\\CheckRole.php(34): Illuminate\\Pipeline\\Pipeline->Illuminate\\Pipeline\\{closure}(Object(Illuminate\\Http\\Request))
#16 C:\\Users\\zahra\\Documents\\GitHub\\devOps\\vendor\\laravel\\framework\\src\\Illuminate\\Pipeline\\Pipeline.php(219): App\\Http\\Middleware\\CheckRole->handle(Object(Illuminate\\Http\\Request), Object(Closure), 'tu')
#17 C:\\Users\\zahra\\Documents\\GitHub\\devOps\\vendor\\laravel\\framework\\src\\Illuminate\\Foundation\\Http\\Middleware\\VerifyCsrfToken.php(87): Illuminate\\Pipeline\\Pipeline->Illuminate\\Pipeline\\{closure}(Object(Illuminate\\Http\\Request))
#18 C:\\Users\\zahra\\Documents\\GitHub\\devOps\\vendor\\laravel\\framework\\src\\Illuminate\\Pipeline\\Pipeline.php(219): Illuminate\\Foundation\\Http\\Middleware\\VerifyCsrfToken->handle(Object(Illuminate\\Http\\Request), Object(Closure))
#19 C:\\Users\\zahra\\Documents\\GitHub\\devOps\\vendor\\laravel\\framework\\src\\Illuminate\\Routing\\Middleware\\SubstituteBindings.php(50): Illuminate\\Pipeline\\Pipeline->Illuminate\\Pipeline\\{closure}(Object(Illuminate\\Http\\Request))
#20 C:\\Users\\zahra\\Documents\\GitHub\\devOps\\vendor\\laravel\\framework\\src\\Illuminate\\Pipeline\\Pipeline.php(219): Illuminate\\Routing\\Middleware\\SubstituteBindings->handle(Object(Illuminate\\Http\\Request), Object(Closure))
#21 C:\\Users\\zahra\\Documents\\GitHub\\devOps\\vendor\\laravel\\framework\\src\\Illuminate\\Session\\Middleware\\AuthenticateSession.php(66): Illuminate\\Pipeline\\Pipeline->Illuminate\\Pipeline\\{closure}(Object(Illuminate\\Http\\Request))
#22 C:\\Users\\zahra\\Documents\\GitHub\\devOps\\vendor\\laravel\\framework\\src\\Illuminate\\Pipeline\\Pipeline.php(219): Illuminate\\Session\\Middleware\\AuthenticateSession->handle(Object(Illuminate\\Http\\Request), Object(Closure))
#23 C:\\Users\\zahra\\Documents\\GitHub\\devOps\\vendor\\laravel\\framework\\src\\Illuminate\\Auth\\Middleware\\Authenticate.php(63): Illuminate\\Pipeline\\Pipeline->Illuminate\\Pipeline\\{closure}(Object(Illuminate\\Http\\Request))
#24 C:\\Users\\zahra\\Documents\\GitHub\\devOps\\vendor\\laravel\\framework\\src\\Illuminate\\Pipeline\\Pipeline.php(219): Illuminate\\Auth\\Middleware\\Authenticate->handle(Object(Illuminate\\Http\\Request), Object(Closure))
#25 C:\\Users\\zahra\\Documents\\GitHub\\devOps\\vendor\\laravel\\framework\\src\\Illuminate\\Foundation\\Http\\Middleware\\VerifyCsrfToken.php(87): Illuminate\\Pipeline\\Pipeline->Illuminate\\Pipeline\\{closure}(Object(Illuminate\\Http\\Request))
#26 C:\\Users\\zahra\\Documents\\GitHub\\devOps\\vendor\\laravel\\framework\\src\\Illuminate\\Pipeline\\Pipeline.php(219): Illuminate\\Foundation\\Http\\Middleware\\VerifyCsrfToken->handle(Object(Illuminate\\Http\\Request), Object(Closure))
#27 C:\\Users\\zahra\\Documents\\GitHub\\devOps\\vendor\\laravel\\framework\\src\\Illuminate\\View\\Middleware\\ShareErrorsFromSession.php(48): Illuminate\\Pipeline\\Pipeline->Illuminate\\Pipeline\\{closure}(Object(Illuminate\\Http\\Request))
#28 C:\\Users\\zahra\\Documents\\GitHub\\devOps\\vendor\\laravel\\framework\\src\\Illuminate\\Pipeline\\Pipeline.php(219): Illuminate\\View\\Middleware\\ShareErrorsFromSession->handle(Object(Illuminate\\Http\\Request), Object(Closure))
#29 C:\\Users\\zahra\\Documents\\GitHub\\devOps\\vendor\\laravel\\framework\\src\\Illuminate\\Session\\Middleware\\StartSession.php(120): Illuminate\\Pipeline\\Pipeline->Illuminate\\Pipeline\\{closure}(Object(Illuminate\\Http\\Request))
#30 C:\\Users\\zahra\\Documents\\GitHub\\devOps\\vendor\\laravel\\framework\\src\\Illuminate\\Session\\Middleware\\StartSession.php(63): Illuminate\\Session\\Middleware\\StartSession->handleStatefulRequest(Object(Illuminate\\Http\\Request), Object(Illuminate\\Session\\Store), Object(Closure))
#31 C:\\Users\\zahra\\Documents\\GitHub\\devOps\\vendor\\laravel\\framework\\src\\Illuminate\\Pipeline\\Pipeline.php(219): Illuminate\\Session\\Middleware\\StartSession->handle(Object(Illuminate\\Http\\Request), Object(Closure))
#32 C:\\Users\\zahra\\Documents\\GitHub\\devOps\\vendor\\laravel\\framework\\src\\Illuminate\\Cookie\\Middleware\\AddQueuedCookiesToResponse.php(36): Illuminate\\Pipeline\\Pipeline->Illuminate\\Pipeline\\{closure}(Object(Illuminate\\Http\\Request))
#33 C:\\Users\\zahra\\Documents\\GitHub\\devOps\\vendor\\laravel\\framework\\src\\Illuminate\\Pipeline\\Pipeline.php(219): Illuminate\\Cookie\\Middleware\\AddQueuedCookiesToResponse->handle(Object(Illuminate\\Http\\Request), Object(Closure))
#34 C:\\Users\\zahra\\Documents\\GitHub\\devOps\\vendor\\laravel\\framework\\src\\Illuminate\\Cookie\\Middleware\\EncryptCookies.php(74): Illuminate\\Pipeline\\Pipeline->Illuminate\\Pipeline\\{closure}(Object(Illuminate\\Http\\Request))
#35 C:\\Users\\zahra\\Documents\\GitHub\\devOps\\vendor\\laravel\\framework\\src\\Illuminate\\Pipeline\\Pipeline.php(219): Illuminate\\Cookie\\Middleware\\EncryptCookies->handle(Object(Illuminate\\Http\\Request), Object(Closure))
#36 C:\\Users\\zahra\\Documents\\GitHub\\devOps\\vendor\\laravel\\framework\\src\\Illuminate\\Pipeline\\Pipeline.php(137): Illuminate\\Pipeline\\Pipeline->Illuminate\\Pipeline\\{closure}(Object(Illuminate\\Http\\Request))
#37 C:\\Users\\zahra\\Documents\\GitHub\\devOps\\vendor\\laravel\\framework\\src\\Illuminate\\Routing\\Router.php(821): Illuminate\\Pipeline\\Pipeline->then(Object(Closure))
#38 C:\\Users\\zahra\\Documents\\GitHub\\devOps\\vendor\\laravel\\framework\\src\\Illuminate\\Routing\\Router.php(800): Illuminate\\Routing\\Router->runRouteWithinStack(Object(Illuminate\\Routing\\Route), Object(Illuminate\\Http\\Request))
#39 C:\\Users\\zahra\\Documents\\GitHub\\devOps\\vendor\\laravel\\framework\\src\\Illuminate\\Routing\\Router.php(764): Illuminate\\Routing\\Router->runRoute(Object(Illuminate\\Http\\Request), Object(Illuminate\\Routing\\Route))
#40 C:\\Users\\zahra\\Documents\\GitHub\\devOps\\vendor\\laravel\\framework\\src\\Illuminate\\Routing\\Router.php(753): Illuminate\\Routing\\Router->dispatchToRoute(Object(Illuminate\\Http\\Request))
#41 C:\\Users\\zahra\\Documents\\GitHub\\devOps\\vendor\\laravel\\framework\\src\\Illuminate\\Foundation\\Http\\Kernel.php(200): Illuminate\\Routing\\Router->dispatch(Object(Illuminate\\Http\\Request))
#42 C:\\Users\\zahra\\Documents\\GitHub\\devOps\\vendor\\laravel\\framework\\src\\Illuminate\\Pipeline\\Pipeline.php(180): Illuminate\\Foundation\\Http\\Kernel->Illuminate\\Foundation\\Http\\{closure}(Object(Illuminate\\Http\\Request))
#43 C:\\Users\\zahra\\Documents\\GitHub\\devOps\\vendor\\laravel\\framework\\src\\Illuminate\\Foundation\\Http\\Middleware\\TransformsRequest.php(21): Illuminate\\Pipeline\\Pipeline->Illuminate\\Pipeline\\{closure}(Object(Illuminate\\Http\\Request))
#44 C:\\Users\\zahra\\Documents\\GitHub\\devOps\\vendor\\laravel\\framework\\src\\Illuminate\\Foundation\\Http\\Middleware\\ConvertEmptyStringsToNull.php(31): Illuminate\\Foundation\\Http\\Middleware\\TransformsRequest->handle(Object(Illuminate\\Http\\Request), Object(Closure))
#45 C:\\Users\\zahra\\Documents\\GitHub\\devOps\\vendor\\laravel\\framework\\src\\Illuminate\\Pipeline\\Pipeline.php(219): Illuminate\\Foundation\\Http\\Middleware\\ConvertEmptyStringsToNull->handle(Object(Illuminate\\Http\\Request), Object(Closure))
#46 C:\\Users\\zahra\\Documents\\GitHub\\devOps\\vendor\\laravel\\framework\\src\\Illuminate\\Foundation\\Http\\Middleware\\TransformsRequest.php(21): Illuminate\\Pipeline\\Pipeline->Illuminate\\Pipeline\\{closure}(Object(Illuminate\\Http\\Request))
#47 C:\\Users\\zahra\\Documents\\GitHub\\devOps\\vendor\\laravel\\framework\\src\\Illuminate\\Foundation\\Http\\Middleware\\TrimStrings.php(51): Illuminate\\Foundation\\Http\\Middleware\\TransformsRequest->handle(Object(Illuminate\\Http\\Request), Object(Closure))
#48 C:\\Users\\zahra\\Documents\\GitHub\\devOps\\vendor\\laravel\\framework\\src\\Illuminate\\Pipeline\\Pipeline.php(219): Illuminate\\Foundation\\Http\\Middleware\\TrimStrings->handle(Object(Illuminate\\Http\\Request), Object(Closure))
#49 C:\\Users\\zahra\\Documents\\GitHub\\devOps\\vendor\\laravel\\framework\\src\\Illuminate\\Http\\Middleware\\ValidatePostSize.php(27): Illuminate\\Pipeline\\Pipeline->Illuminate\\Pipeline\\{closure}(Object(Illuminate\\Http\\Request))
#50 C:\\Users\\zahra\\Documents\\GitHub\\devOps\\vendor\\laravel\\framework\\src\\Illuminate\\Pipeline\\Pipeline.php(219): Illuminate\\Http\\Middleware\\ValidatePostSize->handle(Object(Illuminate\\Http\\Request), Object(Closure))
#51 C:\\Users\\zahra\\Documents\\GitHub\\devOps\\vendor\\laravel\\framework\\src\\Illuminate\\Foundation\\Http\\Middleware\\PreventRequestsDuringMaintenance.php(109): Illuminate\\Pipeline\\Pipeline->Illuminate\\Pipeline\\{closure}(Object(Illuminate\\Http\\Request))
#52 C:\\Users\\zahra\\Documents\\GitHub\\devOps\\vendor\\laravel\\framework\\src\\Illuminate\\Pipeline\\Pipeline.php(219): Illuminate\\Foundation\\Http\\Middleware\\PreventRequestsDuringMaintenance->handle(Object(Illuminate\\Http\\Request), Object(Closure))
#53 C:\\Users\\zahra\\Documents\\GitHub\\devOps\\vendor\\laravel\\framework\\src\\Illuminate\\Http\\Middleware\\HandleCors.php(48): Illuminate\\Pipeline\\Pipeline->Illuminate\\Pipeline\\{closure}(Object(Illuminate\\Http\\Request))
#54 C:\\Users\\zahra\\Documents\\GitHub\\devOps\\vendor\\laravel\\framework\\src\\Illuminate\\Pipeline\\Pipeline.php(219): Illuminate\\Http\\Middleware\\HandleCors->handle(Object(Illuminate\\Http\\Request), Object(Closure))
#55 C:\\Users\\zahra\\Documents\\GitHub\\devOps\\vendor\\laravel\\framework\\src\\Illuminate\\Http\\Middleware\\TrustProxies.php(58): Illuminate\\Pipeline\\Pipeline->Illuminate\\Pipeline\\{closure}(Object(Illuminate\\Http\\Request))
#56 C:\\Users\\zahra\\Documents\\GitHub\\devOps\\vendor\\laravel\\framework\\src\\Illuminate\\Pipeline\\Pipeline.php(219): Illuminate\\Http\\Middleware\\TrustProxies->handle(Object(Illuminate\\Http\\Request), Object(Closure))
#57 C:\\Users\\zahra\\Documents\\GitHub\\devOps\\vendor\\laravel\\framework\\src\\Illuminate\\Foundation\\Http\\Middleware\\InvokeDeferredCallbacks.php(22): Illuminate\\Pipeline\\Pipeline->Illuminate\\Pipeline\\{closure}(Object(Illuminate\\Http\\Request))
#58 C:\\Users\\zahra\\Documents\\GitHub\\devOps\\vendor\\laravel\\framework\\src\\Illuminate\\Pipeline\\Pipeline.php(219): Illuminate\\Foundation\\Http\\Middleware\\InvokeDeferredCallbacks->handle(Object(Illuminate\\Http\\Request), Object(Closure))
#59 C:\\Users\\zahra\\Documents\\GitHub\\devOps\\vendor\\laravel\\framework\\src\\Illuminate\\Http\\Middleware\\ValidatePathEncoding.php(26): Illuminate\\Pipeline\\Pipeline->Illuminate\\Pipeline\\{closure}(Object(Illuminate\\Http\\Request))
#60 C:\\Users\\zahra\\Documents\\GitHub\\devOps\\vendor\\laravel\\framework\\src\\Illuminate\\Pipeline\\Pipeline.php(219): Illuminate\\Http\\Middleware\\ValidatePathEncoding->handle(Object(Illuminate\\Http\\Request), Object(Closure))
#61 C:\\Users\\zahra\\Documents\\GitHub\\devOps\\vendor\\laravel\\framework\\src\\Illuminate\\Pipeline\\Pipeline.php(137): Illuminate\\Pipeline\\Pipeline->Illuminate\\Pipeline\\{closure}(Object(Illuminate\\Http\\Request))
#62 C:\\Users\\zahra\\Documents\\GitHub\\devOps\\vendor\\laravel\\framework\\src\\Illuminate\\Foundation\\Http\\Kernel.php(175): Illuminate\\Pipeline\\Pipeline->then(Object(Closure))
#63 C:\\Users\\zahra\\Documents\\GitHub\\devOps\\vendor\\laravel\\framework\\src\\Illuminate\\Foundation\\Http\\Kernel.php(144): Illuminate\\Foundation\\Http\\Kernel->sendRequestThroughRouter(Object(Illuminate\\Http\\Request))
#64 C:\\Users\\zahra\\Documents\\GitHub\\devOps\\vendor\\laravel\\framework\\src\\Illuminate\\Foundation\\Application.php(1220): Illuminate\\Foundation\\Http\\Kernel->handle(Object(Illuminate\\Http\\Request))
#65 C:\\Users\\zahra\\Documents\\GitHub\\devOps\\public\\index.php(20): Illuminate\\Foundation\\Application->handleRequest(Object(Illuminate\\Http\\Request))
#66 C:\\Users\\zahra\\Documents\\GitHub\\devOps\\vendor\\laravel\\framework\\src\\Illuminate\\Foundation\\resources\\server.php(23): require_once('C:\\\\Users\\\\zahra\\\\...')
#67 {main}

[previous exception] [object] (Aws\\S3\\Exception\\S3Exception(code: 0): Error executing \"ListObjects\" on \"http://127.0.0.1:9000/sidora-documents?prefix=dokumen%2Fdokumen_120_v2_1764558362.pdf%2F&delimiter=%2F&encoding-type=url\"; AWS HTTP error: cURL error 7: Failed to connect to 127.0.0.1 port 9000 after 2051 ms: Couldn't connect to server (see https://curl.haxx.se/libcurl/c/libcurl-errors.html) for http://127.0.0.1:9000/sidora-documents?prefix=dokumen%2Fdokumen_120_v2_1764558362.pdf%2F&delimiter=%2F&encoding-type=url at C:\\Users\\zahra\\Documents\\GitHub\\devOps\\vendor\\aws\\aws-sdk-php\\src\\WrappedHttpHandler.php:195)
[stacktrace]
#0 C:\\Users\\zahra\\Documents\\GitHub\\devOps\\vendor\\aws\\aws-sdk-php\\src\\WrappedHttpHandler.php(96): Aws\\WrappedHttpHandler->parseError(Array, Object(GuzzleHttp\\Psr7\\Request), Object(Aws\\Command), Array)
#1 C:\\Users\\zahra\\Documents\\GitHub\\devOps\\vendor\\guzzlehttp\\promises\\src\\Promise.php(204): Aws\\WrappedHttpHandler->Aws\\{closure}(Array)
#2 C:\\Users\\zahra\\Documents\\GitHub\\devOps\\vendor\\guzzlehttp\\promises\\src\\Promise.php(169): GuzzleHttp\\Promise\\Promise::callHandler(2, Array, NULL)
#3 C:\\Users\\zahra\\Documents\\GitHub\\devOps\\vendor\\guzzlehttp\\promises\\src\\RejectedPromise.php(42): GuzzleHttp\\Promise\\Promise::GuzzleHttp\\Promise\\{closure}(Array)
#4 C:\\Users\\zahra\\Documents\\GitHub\\devOps\\vendor\\guzzlehttp\\promises\\src\\TaskQueue.php(48): GuzzleHttp\\Promise\\RejectedPromise::GuzzleHttp\\Promise\\{closure}()
#5 C:\\Users\\zahra\\Documents\\GitHub\\devOps\\vendor\\guzzlehttp\\guzzle\\src\\Handler\\CurlMultiHandler.php(167): GuzzleHttp\\Promise\\TaskQueue->run()
#6 C:\\Users\\zahra\\Documents\\GitHub\\devOps\\vendor\\guzzlehttp\\guzzle\\src\\Handler\\CurlMultiHandler.php(206): GuzzleHttp\\Handler\\CurlMultiHandler->tick()
#7 C:\\Users\\zahra\\Documents\\GitHub\\devOps\\vendor\\guzzlehttp\\promises\\src\\Promise.php(248): GuzzleHttp\\Handler\\CurlMultiHandler->execute(true)
#8 C:\\Users\\zahra\\Documents\\GitHub\\devOps\\vendor\\guzzlehttp\\promises\\src\\Promise.php(224): GuzzleHttp\\Promise\\Promise->invokeWaitFn()
#9 C:\\Users\\zahra\\Documents\\GitHub\\devOps\\vendor\\guzzlehttp\\promises\\src\\Promise.php(269): GuzzleHttp\\Promise\\Promise->waitIfPending()
#10 C:\\Users\\zahra\\Documents\\GitHub\\devOps\\vendor\\guzzlehttp\\promises\\src\\Promise.php(226): GuzzleHttp\\Promise\\Promise->invokeWaitList()
#11 C:\\Users\\zahra\\Documents\\GitHub\\devOps\\vendor\\guzzlehttp\\promises\\src\\Promise.php(269): GuzzleHttp\\Promise\\Promise->waitIfPending()
#12 C:\\Users\\zahra\\Documents\\GitHub\\devOps\\vendor\\guzzlehttp\\promises\\src\\Promise.php(226): GuzzleHttp\\Promise\\Promise->invokeWaitList()
#13 C:\\Users\\zahra\\Documents\\GitHub\\devOps\\vendor\\guzzlehttp\\promises\\src\\Promise.php(62): GuzzleHttp\\Promise\\Promise->waitIfPending()
#14 C:\\Users\\zahra\\Documents\\GitHub\\devOps\\vendor\\aws\\aws-sdk-php\\src\\AwsClientTrait.php(58): GuzzleHttp\\Promise\\Promise->wait()
#15 C:\\Users\\zahra\\Documents\\GitHub\\devOps\\vendor\\league\\flysystem-aws-s3-v3\\AwsS3V3Adapter.php(142): Aws\\AwsClient->execute(Object(Aws\\Command))
#16 C:\\Users\\zahra\\Documents\\GitHub\\devOps\\vendor\\league\\flysystem\\src\\Filesystem.php(50): League\\Flysystem\\AwsS3V3\\AwsS3V3Adapter->directoryExists('dokumen/dokumen...')
#17 C:\\Users\\zahra\\Documents\\GitHub\\devOps\\vendor\\laravel\\framework\\src\\Illuminate\\Filesystem\\FilesystemAdapter.php(212): League\\Flysystem\\Filesystem->has('dokumen/dokumen...')
#18 C:\\Users\\zahra\\Documents\\GitHub\\devOps\\app\\Http\\Controllers\\TU\\MonitoringController.php(292): Illuminate\\Filesystem\\FilesystemAdapter->exists('dokumen/dokumen...')
#19 C:\\Users\\zahra\\Documents\\GitHub\\devOps\\vendor\\symfony\\polyfill-php84\\Php84.php(82): App\\Http\\Controllers\\TU\\MonitoringController->App\\Http\\Controllers\\TU\\{closure}(Object(App\\Models\\VersiDokumen), 1)
#20 C:\\Users\\zahra\\Documents\\GitHub\\devOps\\vendor\\symfony\\polyfill-php84\\bootstrap.php(33): Symfony\\Polyfill\\Php84\\Php84::array_find_key(Array, Object(Closure))
#21 C:\\Users\\zahra\\Documents\\GitHub\\devOps\\vendor\\laravel\\framework\\src\\Illuminate\\Collections\\Arr.php(274): array_find_key(Array, Object(Closure))
#22 C:\\Users\\zahra\\Documents\\GitHub\\devOps\\vendor\\laravel\\framework\\src\\Illuminate\\Collections\\Collection.php(432): Illuminate\\Support\\Arr::first(Array, Object(Closure), NULL)
#23 C:\\Users\\zahra\\Documents\\GitHub\\devOps\\vendor\\laravel\\framework\\src\\Illuminate\\Collections\\Traits\\EnumeratesValues.php(329): Illuminate\\Support\\Collection->first(Object(Closure))
#24 C:\\Users\\zahra\\Documents\\GitHub\\devOps\\app\\Http\\Controllers\\TU\\MonitoringController.php(292): Illuminate\\Support\\Collection->firstWhere(Object(Closure))
#25 C:\\Users\\zahra\\Documents\\GitHub\\devOps\\vendor\\laravel\\framework\\src\\Illuminate\\Routing\\ControllerDispatcher.php(46): App\\Http\\Controllers\\TU\\MonitoringController->download('120', Object(Illuminate\\Http\\Request))
#26 C:\\Users\\zahra\\Documents\\GitHub\\devOps\\vendor\\laravel\\framework\\src\\Illuminate\\Routing\\Route.php(265): Illuminate\\Routing\\ControllerDispatcher->dispatch(Object(Illuminate\\Routing\\Route), Object(App\\Http\\Controllers\\TU\\MonitoringController), 'download')
#27 C:\\Users\\zahra\\Documents\\GitHub\\devOps\\vendor\\laravel\\framework\\src\\Illuminate\\Routing\\Route.php(211): Illuminate\\Routing\\Route->runController()
#28 C:\\Users\\zahra\\Documents\\GitHub\\devOps\\vendor\\laravel\\framework\\src\\Illuminate\\Routing\\Router.php(822): Illuminate\\Routing\\Route->run()
#29 C:\\Users\\zahra\\Documents\\GitHub\\devOps\\vendor\\laravel\\framework\\src\\Illuminate\\Pipeline\\Pipeline.php(180): Illuminate\\Routing\\Router->Illuminate\\Routing\\{closure}(Object(Illuminate\\Http\\Request))
#30 C:\\Users\\zahra\\Documents\\GitHub\\devOps\\app\\Http\\Middleware\\CheckRole.php(34): Illuminate\\Pipeline\\Pipeline->Illuminate\\Pipeline\\{closure}(Object(Illuminate\\Http\\Request))
#31 C:\\Users\\zahra\\Documents\\GitHub\\devOps\\vendor\\laravel\\framework\\src\\Illuminate\\Pipeline\\Pipeline.php(219): App\\Http\\Middleware\\CheckRole->handle(Object(Illuminate\\Http\\Request), Object(Closure), 'tu')
#32 C:\\Users\\zahra\\Documents\\GitHub\\devOps\\vendor\\laravel\\framework\\src\\Illuminate\\Foundation\\Http\\Middleware\\VerifyCsrfToken.php(87): Illuminate\\Pipeline\\Pipeline->Illuminate\\Pipeline\\{closure}(Object(Illuminate\\Http\\Request))
#33 C:\\Users\\zahra\\Documents\\GitHub\\devOps\\vendor\\laravel\\framework\\src\\Illuminate\\Pipeline\\Pipeline.php(219): Illuminate\\Foundation\\Http\\Middleware\\VerifyCsrfToken->handle(Object(Illuminate\\Http\\Request), Object(Closure))
#34 C:\\Users\\zahra\\Documents\\GitHub\\devOps\\vendor\\laravel\\framework\\src\\Illuminate\\Routing\\Middleware\\SubstituteBindings.php(50): Illuminate\\Pipeline\\Pipeline->Illuminate\\Pipeline\\{closure}(Object(Illuminate\\Http\\Request))
#35 C:\\Users\\zahra\\Documents\\GitHub\\devOps\\vendor\\laravel\\framework\\src\\Illuminate\\Pipeline\\Pipeline.php(219): Illuminate\\Routing\\Middleware\\SubstituteBindings->handle(Object(Illuminate\\Http\\Request), Object(Closure))
#36 C:\\Users\\zahra\\Documents\\GitHub\\devOps\\vendor\\laravel\\framework\\src\\Illuminate\\Session\\Middleware\\AuthenticateSession.php(66): Illuminate\\Pipeline\\Pipeline->Illuminate\\Pipeline\\{closure}(Object(Illuminate\\Http\\Request))
#37 C:\\Users\\zahra\\Documents\\GitHub\\devOps\\vendor\\laravel\\framework\\src\\Illuminate\\Pipeline\\Pipeline.php(219): Illuminate\\Session\\Middleware\\AuthenticateSession->handle(Object(Illuminate\\Http\\Request), Object(Closure))
#38 C:\\Users\\zahra\\Documents\\GitHub\\devOps\\vendor\\laravel\\framework\\src\\Illuminate\\Auth\\Middleware\\Authenticate.php(63): Illuminate\\Pipeline\\Pipeline->Illuminate\\Pipeline\\{closure}(Object(Illuminate\\Http\\Request))
#39 C:\\Users\\zahra\\Documents\\GitHub\\devOps\\vendor\\laravel\\framework\\src\\Illuminate\\Pipeline\\Pipeline.php(219): Illuminate\\Auth\\Middleware\\Authenticate->handle(Object(Illuminate\\Http\\Request), Object(Closure))
#40 C:\\Users\\zahra\\Documents\\GitHub\\devOps\\vendor\\laravel\\framework\\src\\Illuminate\\Foundation\\Http\\Middleware\\VerifyCsrfToken.php(87): Illuminate\\Pipeline\\Pipeline->Illuminate\\Pipeline\\{closure}(Object(Illuminate\\Http\\Request))
#41 C:\\Users\\zahra\\Documents\\GitHub\\devOps\\vendor\\laravel\\framework\\src\\Illuminate\\Pipeline\\Pipeline.php(219): Illuminate\\Foundation\\Http\\Middleware\\VerifyCsrfToken->handle(Object(Illuminate\\Http\\Request), Object(Closure))
#42 C:\\Users\\zahra\\Documents\\GitHub\\devOps\\vendor\\laravel\\framework\\src\\Illuminate\\View\\Middleware\\ShareErrorsFromSession.php(48): Illuminate\\Pipeline\\Pipeline->Illuminate\\Pipeline\\{closure}(Object(Illuminate\\Http\\Request))
#43 C:\\Users\\zahra\\Documents\\GitHub\\devOps\\vendor\\laravel\\framework\\src\\Illuminate\\Pipeline\\Pipeline.php(219): Illuminate\\View\\Middleware\\ShareErrorsFromSession->handle(Object(Illuminate\\Http\\Request), Object(Closure))
#44 C:\\Users\\zahra\\Documents\\GitHub\\devOps\\vendor\\laravel\\framework\\src\\Illuminate\\Session\\Middleware\\StartSession.php(120): Illuminate\\Pipeline\\Pipeline->Illuminate\\Pipeline\\{closure}(Object(Illuminate\\Http\\Request))
#45 C:\\Users\\zahra\\Documents\\GitHub\\devOps\\vendor\\laravel\\framework\\src\\Illuminate\\Session\\Middleware\\StartSession.php(63): Illuminate\\Session\\Middleware\\StartSession->handleStatefulRequest(Object(Illuminate\\Http\\Request), Object(Illuminate\\Session\\Store), Object(Closure))
#46 C:\\Users\\zahra\\Documents\\GitHub\\devOps\\vendor\\laravel\\framework\\src\\Illuminate\\Pipeline\\Pipeline.php(219): Illuminate\\Session\\Middleware\\StartSession->handle(Object(Illuminate\\Http\\Request), Object(Closure))
#47 C:\\Users\\zahra\\Documents\\GitHub\\devOps\\vendor\\laravel\\framework\\src\\Illuminate\\Cookie\\Middleware\\AddQueuedCookiesToResponse.php(36): Illuminate\\Pipeline\\Pipeline->Illuminate\\Pipeline\\{closure}(Object(Illuminate\\Http\\Request))
#48 C:\\Users\\zahra\\Documents\\GitHub\\devOps\\vendor\\laravel\\framework\\src\\Illuminate\\Pipeline\\Pipeline.php(219): Illuminate\\Cookie\\Middleware\\AddQueuedCookiesToResponse->handle(Object(Illuminate\\Http\\Request), Object(Closure))
#49 C:\\Users\\zahra\\Documents\\GitHub\\devOps\\vendor\\laravel\\framework\\src\\Illuminate\\Cookie\\Middleware\\EncryptCookies.php(74): Illuminate\\Pipeline\\Pipeline->Illuminate\\Pipeline\\{closure}(Object(Illuminate\\Http\\Request))
#50 C:\\Users\\zahra\\Documents\\GitHub\\devOps\\vendor\\laravel\\framework\\src\\Illuminate\\Pipeline\\Pipeline.php(219): Illuminate\\Cookie\\Middleware\\EncryptCookies->handle(Object(Illuminate\\Http\\Request), Object(Closure))
#51 C:\\Users\\zahra\\Documents\\GitHub\\devOps\\vendor\\laravel\\framework\\src\\Illuminate\\Pipeline\\Pipeline.php(137): Illuminate\\Pipeline\\Pipeline->Illuminate\\Pipeline\\{closure}(Object(Illuminate\\Http\\Request))
#52 C:\\Users\\zahra\\Documents\\GitHub\\devOps\\vendor\\laravel\\framework\\src\\Illuminate\\Routing\\Router.php(821): Illuminate\\Pipeline\\Pipeline->then(Object(Closure))
#53 C:\\Users\\zahra\\Documents\\GitHub\\devOps\\vendor\\laravel\\framework\\src\\Illuminate\\Routing\\Router.php(800): Illuminate\\Routing\\Router->runRouteWithinStack(Object(Illuminate\\Routing\\Route), Object(Illuminate\\Http\\Request))
#54 C:\\Users\\zahra\\Documents\\GitHub\\devOps\\vendor\\laravel\\framework\\src\\Illuminate\\Routing\\Router.php(764): Illuminate\\Routing\\Router->runRoute(Object(Illuminate\\Http\\Request), Object(Illuminate\\Routing\\Route))
#55 C:\\Users\\zahra\\Documents\\GitHub\\devOps\\vendor\\laravel\\framework\\src\\Illuminate\\Routing\\Router.php(753): Illuminate\\Routing\\Router->dispatchToRoute(Object(Illuminate\\Http\\Request))
#56 C:\\Users\\zahra\\Documents\\GitHub\\devOps\\vendor\\laravel\\framework\\src\\Illuminate\\Foundation\\Http\\Kernel.php(200): Illuminate\\Routing\\Router->dispatch(Object(Illuminate\\Http\\Request))
#57 C:\\Users\\zahra\\Documents\\GitHub\\devOps\\vendor\\laravel\\framework\\src\\Illuminate\\Pipeline\\Pipeline.php(180): Illuminate\\Foundation\\Http\\Kernel->Illuminate\\Foundation\\Http\\{closure}(Object(Illuminate\\Http\\Request))
#58 C:\\Users\\zahra\\Documents\\GitHub\\devOps\\vendor\\laravel\\framework\\src\\Illuminate\\Foundation\\Http\\Middleware\\TransformsRequest.php(21): Illuminate\\Pipeline\\Pipeline->Illuminate\\Pipeline\\{closure}(Object(Illuminate\\Http\\Request))
#59 C:\\Users\\zahra\\Documents\\GitHub\\devOps\\vendor\\laravel\\framework\\src\\Illuminate\\Foundation\\Http\\Middleware\\ConvertEmptyStringsToNull.php(31): Illuminate\\Foundation\\Http\\Middleware\\TransformsRequest->handle(Object(Illuminate\\Http\\Request), Object(Closure))
#60 C:\\Users\\zahra\\Documents\\GitHub\\devOps\\vendor\\laravel\\framework\\src\\Illuminate\\Pipeline\\Pipeline.php(219): Illuminate\\Foundation\\Http\\Middleware\\ConvertEmptyStringsToNull->handle(Object(Illuminate\\Http\\Request), Object(Closure))
#61 C:\\Users\\zahra\\Documents\\GitHub\\devOps\\vendor\\laravel\\framework\\src\\Illuminate\\Foundation\\Http\\Middleware\\TransformsRequest.php(21): Illuminate\\Pipeline\\Pipeline->Illuminate\\Pipeline\\{closure}(Object(Illuminate\\Http\\Request))
#62 C:\\Users\\zahra\\Documents\\GitHub\\devOps\\vendor\\laravel\\framework\\src\\Illuminate\\Foundation\\Http\\Middleware\\TrimStrings.php(51): Illuminate\\Foundation\\Http\\Middleware\\TransformsRequest->handle(Object(Illuminate\\Http\\Request), Object(Closure))
#63 C:\\Users\\zahra\\Documents\\GitHub\\devOps\\vendor\\laravel\\framework\\src\\Illuminate\\Pipeline\\Pipeline.php(219): Illuminate\\Foundation\\Http\\Middleware\\TrimStrings->handle(Object(Illuminate\\Http\\Request), Object(Closure))
#64 C:\\Users\\zahra\\Documents\\GitHub\\devOps\\vendor\\laravel\\framework\\src\\Illuminate\\Http\\Middleware\\ValidatePostSize.php(27): Illuminate\\Pipeline\\Pipeline->Illuminate\\Pipeline\\{closure}(Object(Illuminate\\Http\\Request))
#65 C:\\Users\\zahra\\Documents\\GitHub\\devOps\\vendor\\laravel\\framework\\src\\Illuminate\\Pipeline\\Pipeline.php(219): Illuminate\\Http\\Middleware\\ValidatePostSize->handle(Object(Illuminate\\Http\\Request), Object(Closure))
#66 C:\\Users\\zahra\\Documents\\GitHub\\devOps\\vendor\\laravel\\framework\\src\\Illuminate\\Foundation\\Http\\Middleware\\PreventRequestsDuringMaintenance.php(109): Illuminate\\Pipeline\\Pipeline->Illuminate\\Pipeline\\{closure}(Object(Illuminate\\Http\\Request))
#67 C:\\Users\\zahra\\Documents\\GitHub\\devOps\\vendor\\laravel\\framework\\src\\Illuminate\\Pipeline\\Pipeline.php(219): Illuminate\\Foundation\\Http\\Middleware\\PreventRequestsDuringMaintenance->handle(Object(Illuminate\\Http\\Request), Object(Closure))
#68 C:\\Users\\zahra\\Documents\\GitHub\\devOps\\vendor\\laravel\\framework\\src\\Illuminate\\Http\\Middleware\\HandleCors.php(48): Illuminate\\Pipeline\\Pipeline->Illuminate\\Pipeline\\{closure}(Object(Illuminate\\Http\\Request))
#69 C:\\Users\\zahra\\Documents\\GitHub\\devOps\\vendor\\laravel\\framework\\src\\Illuminate\\Pipeline\\Pipeline.php(219): Illuminate\\Http\\Middleware\\HandleCors->handle(Object(Illuminate\\Http\\Request), Object(Closure))
#70 C:\\Users\\zahra\\Documents\\GitHub\\devOps\\vendor\\laravel\\framework\\src\\Illuminate\\Http\\Middleware\\TrustProxies.php(58): Illuminate\\Pipeline\\Pipeline->Illuminate\\Pipeline\\{closure}(Object(Illuminate\\Http\\Request))
#71 C:\\Users\\zahra\\Documents\\GitHub\\devOps\\vendor\\laravel\\framework\\src\\Illuminate\\Pipeline\\Pipeline.php(219): Illuminate\\Http\\Middleware\\TrustProxies->handle(Object(Illuminate\\Http\\Request), Object(Closure))
#72 C:\\Users\\zahra\\Documents\\GitHub\\devOps\\vendor\\laravel\\framework\\src\\Illuminate\\Foundation\\Http\\Middleware\\InvokeDeferredCallbacks.php(22): Illuminate\\Pipeline\\Pipeline->Illuminate\\Pipeline\\{closure}(Object(Illuminate\\Http\\Request))
#73 C:\\Users\\zahra\\Documents\\GitHub\\devOps\\vendor\\laravel\\framework\\src\\Illuminate\\Pipeline\\Pipeline.php(219): Illuminate\\Foundation\\Http\\Middleware\\InvokeDeferredCallbacks->handle(Object(Illuminate\\Http\\Request), Object(Closure))
#74 C:\\Users\\zahra\\Documents\\GitHub\\devOps\\vendor\\laravel\\framework\\src\\Illuminate\\Http\\Middleware\\ValidatePathEncoding.php(26): Illuminate\\Pipeline\\Pipeline->Illuminate\\Pipeline\\{closure}(Object(Illuminate\\Http\\Request))
#75 C:\\Users\\zahra\\Documents\\GitHub\\devOps\\vendor\\laravel\\framework\\src\\Illuminate\\Pipeline\\Pipeline.php(219): Illuminate\\Http\\Middleware\\ValidatePathEncoding->handle(Object(Illuminate\\Http\\Request), Object(Closure))
#76 C:\\Users\\zahra\\Documents\\GitHub\\devOps\\vendor\\laravel\\framework\\src\\Illuminate\\Pipeline\\Pipeline.php(137): Illuminate\\Pipeline\\Pipeline->Illuminate\\Pipeline\\{closure}(Object(Illuminate\\Http\\Request))
#77 C:\\Users\\zahra\\Documents\\GitHub\\devOps\\vendor\\laravel\\framework\\src\\Illuminate\\Foundation\\Http\\Kernel.php(175): Illuminate\\Pipeline\\Pipeline->then(Object(Closure))
#78 C:\\Users\\zahra\\Documents\\GitHub\\devOps\\vendor\\laravel\\framework\\src\\Illuminate\\Foundation\\Http\\Kernel.php(144): Illuminate\\Foundation\\Http\\Kernel->sendRequestThroughRouter(Object(Illuminate\\Http\\Request))
#79 C:\\Users\\zahra\\Documents\\GitHub\\devOps\\vendor\\laravel\\framework\\src\\Illuminate\\Foundation\\Application.php(1220): Illuminate\\Foundation\\Http\\Kernel->handle(Object(Illuminate\\Http\\Request))
#80 C:\\Users\\zahra\\Documents\\GitHub\\devOps\\public\\index.php(20): Illuminate\\Foundation\\Application->handleRequest(Object(Illuminate\\Http\\Request))
#81 C:\\Users\\zahra\\Documents\\GitHub\\devOps\\vendor\\laravel\\framework\\src\\Illuminate\\Foundation\\resources\\server.php(23): require_once('C:\\\\Users\\\\zahra\\\\...')
#82 {main}

[previous exception] [object] (GuzzleHttp\\Exception\\ConnectException(code: 0): cURL error 7: Failed to connect to 127.0.0.1 port 9000 after 2051 ms: Couldn't connect to server (see https://curl.haxx.se/libcurl/c/libcurl-errors.html) for http://127.0.0.1:9000/sidora-documents?prefix=dokumen%2Fdokumen_120_v2_1764558362.pdf%2F&delimiter=%2F&encoding-type=url at C:\\Users\\zahra\\Documents\\GitHub\\devOps\\vendor\\guzzlehttp\\guzzle\\src\\Handler\\CurlFactory.php:275)
[stacktrace]
#0 C:\\Users\\zahra\\Documents\\GitHub\\devOps\\vendor\\guzzlehttp\\guzzle\\src\\Handler\\CurlFactory.php(205): GuzzleHttp\\Handler\\CurlFactory::createRejection(Object(GuzzleHttp\\Handler\\EasyHandle), Array)
#1 C:\\Users\\zahra\\Documents\\GitHub\\devOps\\vendor\\guzzlehttp\\guzzle\\src\\Handler\\CurlFactory.php(157): GuzzleHttp\\Handler\\CurlFactory::finishError(Object(GuzzleHttp\\Handler\\CurlMultiHandler), Object(GuzzleHttp\\Handler\\EasyHandle), Object(GuzzleHttp\\Handler\\CurlFactory))
#2 C:\\Users\\zahra\\Documents\\GitHub\\devOps\\vendor\\guzzlehttp\\guzzle\\src\\Handler\\CurlMultiHandler.php(267): GuzzleHttp\\Handler\\CurlFactory::finish(Object(GuzzleHttp\\Handler\\CurlMultiHandler), Object(GuzzleHttp\\Handler\\EasyHandle), Object(GuzzleHttp\\Handler\\CurlFactory))
#3 C:\\Users\\zahra\\Documents\\GitHub\\devOps\\vendor\\guzzlehttp\\guzzle\\src\\Handler\\CurlMultiHandler.php(180): GuzzleHttp\\Handler\\CurlMultiHandler->processMessages()
#4 C:\\Users\\zahra\\Documents\\GitHub\\devOps\\vendor\\guzzlehttp\\guzzle\\src\\Handler\\CurlMultiHandler.php(206): GuzzleHttp\\Handler\\CurlMultiHandler->tick()
#5 C:\\Users\\zahra\\Documents\\GitHub\\devOps\\vendor\\guzzlehttp\\promises\\src\\Promise.php(248): GuzzleHttp\\Handler\\CurlMultiHandler->execute(true)
#6 C:\\Users\\zahra\\Documents\\GitHub\\devOps\\vendor\\guzzlehttp\\promises\\src\\Promise.php(224): GuzzleHttp\\Promise\\Promise->invokeWaitFn()
#7 C:\\Users\\zahra\\Documents\\GitHub\\devOps\\vendor\\guzzlehttp\\promises\\src\\Promise.php(269): GuzzleHttp\\Promise\\Promise->waitIfPending()
#8 C:\\Users\\zahra\\Documents\\GitHub\\devOps\\vendor\\guzzlehttp\\promises\\src\\Promise.php(226): GuzzleHttp\\Promise\\Promise->invokeWaitList()
#9 C:\\Users\\zahra\\Documents\\GitHub\\devOps\\vendor\\guzzlehttp\\promises\\src\\Promise.php(269): GuzzleHttp\\Promise\\Promise->waitIfPending()
#10 C:\\Users\\zahra\\Documents\\GitHub\\devOps\\vendor\\guzzlehttp\\promises\\src\\Promise.php(226): GuzzleHttp\\Promise\\Promise->invokeWaitList()
#11 C:\\Users\\zahra\\Documents\\GitHub\\devOps\\vendor\\guzzlehttp\\promises\\src\\Promise.php(62): GuzzleHttp\\Promise\\Promise->waitIfPending()
#12 C:\\Users\\zahra\\Documents\\GitHub\\devOps\\vendor\\aws\\aws-sdk-php\\src\\AwsClientTrait.php(58): GuzzleHttp\\Promise\\Promise->wait()
#13 C:\\Users\\zahra\\Documents\\GitHub\\devOps\\vendor\\league\\flysystem-aws-s3-v3\\AwsS3V3Adapter.php(142): Aws\\AwsClient->execute(Object(Aws\\Command))
#14 C:\\Users\\zahra\\Documents\\GitHub\\devOps\\vendor\\league\\flysystem\\src\\Filesystem.php(50): League\\Flysystem\\AwsS3V3\\AwsS3V3Adapter->directoryExists('dokumen/dokumen...')
#15 C:\\Users\\zahra\\Documents\\GitHub\\devOps\\vendor\\laravel\\framework\\src\\Illuminate\\Filesystem\\FilesystemAdapter.php(212): League\\Flysystem\\Filesystem->has('dokumen/dokumen...')
#16 C:\\Users\\zahra\\Documents\\GitHub\\devOps\\app\\Http\\Controllers\\TU\\MonitoringController.php(292): Illuminate\\Filesystem\\FilesystemAdapter->exists('dokumen/dokumen...')
#17 C:\\Users\\zahra\\Documents\\GitHub\\devOps\\vendor\\symfony\\polyfill-php84\\Php84.php(82): App\\Http\\Controllers\\TU\\MonitoringController->App\\Http\\Controllers\\TU\\{closure}(Object(App\\Models\\VersiDokumen), 1)
#18 C:\\Users\\zahra\\Documents\\GitHub\\devOps\\vendor\\symfony\\polyfill-php84\\bootstrap.php(33): Symfony\\Polyfill\\Php84\\Php84::array_find_key(Array, Object(Closure))
#19 C:\\Users\\zahra\\Documents\\GitHub\\devOps\\vendor\\laravel\\framework\\src\\Illuminate\\Collections\\Arr.php(274): array_find_key(Array, Object(Closure))
#20 C:\\Users\\zahra\\Documents\\GitHub\\devOps\\vendor\\laravel\\framework\\src\\Illuminate\\Collections\\Collection.php(432): Illuminate\\Support\\Arr::first(Array, Object(Closure), NULL)
#21 C:\\Users\\zahra\\Documents\\GitHub\\devOps\\vendor\\laravel\\framework\\src\\Illuminate\\Collections\\Traits\\EnumeratesValues.php(329): Illuminate\\Support\\Collection->first(Object(Closure))
#22 C:\\Users\\zahra\\Documents\\GitHub\\devOps\\app\\Http\\Controllers\\TU\\MonitoringController.php(292): Illuminate\\Support\\Collection->firstWhere(Object(Closure))
#23 C:\\Users\\zahra\\Documents\\GitHub\\devOps\\vendor\\laravel\\framework\\src\\Illuminate\\Routing\\ControllerDispatcher.php(46): App\\Http\\Controllers\\TU\\MonitoringController->download('120', Object(Illuminate\\Http\\Request))
#24 C:\\Users\\zahra\\Documents\\GitHub\\devOps\\vendor\\laravel\\framework\\src\\Illuminate\\Routing\\Route.php(265): Illuminate\\Routing\\ControllerDispatcher->dispatch(Object(Illuminate\\Routing\\Route), Object(App\\Http\\Controllers\\TU\\MonitoringController), 'download')
#25 C:\\Users\\zahra\\Documents\\GitHub\\devOps\\vendor\\laravel\\framework\\src\\Illuminate\\Routing\\Route.php(211): Illuminate\\Routing\\Route->runController()
#26 C:\\Users\\zahra\\Documents\\GitHub\\devOps\\vendor\\laravel\\framework\\src\\Illuminate\\Routing\\Router.php(822): Illuminate\\Routing\\Route->run()
#27 C:\\Users\\zahra\\Documents\\GitHub\\devOps\\vendor\\laravel\\framework\\src\\Illuminate\\Pipeline\\Pipeline.php(180): Illuminate\\Routing\\Router->Illuminate\\Routing\\{closure}(Object(Illuminate\\Http\\Request))
#28 C:\\Users\\zahra\\Documents\\GitHub\\devOps\\app\\Http\\Middleware\\CheckRole.php(34): Illuminate\\Pipeline\\Pipeline->Illuminate\\Pipeline\\{closure}(Object(Illuminate\\Http\\Request))
#29 C:\\Users\\zahra\\Documents\\GitHub\\devOps\\vendor\\laravel\\framework\\src\\Illuminate\\Pipeline\\Pipeline.php(219): App\\Http\\Middleware\\CheckRole->handle(Object(Illuminate\\Http\\Request), Object(Closure), 'tu')
#30 C:\\Users\\zahra\\Documents\\GitHub\\devOps\\vendor\\laravel\\framework\\src\\Illuminate\\Foundation\\Http\\Middleware\\VerifyCsrfToken.php(87): Illuminate\\Pipeline\\Pipeline->Illuminate\\Pipeline\\{closure}(Object(Illuminate\\Http\\Request))
#31 C:\\Users\\zahra\\Documents\\GitHub\\devOps\\vendor\\laravel\\framework\\src\\Illuminate\\Pipeline\\Pipeline.php(219): Illuminate\\Foundation\\Http\\Middleware\\VerifyCsrfToken->handle(Object(Illuminate\\Http\\Request), Object(Closure))
#32 C:\\Users\\zahra\\Documents\\GitHub\\devOps\\vendor\\laravel\\framework\\src\\Illuminate\\Routing\\Middleware\\SubstituteBindings.php(50): Illuminate\\Pipeline\\Pipeline->Illuminate\\Pipeline\\{closure}(Object(Illuminate\\Http\\Request))
#33 C:\\Users\\zahra\\Documents\\GitHub\\devOps\\vendor\\laravel\\framework\\src\\Illuminate\\Pipeline\\Pipeline.php(219): Illuminate\\Routing\\Middleware\\SubstituteBindings->handle(Object(Illuminate\\Http\\Request), Object(Closure))
#34 C:\\Users\\zahra\\Documents\\GitHub\\devOps\\vendor\\laravel\\framework\\src\\Illuminate\\Session\\Middleware\\AuthenticateSession.php(66): Illuminate\\Pipeline\\Pipeline->Illuminate\\Pipeline\\{closure}(Object(Illuminate\\Http\\Request))
#35 C:\\Users\\zahra\\Documents\\GitHub\\devOps\\vendor\\laravel\\framework\\src\\Illuminate\\Pipeline\\Pipeline.php(219): Illuminate\\Session\\Middleware\\AuthenticateSession->handle(Object(Illuminate\\Http\\Request), Object(Closure))
#36 C:\\Users\\zahra\\Documents\\GitHub\\devOps\\vendor\\laravel\\framework\\src\\Illuminate\\Auth\\Middleware\\Authenticate.php(63): Illuminate\\Pipeline\\Pipeline->Illuminate\\Pipeline\\{closure}(Object(Illuminate\\Http\\Request))
#37 C:\\Users\\zahra\\Documents\\GitHub\\devOps\\vendor\\laravel\\framework\\src\\Illuminate\\Pipeline\\Pipeline.php(219): Illuminate\\Auth\\Middleware\\Authenticate->handle(Object(Illuminate\\Http\\Request), Object(Closure))
#38 C:\\Users\\zahra\\Documents\\GitHub\\devOps\\vendor\\laravel\\framework\\src\\Illuminate\\Foundation\\Http\\Middleware\\VerifyCsrfToken.php(87): Illuminate\\Pipeline\\Pipeline->Illuminate\\Pipeline\\{closure}(Object(Illuminate\\Http\\Request))
#39 C:\\Users\\zahra\\Documents\\GitHub\\devOps\\vendor\\laravel\\framework\\src\\Illuminate\\Pipeline\\Pipeline.php(219): Illuminate\\Foundation\\Http\\Middleware\\VerifyCsrfToken->handle(Object(Illuminate\\Http\\Request), Object(Closure))
#40 C:\\Users\\zahra\\Documents\\GitHub\\devOps\\vendor\\laravel\\framework\\src\\Illuminate\\View\\Middleware\\ShareErrorsFromSession.php(48): Illuminate\\Pipeline\\Pipeline->Illuminate\\Pipeline\\{closure}(Object(Illuminate\\Http\\Request))
#41 C:\\Users\\zahra\\Documents\\GitHub\\devOps\\vendor\\laravel\\framework\\src\\Illuminate\\Pipeline\\Pipeline.php(219): Illuminate\\View\\Middleware\\ShareErrorsFromSession->handle(Object(Illuminate\\Http\\Request), Object(Closure))
#42 C:\\Users\\zahra\\Documents\\GitHub\\devOps\\vendor\\laravel\\framework\\src\\Illuminate\\Session\\Middleware\\StartSession.php(120): Illuminate\\Pipeline\\Pipeline->Illuminate\\Pipeline\\{closure}(Object(Illuminate\\Http\\Request))
#43 C:\\Users\\zahra\\Documents\\GitHub\\devOps\\vendor\\laravel\\framework\\src\\Illuminate\\Session\\Middleware\\StartSession.php(63): Illuminate\\Session\\Middleware\\StartSession->handleStatefulRequest(Object(Illuminate\\Http\\Request), Object(Illuminate\\Session\\Store), Object(Closure))
#44 C:\\Users\\zahra\\Documents\\GitHub\\devOps\\vendor\\laravel\\framework\\src\\Illuminate\\Pipeline\\Pipeline.php(219): Illuminate\\Session\\Middleware\\StartSession->handle(Object(Illuminate\\Http\\Request), Object(Closure))
#45 C:\\Users\\zahra\\Documents\\GitHub\\devOps\\vendor\\laravel\\framework\\src\\Illuminate\\Cookie\\Middleware\\AddQueuedCookiesToResponse.php(36): Illuminate\\Pipeline\\Pipeline->Illuminate\\Pipeline\\{closure}(Object(Illuminate\\Http\\Request))
#46 C:\\Users\\zahra\\Documents\\GitHub\\devOps\\vendor\\laravel\\framework\\src\\Illuminate\\Pipeline\\Pipeline.php(219): Illuminate\\Cookie\\Middleware\\AddQueuedCookiesToResponse->handle(Object(Illuminate\\Http\\Request), Object(Closure))
#47 C:\\Users\\zahra\\Documents\\GitHub\\devOps\\vendor\\laravel\\framework\\src\\Illuminate\\Cookie\\Middleware\\EncryptCookies.php(74): Illuminate\\Pipeline\\Pipeline->Illuminate\\Pipeline\\{closure}(Object(Illuminate\\Http\\Request))
#48 C:\\Users\\zahra\\Documents\\GitHub\\devOps\\vendor\\laravel\\framework\\src\\Illuminate\\Pipeline\\Pipeline.php(219): Illuminate\\Cookie\\Middleware\\EncryptCookies->handle(Object(Illuminate\\Http\\Request), Object(Closure))
#49 C:\\Users\\zahra\\Documents\\GitHub\\devOps\\vendor\\laravel\\framework\\src\\Illuminate\\Pipeline\\Pipeline.php(137): Illuminate\\Pipeline\\Pipeline->Illuminate\\Pipeline\\{closure}(Object(Illuminate\\Http\\Request))
#50 C:\\Users\\zahra\\Documents\\GitHub\\devOps\\vendor\\laravel\\framework\\src\\Illuminate\\Routing\\Router.php(821): Illuminate\\Pipeline\\Pipeline->then(Object(Closure))
#51 C:\\Users\\zahra\\Documents\\GitHub\\devOps\\vendor\\laravel\\framework\\src\\Illuminate\\Routing\\Router.php(800): Illuminate\\Routing\\Router->runRouteWithinStack(Object(Illuminate\\Routing\\Route), Object(Illuminate\\Http\\Request))
#52 C:\\Users\\zahra\\Documents\\GitHub\\devOps\\vendor\\laravel\\framework\\src\\Illuminate\\Routing\\Router.php(764): Illuminate\\Routing\\Router->runRoute(Object(Illuminate\\Http\\Request), Object(Illuminate\\Routing\\Route))
#53 C:\\Users\\zahra\\Documents\\GitHub\\devOps\\vendor\\laravel\\framework\\src\\Illuminate\\Routing\\Router.php(753): Illuminate\\Routing\\Router->dispatchToRoute(Object(Illuminate\\Http\\Request))
#54 C:\\Users\\zahra\\Documents\\GitHub\\devOps\\vendor\\laravel\\framework\\src\\Illuminate\\Foundation\\Http\\Kernel.php(200): Illuminate\\Routing\\Router->dispatch(Object(Illuminate\\Http\\Request))
#55 C:\\Users\\zahra\\Documents\\GitHub\\devOps\\vendor\\laravel\\framework\\src\\Illuminate\\Pipeline\\Pipeline.php(180): Illuminate\\Foundation\\Http\\Kernel->Illuminate\\Foundation\\Http\\{closure}(Object(Illuminate\\Http\\Request))
#56 C:\\Users\\zahra\\Documents\\GitHub\\devOps\\vendor\\laravel\\framework\\src\\Illuminate\\Foundation\\Http\\Middleware\\TransformsRequest.php(21): Illuminate\\Pipeline\\Pipeline->Illuminate\\Pipeline\\{closure}(Object(Illuminate\\Http\\Request))
#57 C:\\Users\\zahra\\Documents\\GitHub\\devOps\\vendor\\laravel\\framework\\src\\Illuminate\\Foundation\\Http\\Middleware\\ConvertEmptyStringsToNull.php(31): Illuminate\\Foundation\\Http\\Middleware\\TransformsRequest->handle(Object(Illuminate\\Http\\Request), Object(Closure))
#58 C:\\Users\\zahra\\Documents\\GitHub\\devOps\\vendor\\laravel\\framework\\src\\Illuminate\\Pipeline\\Pipeline.php(219): Illuminate\\Foundation\\Http\\Middleware\\ConvertEmptyStringsToNull->handle(Object(Illuminate\\Http\\Request), Object(Closure))
#59 C:\\Users\\zahra\\Documents\\GitHub\\devOps\\vendor\\laravel\\framework\\src\\Illuminate\\Foundation\\Http\\Middleware\\TransformsRequest.php(21): Illuminate\\Pipeline\\Pipeline->Illuminate\\Pipeline\\{closure}(Object(Illuminate\\Http\\Request))
#60 C:\\Users\\zahra\\Documents\\GitHub\\devOps\\vendor\\laravel\\framework\\src\\Illuminate\\Foundation\\Http\\Middleware\\TrimStrings.php(51): Illuminate\\Foundation\\Http\\Middleware\\TransformsRequest->handle(Object(Illuminate\\Http\\Request), Object(Closure))
#61 C:\\Users\\zahra\\Documents\\GitHub\\devOps\\vendor\\laravel\\framework\\src\\Illuminate\\Pipeline\\Pipeline.php(219): Illuminate\\Foundation\\Http\\Middleware\\TrimStrings->handle(Object(Illuminate\\Http\\Request), Object(Closure))
#62 C:\\Users\\zahra\\Documents\\GitHub\\devOps\\vendor\\laravel\\framework\\src\\Illuminate\\Http\\Middleware\\ValidatePostSize.php(27): Illuminate\\Pipeline\\Pipeline->Illuminate\\Pipeline\\{closure}(Object(Illuminate\\Http\\Request))
#63 C:\\Users\\zahra\\Documents\\GitHub\\devOps\\vendor\\laravel\\framework\\src\\Illuminate\\Pipeline\\Pipeline.php(219): Illuminate\\Http\\Middleware\\ValidatePostSize->handle(Object(Illuminate\\Http\\Request), Object(Closure))
#64 C:\\Users\\zahra\\Documents\\GitHub\\devOps\\vendor\\laravel\\framework\\src\\Illuminate\\Foundation\\Http\\Middleware\\PreventRequestsDuringMaintenance.php(109): Illuminate\\Pipeline\\Pipeline->Illuminate\\Pipeline\\{closure}(Object(Illuminate\\Http\\Request))
#65 C:\\Users\\zahra\\Documents\\GitHub\\devOps\\vendor\\laravel\\framework\\src\\Illuminate\\Pipeline\\Pipeline.php(219): Illuminate\\Foundation\\Http\\Middleware\\PreventRequestsDuringMaintenance->handle(Object(Illuminate\\Http\\Request), Object(Closure))
#66 C:\\Users\\zahra\\Documents\\GitHub\\devOps\\vendor\\laravel\\framework\\src\\Illuminate\\Http\\Middleware\\HandleCors.php(48): Illuminate\\Pipeline\\Pipeline->Illuminate\\Pipeline\\{closure}(Object(Illuminate\\Http\\Request))
#67 C:\\Users\\zahra\\Documents\\GitHub\\devOps\\vendor\\laravel\\framework\\src\\Illuminate\\Pipeline\\Pipeline.php(219): Illuminate\\Http\\Middleware\\HandleCors->handle(Object(Illuminate\\Http\\Request), Object(Closure))
#68 C:\\Users\\zahra\\Documents\\GitHub\\devOps\\vendor\\laravel\\framework\\src\\Illuminate\\Http\\Middleware\\TrustProxies.php(58): Illuminate\\Pipeline\\Pipeline->Illuminate\\Pipeline\\{closure}(Object(Illuminate\\Http\\Request))
#69 C:\\Users\\zahra\\Documents\\GitHub\\devOps\\vendor\\laravel\\framework\\src\\Illuminate\\Pipeline\\Pipeline.php(219): Illuminate\\Http\\Middleware\\TrustProxies->handle(Object(Illuminate\\Http\\Request), Object(Closure))
#70 C:\\Users\\zahra\\Documents\\GitHub\\devOps\\vendor\\laravel\\framework\\src\\Illuminate\\Foundation\\Http\\Middleware\\InvokeDeferredCallbacks.php(22): Illuminate\\Pipeline\\Pipeline->Illuminate\\Pipeline\\{closure}(Object(Illuminate\\Http\\Request))
#71 C:\\Users\\zahra\\Documents\\GitHub\\devOps\\vendor\\laravel\\framework\\src\\Illuminate\\Pipeline\\Pipeline.php(219): Illuminate\\Foundation\\Http\\Middleware\\InvokeDeferredCallbacks->handle(Object(Illuminate\\Http\\Request), Object(Closure))
#72 C:\\Users\\zahra\\Documents\\GitHub\\devOps\\vendor\\laravel\\framework\\src\\Illuminate\\Http\\Middleware\\ValidatePathEncoding.php(26): Illuminate\\Pipeline\\Pipeline->Illuminate\\Pipeline\\{closure}(Object(Illuminate\\Http\\Request))
#73 C:\\Users\\zahra\\Documents\\GitHub\\devOps\\vendor\\laravel\\framework\\src\\Illuminate\\Pipeline\\Pipeline.php(219): Illuminate\\Http\\Middleware\\ValidatePathEncoding->handle(Object(Illuminate\\Http\\Request), Object(Closure))
#74 C:\\Users\\zahra\\Documents\\GitHub\\devOps\\vendor\\laravel\\framework\\src\\Illuminate\\Pipeline\\Pipeline.php(137): Illuminate\\Pipeline\\Pipeline->Illuminate\\Pipeline\\{closure}(Object(Illuminate\\Http\\Request))
#75 C:\\Users\\zahra\\Documents\\GitHub\\devOps\\vendor\\laravel\\framework\\src\\Illuminate\\Foundation\\Http\\Kernel.php(175): Illuminate\\Pipeline\\Pipeline->then(Object(Closure))
#76 C:\\Users\\zahra\\Documents\\GitHub\\devOps\\vendor\\laravel\\framework\\src\\Illuminate\\Foundation\\Http\\Kernel.php(144): Illuminate\\Foundation\\Http\\Kernel->sendRequestThroughRouter(Object(Illuminate\\Http\\Request))
#77 C:\\Users\\zahra\\Documents\\GitHub\\devOps\\vendor\\laravel\\framework\\src\\Illuminate\\Foundation\\Application.php(1220): Illuminate\\Foundation\\Http\\Kernel->handle(Object(Illuminate\\Http\\Request))
#78 C:\\Users\\zahra\\Documents\\GitHub\\devOps\\public\\index.php(20): Illuminate\\Foundation\\Application->handleRequest(Object(Illuminate\\Http\\Request))
#79 C:\\Users\\zahra\\Documents\\GitHub\\devOps\\vendor\\laravel\\framework\\src\\Illuminate\\Foundation\\resources\\server.php(23): require_once('C:\\\\Users\\\\zahra\\\\...')
#80 {main}
"} 
[2025-12-01 13:02:04] local.WARNING: File check failed for dokumen-uploads/20251201094628-GVSVeE-c1-dokumen-proyek-3-d3.pdf: Unable to check existence for: dokumen-uploads/20251201094628-GVSVeE-c1-dokumen-proyek-3-d3.pdf  
[2025-12-01 13:02:17] local.WARNING: File check failed for dokumen/dokumen_120_v2_1764558362.pdf: Unable to check existence for: dokumen/dokumen_120_v2_1764558362.pdf  
[2025-12-01 13:04:50] local.ERROR: Unable to check existence for: dokumen/dokumen_120_v2_1764558362.pdf {"userId":8,"exception":"[object] (League\\Flysystem\\UnableToCheckDirectoryExistence(code: 0): Unable to check existence for: dokumen/dokumen_120_v2_1764558362.pdf at C:\\Users\\zahra\\Documents\\GitHub\\devOps\\vendor\\league\\flysystem\\src\\UnableToCheckExistence.php:19)
[stacktrace]
#0 C:\\Users\\zahra\\Documents\\GitHub\\devOps\\vendor\\league\\flysystem-aws-s3-v3\\AwsS3V3Adapter.php(144): League\\Flysystem\\UnableToCheckExistence::forLocation('dokumen/dokumen...', Object(Aws\\S3\\Exception\\S3Exception))
#1 C:\\Users\\zahra\\Documents\\GitHub\\devOps\\vendor\\league\\flysystem\\src\\Filesystem.php(50): League\\Flysystem\\AwsS3V3\\AwsS3V3Adapter->directoryExists('dokumen/dokumen...')
#2 C:\\Users\\zahra\\Documents\\GitHub\\devOps\\vendor\\laravel\\framework\\src\\Illuminate\\Filesystem\\FilesystemAdapter.php(212): League\\Flysystem\\Filesystem->has('dokumen/dokumen...')
#3 C:\\Users\\zahra\\Documents\\GitHub\\devOps\\app\\Http\\Controllers\\TU\\MonitoringController.php(292): Illuminate\\Filesystem\\FilesystemAdapter->exists('dokumen/dokumen...')
#4 C:\\Users\\zahra\\Documents\\GitHub\\devOps\\vendor\\symfony\\polyfill-php84\\Php84.php(82): App\\Http\\Controllers\\TU\\MonitoringController->App\\Http\\Controllers\\TU\\{closure}(Object(App\\Models\\VersiDokumen), 1)
#5 C:\\Users\\zahra\\Documents\\GitHub\\devOps\\vendor\\symfony\\polyfill-php84\\bootstrap.php(33): Symfony\\Polyfill\\Php84\\Php84::array_find_key(Array, Object(Closure))
#6 C:\\Users\\zahra\\Documents\\GitHub\\devOps\\vendor\\laravel\\framework\\src\\Illuminate\\Collections\\Arr.php(274): array_find_key(Array, Object(Closure))
#7 C:\\Users\\zahra\\Documents\\GitHub\\devOps\\vendor\\laravel\\framework\\src\\Illuminate\\Collections\\Collection.php(432): Illuminate\\Support\\Arr::first(Array, Object(Closure), NULL)
#8 C:\\Users\\zahra\\Documents\\GitHub\\devOps\\vendor\\laravel\\framework\\src\\Illuminate\\Collections\\Traits\\EnumeratesValues.php(329): Illuminate\\Support\\Collection->first(Object(Closure))
#9 C:\\Users\\zahra\\Documents\\GitHub\\devOps\\app\\Http\\Controllers\\TU\\MonitoringController.php(292): Illuminate\\Support\\Collection->firstWhere(Object(Closure))
#10 C:\\Users\\zahra\\Documents\\GitHub\\devOps\\vendor\\laravel\\framework\\src\\Illuminate\\Routing\\ControllerDispatcher.php(46): App\\Http\\Controllers\\TU\\MonitoringController->download('120', Object(Illuminate\\Http\\Request))
#11 C:\\Users\\zahra\\Documents\\GitHub\\devOps\\vendor\\laravel\\framework\\src\\Illuminate\\Routing\\Route.php(265): Illuminate\\Routing\\ControllerDispatcher->dispatch(Object(Illuminate\\Routing\\Route), Object(App\\Http\\Controllers\\TU\\MonitoringController), 'download')
#12 C:\\Users\\zahra\\Documents\\GitHub\\devOps\\vendor\\laravel\\framework\\src\\Illuminate\\Routing\\Route.php(211): Illuminate\\Routing\\Route->runController()
#13 C:\\Users\\zahra\\Documents\\GitHub\\devOps\\vendor\\laravel\\framework\\src\\Illuminate\\Routing\\Router.php(822): Illuminate\\Routing\\Route->run()
#14 C:\\Users\\zahra\\Documents\\GitHub\\devOps\\vendor\\laravel\\framework\\src\\Illuminate\\Pipeline\\Pipeline.php(180): Illuminate\\Routing\\Router->Illuminate\\Routing\\{closure}(Object(Illuminate\\Http\\Request))
#15 C:\\Users\\zahra\\Documents\\GitHub\\devOps\\app\\Http\\Middleware\\CheckRole.php(34): Illuminate\\Pipeline\\Pipeline->Illuminate\\Pipeline\\{closure}(Object(Illuminate\\Http\\Request))
#16 C:\\Users\\zahra\\Documents\\GitHub\\devOps\\vendor\\laravel\\framework\\src\\Illuminate\\Pipeline\\Pipeline.php(219): App\\Http\\Middleware\\CheckRole->handle(Object(Illuminate\\Http\\Request), Object(Closure), 'tu')
#17 C:\\Users\\zahra\\Documents\\GitHub\\devOps\\vendor\\laravel\\framework\\src\\Illuminate\\Foundation\\Http\\Middleware\\VerifyCsrfToken.php(87): Illuminate\\Pipeline\\Pipeline->Illuminate\\Pipeline\\{closure}(Object(Illuminate\\Http\\Request))
#18 C:\\Users\\zahra\\Documents\\GitHub\\devOps\\vendor\\laravel\\framework\\src\\Illuminate\\Pipeline\\Pipeline.php(219): Illuminate\\Foundation\\Http\\Middleware\\VerifyCsrfToken->handle(Object(Illuminate\\Http\\Request), Object(Closure))
#19 C:\\Users\\zahra\\Documents\\GitHub\\devOps\\vendor\\laravel\\framework\\src\\Illuminate\\Routing\\Middleware\\SubstituteBindings.php(50): Illuminate\\Pipeline\\Pipeline->Illuminate\\Pipeline\\{closure}(Object(Illuminate\\Http\\Request))
#20 C:\\Users\\zahra\\Documents\\GitHub\\devOps\\vendor\\laravel\\framework\\src\\Illuminate\\Pipeline\\Pipeline.php(219): Illuminate\\Routing\\Middleware\\SubstituteBindings->handle(Object(Illuminate\\Http\\Request), Object(Closure))
#21 C:\\Users\\zahra\\Documents\\GitHub\\devOps\\vendor\\laravel\\framework\\src\\Illuminate\\Session\\Middleware\\AuthenticateSession.php(66): Illuminate\\Pipeline\\Pipeline->Illuminate\\Pipeline\\{closure}(Object(Illuminate\\Http\\Request))
#22 C:\\Users\\zahra\\Documents\\GitHub\\devOps\\vendor\\laravel\\framework\\src\\Illuminate\\Pipeline\\Pipeline.php(219): Illuminate\\Session\\Middleware\\AuthenticateSession->handle(Object(Illuminate\\Http\\Request), Object(Closure))
#23 C:\\Users\\zahra\\Documents\\GitHub\\devOps\\vendor\\laravel\\framework\\src\\Illuminate\\Auth\\Middleware\\Authenticate.php(63): Illuminate\\Pipeline\\Pipeline->Illuminate\\Pipeline\\{closure}(Object(Illuminate\\Http\\Request))
#24 C:\\Users\\zahra\\Documents\\GitHub\\devOps\\vendor\\laravel\\framework\\src\\Illuminate\\Pipeline\\Pipeline.php(219): Illuminate\\Auth\\Middleware\\Authenticate->handle(Object(Illuminate\\Http\\Request), Object(Closure))
#25 C:\\Users\\zahra\\Documents\\GitHub\\devOps\\vendor\\laravel\\framework\\src\\Illuminate\\Foundation\\Http\\Middleware\\VerifyCsrfToken.php(87): Illuminate\\Pipeline\\Pipeline->Illuminate\\Pipeline\\{closure}(Object(Illuminate\\Http\\Request))
#26 C:\\Users\\zahra\\Documents\\GitHub\\devOps\\vendor\\laravel\\framework\\src\\Illuminate\\Pipeline\\Pipeline.php(219): Illuminate\\Foundation\\Http\\Middleware\\VerifyCsrfToken->handle(Object(Illuminate\\Http\\Request), Object(Closure))
#27 C:\\Users\\zahra\\Documents\\GitHub\\devOps\\vendor\\laravel\\framework\\src\\Illuminate\\View\\Middleware\\ShareErrorsFromSession.php(48): Illuminate\\Pipeline\\Pipeline->Illuminate\\Pipeline\\{closure}(Object(Illuminate\\Http\\Request))
#28 C:\\Users\\zahra\\Documents\\GitHub\\devOps\\vendor\\laravel\\framework\\src\\Illuminate\\Pipeline\\Pipeline.php(219): Illuminate\\View\\Middleware\\ShareErrorsFromSession->handle(Object(Illuminate\\Http\\Request), Object(Closure))
#29 C:\\Users\\zahra\\Documents\\GitHub\\devOps\\vendor\\laravel\\framework\\src\\Illuminate\\Session\\Middleware\\StartSession.php(120): Illuminate\\Pipeline\\Pipeline->Illuminate\\Pipeline\\{closure}(Object(Illuminate\\Http\\Request))
#30 C:\\Users\\zahra\\Documents\\GitHub\\devOps\\vendor\\laravel\\framework\\src\\Illuminate\\Session\\Middleware\\StartSession.php(63): Illuminate\\Session\\Middleware\\StartSession->handleStatefulRequest(Object(Illuminate\\Http\\Request), Object(Illuminate\\Session\\Store), Object(Closure))
#31 C:\\Users\\zahra\\Documents\\GitHub\\devOps\\vendor\\laravel\\framework\\src\\Illuminate\\Pipeline\\Pipeline.php(219): Illuminate\\Session\\Middleware\\StartSession->handle(Object(Illuminate\\Http\\Request), Object(Closure))
#32 C:\\Users\\zahra\\Documents\\GitHub\\devOps\\vendor\\laravel\\framework\\src\\Illuminate\\Cookie\\Middleware\\AddQueuedCookiesToResponse.php(36): Illuminate\\Pipeline\\Pipeline->Illuminate\\Pipeline\\{closure}(Object(Illuminate\\Http\\Request))
#33 C:\\Users\\zahra\\Documents\\GitHub\\devOps\\vendor\\laravel\\framework\\src\\Illuminate\\Pipeline\\Pipeline.php(219): Illuminate\\Cookie\\Middleware\\AddQueuedCookiesToResponse->handle(Object(Illuminate\\Http\\Request), Object(Closure))
#34 C:\\Users\\zahra\\Documents\\GitHub\\devOps\\vendor\\laravel\\framework\\src\\Illuminate\\Cookie\\Middleware\\EncryptCookies.php(74): Illuminate\\Pipeline\\Pipeline->Illuminate\\Pipeline\\{closure}(Object(Illuminate\\Http\\Request))
#35 C:\\Users\\zahra\\Documents\\GitHub\\devOps\\vendor\\laravel\\framework\\src\\Illuminate\\Pipeline\\Pipeline.php(219): Illuminate\\Cookie\\Middleware\\EncryptCookies->handle(Object(Illuminate\\Http\\Request), Object(Closure))
#36 C:\\Users\\zahra\\Documents\\GitHub\\devOps\\vendor\\laravel\\framework\\src\\Illuminate\\Pipeline\\Pipeline.php(137): Illuminate\\Pipeline\\Pipeline->Illuminate\\Pipeline\\{closure}(Object(Illuminate\\Http\\Request))
#37 C:\\Users\\zahra\\Documents\\GitHub\\devOps\\vendor\\laravel\\framework\\src\\Illuminate\\Routing\\Router.php(821): Illuminate\\Pipeline\\Pipeline->then(Object(Closure))
#38 C:\\Users\\zahra\\Documents\\GitHub\\devOps\\vendor\\laravel\\framework\\src\\Illuminate\\Routing\\Router.php(800): Illuminate\\Routing\\Router->runRouteWithinStack(Object(Illuminate\\Routing\\Route), Object(Illuminate\\Http\\Request))
#39 C:\\Users\\zahra\\Documents\\GitHub\\devOps\\vendor\\laravel\\framework\\src\\Illuminate\\Routing\\Router.php(764): Illuminate\\Routing\\Router->runRoute(Object(Illuminate\\Http\\Request), Object(Illuminate\\Routing\\Route))
#40 C:\\Users\\zahra\\Documents\\GitHub\\devOps\\vendor\\laravel\\framework\\src\\Illuminate\\Routing\\Router.php(753): Illuminate\\Routing\\Router->dispatchToRoute(Object(Illuminate\\Http\\Request))
#41 C:\\Users\\zahra\\Documents\\GitHub\\devOps\\vendor\\laravel\\framework\\src\\Illuminate\\Foundation\\Http\\Kernel.php(200): Illuminate\\Routing\\Router->dispatch(Object(Illuminate\\Http\\Request))
#42 C:\\Users\\zahra\\Documents\\GitHub\\devOps\\vendor\\laravel\\framework\\src\\Illuminate\\Pipeline\\Pipeline.php(180): Illuminate\\Foundation\\Http\\Kernel->Illuminate\\Foundation\\Http\\{closure}(Object(Illuminate\\Http\\Request))
#43 C:\\Users\\zahra\\Documents\\GitHub\\devOps\\vendor\\laravel\\framework\\src\\Illuminate\\Foundation\\Http\\Middleware\\TransformsRequest.php(21): Illuminate\\Pipeline\\Pipeline->Illuminate\\Pipeline\\{closure}(Object(Illuminate\\Http\\Request))
#44 C:\\Users\\zahra\\Documents\\GitHub\\devOps\\vendor\\laravel\\framework\\src\\Illuminate\\Foundation\\Http\\Middleware\\ConvertEmptyStringsToNull.php(31): Illuminate\\Foundation\\Http\\Middleware\\TransformsRequest->handle(Object(Illuminate\\Http\\Request), Object(Closure))
#45 C:\\Users\\zahra\\Documents\\GitHub\\devOps\\vendor\\laravel\\framework\\src\\Illuminate\\Pipeline\\Pipeline.php(219): Illuminate\\Foundation\\Http\\Middleware\\ConvertEmptyStringsToNull->handle(Object(Illuminate\\Http\\Request), Object(Closure))
#46 C:\\Users\\zahra\\Documents\\GitHub\\devOps\\vendor\\laravel\\framework\\src\\Illuminate\\Foundation\\Http\\Middleware\\TransformsRequest.php(21): Illuminate\\Pipeline\\Pipeline->Illuminate\\Pipeline\\{closure}(Object(Illuminate\\Http\\Request))
#47 C:\\Users\\zahra\\Documents\\GitHub\\devOps\\vendor\\laravel\\framework\\src\\Illuminate\\Foundation\\Http\\Middleware\\TrimStrings.php(51): Illuminate\\Foundation\\Http\\Middleware\\TransformsRequest->handle(Object(Illuminate\\Http\\Request), Object(Closure))
#48 C:\\Users\\zahra\\Documents\\GitHub\\devOps\\vendor\\laravel\\framework\\src\\Illuminate\\Pipeline\\Pipeline.php(219): Illuminate\\Foundation\\Http\\Middleware\\TrimStrings->handle(Object(Illuminate\\Http\\Request), Object(Closure))
#49 C:\\Users\\zahra\\Documents\\GitHub\\devOps\\vendor\\laravel\\framework\\src\\Illuminate\\Http\\Middleware\\ValidatePostSize.php(27): Illuminate\\Pipeline\\Pipeline->Illuminate\\Pipeline\\{closure}(Object(Illuminate\\Http\\Request))
#50 C:\\Users\\zahra\\Documents\\GitHub\\devOps\\vendor\\laravel\\framework\\src\\Illuminate\\Pipeline\\Pipeline.php(219): Illuminate\\Http\\Middleware\\ValidatePostSize->handle(Object(Illuminate\\Http\\Request), Object(Closure))
#51 C:\\Users\\zahra\\Documents\\GitHub\\devOps\\vendor\\laravel\\framework\\src\\Illuminate\\Foundation\\Http\\Middleware\\PreventRequestsDuringMaintenance.php(109): Illuminate\\Pipeline\\Pipeline->Illuminate\\Pipeline\\{closure}(Object(Illuminate\\Http\\Request))
#52 C:\\Users\\zahra\\Documents\\GitHub\\devOps\\vendor\\laravel\\framework\\src\\Illuminate\\Pipeline\\Pipeline.php(219): Illuminate\\Foundation\\Http\\Middleware\\PreventRequestsDuringMaintenance->handle(Object(Illuminate\\Http\\Request), Object(Closure))
#53 C:\\Users\\zahra\\Documents\\GitHub\\devOps\\vendor\\laravel\\framework\\src\\Illuminate\\Http\\Middleware\\HandleCors.php(48): Illuminate\\Pipeline\\Pipeline->Illuminate\\Pipeline\\{closure}(Object(Illuminate\\Http\\Request))
#54 C:\\Users\\zahra\\Documents\\GitHub\\devOps\\vendor\\laravel\\framework\\src\\Illuminate\\Pipeline\\Pipeline.php(219): Illuminate\\Http\\Middleware\\HandleCors->handle(Object(Illuminate\\Http\\Request), Object(Closure))
#55 C:\\Users\\zahra\\Documents\\GitHub\\devOps\\vendor\\laravel\\framework\\src\\Illuminate\\Http\\Middleware\\TrustProxies.php(58): Illuminate\\Pipeline\\Pipeline->Illuminate\\Pipeline\\{closure}(Object(Illuminate\\Http\\Request))
#56 C:\\Users\\zahra\\Documents\\GitHub\\devOps\\vendor\\laravel\\framework\\src\\Illuminate\\Pipeline\\Pipeline.php(219): Illuminate\\Http\\Middleware\\TrustProxies->handle(Object(Illuminate\\Http\\Request), Object(Closure))
#57 C:\\Users\\zahra\\Documents\\GitHub\\devOps\\vendor\\laravel\\framework\\src\\Illuminate\\Foundation\\Http\\Middleware\\InvokeDeferredCallbacks.php(22): Illuminate\\Pipeline\\Pipeline->Illuminate\\Pipeline\\{closure}(Object(Illuminate\\Http\\Request))
#58 C:\\Users\\zahra\\Documents\\GitHub\\devOps\\vendor\\laravel\\framework\\src\\Illuminate\\Pipeline\\Pipeline.php(219): Illuminate\\Foundation\\Http\\Middleware\\InvokeDeferredCallbacks->handle(Object(Illuminate\\Http\\Request), Object(Closure))
#59 C:\\Users\\zahra\\Documents\\GitHub\\devOps\\vendor\\laravel\\framework\\src\\Illuminate\\Http\\Middleware\\ValidatePathEncoding.php(26): Illuminate\\Pipeline\\Pipeline->Illuminate\\Pipeline\\{closure}(Object(Illuminate\\Http\\Request))
#60 C:\\Users\\zahra\\Documents\\GitHub\\devOps\\vendor\\laravel\\framework\\src\\Illuminate\\Pipeline\\Pipeline.php(219): Illuminate\\Http\\Middleware\\ValidatePathEncoding->handle(Object(Illuminate\\Http\\Request), Object(Closure))
#61 C:\\Users\\zahra\\Documents\\GitHub\\devOps\\vendor\\laravel\\framework\\src\\Illuminate\\Pipeline\\Pipeline.php(137): Illuminate\\Pipeline\\Pipeline->Illuminate\\Pipeline\\{closure}(Object(Illuminate\\Http\\Request))
#62 C:\\Users\\zahra\\Documents\\GitHub\\devOps\\vendor\\laravel\\framework\\src\\Illuminate\\Foundation\\Http\\Kernel.php(175): Illuminate\\Pipeline\\Pipeline->then(Object(Closure))
#63 C:\\Users\\zahra\\Documents\\GitHub\\devOps\\vendor\\laravel\\framework\\src\\Illuminate\\Foundation\\Http\\Kernel.php(144): Illuminate\\Foundation\\Http\\Kernel->sendRequestThroughRouter(Object(Illuminate\\Http\\Request))
#64 C:\\Users\\zahra\\Documents\\GitHub\\devOps\\vendor\\laravel\\framework\\src\\Illuminate\\Foundation\\Application.php(1220): Illuminate\\Foundation\\Http\\Kernel->handle(Object(Illuminate\\Http\\Request))
#65 C:\\Users\\zahra\\Documents\\GitHub\\devOps\\public\\index.php(20): Illuminate\\Foundation\\Application->handleRequest(Object(Illuminate\\Http\\Request))
#66 C:\\Users\\zahra\\Documents\\GitHub\\devOps\\vendor\\laravel\\framework\\src\\Illuminate\\Foundation\\resources\\server.php(23): require_once('C:\\\\Users\\\\zahra\\\\...')
#67 {main}

[previous exception] [object] (Aws\\S3\\Exception\\S3Exception(code: 0): Error executing \"ListObjects\" on \"http://127.0.0.1:9000/sidora-documents?prefix=dokumen%2Fdokumen_120_v2_1764558362.pdf%2F&delimiter=%2F&encoding-type=url\"; AWS HTTP error: cURL error 7: Failed to connect to 127.0.0.1 port 9000 after 2034 ms: Couldn't connect to server (see https://curl.haxx.se/libcurl/c/libcurl-errors.html) for http://127.0.0.1:9000/sidora-documents?prefix=dokumen%2Fdokumen_120_v2_1764558362.pdf%2F&delimiter=%2F&encoding-type=url at C:\\Users\\zahra\\Documents\\GitHub\\devOps\\vendor\\aws\\aws-sdk-php\\src\\WrappedHttpHandler.php:195)
[stacktrace]
#0 C:\\Users\\zahra\\Documents\\GitHub\\devOps\\vendor\\aws\\aws-sdk-php\\src\\WrappedHttpHandler.php(96): Aws\\WrappedHttpHandler->parseError(Array, Object(GuzzleHttp\\Psr7\\Request), Object(Aws\\Command), Array)
#1 C:\\Users\\zahra\\Documents\\GitHub\\devOps\\vendor\\guzzlehttp\\promises\\src\\Promise.php(204): Aws\\WrappedHttpHandler->Aws\\{closure}(Array)
#2 C:\\Users\\zahra\\Documents\\GitHub\\devOps\\vendor\\guzzlehttp\\promises\\src\\Promise.php(169): GuzzleHttp\\Promise\\Promise::callHandler(2, Array, NULL)
#3 C:\\Users\\zahra\\Documents\\GitHub\\devOps\\vendor\\guzzlehttp\\promises\\src\\RejectedPromise.php(42): GuzzleHttp\\Promise\\Promise::GuzzleHttp\\Promise\\{closure}(Array)
#4 C:\\Users\\zahra\\Documents\\GitHub\\devOps\\vendor\\guzzlehttp\\promises\\src\\TaskQueue.php(48): GuzzleHttp\\Promise\\RejectedPromise::GuzzleHttp\\Promise\\{closure}()
#5 C:\\Users\\zahra\\Documents\\GitHub\\devOps\\vendor\\guzzlehttp\\guzzle\\src\\Handler\\CurlMultiHandler.php(167): GuzzleHttp\\Promise\\TaskQueue->run()
#6 C:\\Users\\zahra\\Documents\\GitHub\\devOps\\vendor\\guzzlehttp\\guzzle\\src\\Handler\\CurlMultiHandler.php(206): GuzzleHttp\\Handler\\CurlMultiHandler->tick()
#7 C:\\Users\\zahra\\Documents\\GitHub\\devOps\\vendor\\guzzlehttp\\promises\\src\\Promise.php(248): GuzzleHttp\\Handler\\CurlMultiHandler->execute(true)
#8 C:\\Users\\zahra\\Documents\\GitHub\\devOps\\vendor\\guzzlehttp\\promises\\src\\Promise.php(224): GuzzleHttp\\Promise\\Promise->invokeWaitFn()
#9 C:\\Users\\zahra\\Documents\\GitHub\\devOps\\vendor\\guzzlehttp\\promises\\src\\Promise.php(269): GuzzleHttp\\Promise\\Promise->waitIfPending()
#10 C:\\Users\\zahra\\Documents\\GitHub\\devOps\\vendor\\guzzlehttp\\promises\\src\\Promise.php(226): GuzzleHttp\\Promise\\Promise->invokeWaitList()
#11 C:\\Users\\zahra\\Documents\\GitHub\\devOps\\vendor\\guzzlehttp\\promises\\src\\Promise.php(269): GuzzleHttp\\Promise\\Promise->waitIfPending()
#12 C:\\Users\\zahra\\Documents\\GitHub\\devOps\\vendor\\guzzlehttp\\promises\\src\\Promise.php(226): GuzzleHttp\\Promise\\Promise->invokeWaitList()
#13 C:\\Users\\zahra\\Documents\\GitHub\\devOps\\vendor\\guzzlehttp\\promises\\src\\Promise.php(62): GuzzleHttp\\Promise\\Promise->waitIfPending()
#14 C:\\Users\\zahra\\Documents\\GitHub\\devOps\\vendor\\aws\\aws-sdk-php\\src\\AwsClientTrait.php(58): GuzzleHttp\\Promise\\Promise->wait()
#15 C:\\Users\\zahra\\Documents\\GitHub\\devOps\\vendor\\league\\flysystem-aws-s3-v3\\AwsS3V3Adapter.php(142): Aws\\AwsClient->execute(Object(Aws\\Command))
#16 C:\\Users\\zahra\\Documents\\GitHub\\devOps\\vendor\\league\\flysystem\\src\\Filesystem.php(50): League\\Flysystem\\AwsS3V3\\AwsS3V3Adapter->directoryExists('dokumen/dokumen...')
#17 C:\\Users\\zahra\\Documents\\GitHub\\devOps\\vendor\\laravel\\framework\\src\\Illuminate\\Filesystem\\FilesystemAdapter.php(212): League\\Flysystem\\Filesystem->has('dokumen/dokumen...')
#18 C:\\Users\\zahra\\Documents\\GitHub\\devOps\\app\\Http\\Controllers\\TU\\MonitoringController.php(292): Illuminate\\Filesystem\\FilesystemAdapter->exists('dokumen/dokumen...')
#19 C:\\Users\\zahra\\Documents\\GitHub\\devOps\\vendor\\symfony\\polyfill-php84\\Php84.php(82): App\\Http\\Controllers\\TU\\MonitoringController->App\\Http\\Controllers\\TU\\{closure}(Object(App\\Models\\VersiDokumen), 1)
#20 C:\\Users\\zahra\\Documents\\GitHub\\devOps\\vendor\\symfony\\polyfill-php84\\bootstrap.php(33): Symfony\\Polyfill\\Php84\\Php84::array_find_key(Array, Object(Closure))
#21 C:\\Users\\zahra\\Documents\\GitHub\\devOps\\vendor\\laravel\\framework\\src\\Illuminate\\Collections\\Arr.php(274): array_find_key(Array, Object(Closure))
#22 C:\\Users\\zahra\\Documents\\GitHub\\devOps\\vendor\\laravel\\framework\\src\\Illuminate\\Collections\\Collection.php(432): Illuminate\\Support\\Arr::first(Array, Object(Closure), NULL)
#23 C:\\Users\\zahra\\Documents\\GitHub\\devOps\\vendor\\laravel\\framework\\src\\Illuminate\\Collections\\Traits\\EnumeratesValues.php(329): Illuminate\\Support\\Collection->first(Object(Closure))
#24 C:\\Users\\zahra\\Documents\\GitHub\\devOps\\app\\Http\\Controllers\\TU\\MonitoringController.php(292): Illuminate\\Support\\Collection->firstWhere(Object(Closure))
#25 C:\\Users\\zahra\\Documents\\GitHub\\devOps\\vendor\\laravel\\framework\\src\\Illuminate\\Routing\\ControllerDispatcher.php(46): App\\Http\\Controllers\\TU\\MonitoringController->download('120', Object(Illuminate\\Http\\Request))
#26 C:\\Users\\zahra\\Documents\\GitHub\\devOps\\vendor\\laravel\\framework\\src\\Illuminate\\Routing\\Route.php(265): Illuminate\\Routing\\ControllerDispatcher->dispatch(Object(Illuminate\\Routing\\Route), Object(App\\Http\\Controllers\\TU\\MonitoringController), 'download')
#27 C:\\Users\\zahra\\Documents\\GitHub\\devOps\\vendor\\laravel\\framework\\src\\Illuminate\\Routing\\Route.php(211): Illuminate\\Routing\\Route->runController()
#28 C:\\Users\\zahra\\Documents\\GitHub\\devOps\\vendor\\laravel\\framework\\src\\Illuminate\\Routing\\Router.php(822): Illuminate\\Routing\\Route->run()
#29 C:\\Users\\zahra\\Documents\\GitHub\\devOps\\vendor\\laravel\\framework\\src\\Illuminate\\Pipeline\\Pipeline.php(180): Illuminate\\Routing\\Router->Illuminate\\Routing\\{closure}(Object(Illuminate\\Http\\Request))
#30 C:\\Users\\zahra\\Documents\\GitHub\\devOps\\app\\Http\\Middleware\\CheckRole.php(34): Illuminate\\Pipeline\\Pipeline->Illuminate\\Pipeline\\{closure}(Object(Illuminate\\Http\\Request))
#31 C:\\Users\\zahra\\Documents\\GitHub\\devOps\\vendor\\laravel\\framework\\src\\Illuminate\\Pipeline\\Pipeline.php(219): App\\Http\\Middleware\\CheckRole->handle(Object(Illuminate\\Http\\Request), Object(Closure), 'tu')
#32 C:\\Users\\zahra\\Documents\\GitHub\\devOps\\vendor\\laravel\\framework\\src\\Illuminate\\Foundation\\Http\\Middleware\\VerifyCsrfToken.php(87): Illuminate\\Pipeline\\Pipeline->Illuminate\\Pipeline\\{closure}(Object(Illuminate\\Http\\Request))
#33 C:\\Users\\zahra\\Documents\\GitHub\\devOps\\vendor\\laravel\\framework\\src\\Illuminate\\Pipeline\\Pipeline.php(219): Illuminate\\Foundation\\Http\\Middleware\\VerifyCsrfToken->handle(Object(Illuminate\\Http\\Request), Object(Closure))
#34 C:\\Users\\zahra\\Documents\\GitHub\\devOps\\vendor\\laravel\\framework\\src\\Illuminate\\Routing\\Middleware\\SubstituteBindings.php(50): Illuminate\\Pipeline\\Pipeline->Illuminate\\Pipeline\\{closure}(Object(Illuminate\\Http\\Request))
#35 C:\\Users\\zahra\\Documents\\GitHub\\devOps\\vendor\\laravel\\framework\\src\\Illuminate\\Pipeline\\Pipeline.php(219): Illuminate\\Routing\\Middleware\\SubstituteBindings->handle(Object(Illuminate\\Http\\Request), Object(Closure))
#36 C:\\Users\\zahra\\Documents\\GitHub\\devOps\\vendor\\laravel\\framework\\src\\Illuminate\\Session\\Middleware\\AuthenticateSession.php(66): Illuminate\\Pipeline\\Pipeline->Illuminate\\Pipeline\\{closure}(Object(Illuminate\\Http\\Request))
#37 C:\\Users\\zahra\\Documents\\GitHub\\devOps\\vendor\\laravel\\framework\\src\\Illuminate\\Pipeline\\Pipeline.php(219): Illuminate\\Session\\Middleware\\AuthenticateSession->handle(Object(Illuminate\\Http\\Request), Object(Closure))
#38 C:\\Users\\zahra\\Documents\\GitHub\\devOps\\vendor\\laravel\\framework\\src\\Illuminate\\Auth\\Middleware\\Authenticate.php(63): Illuminate\\Pipeline\\Pipeline->Illuminate\\Pipeline\\{closure}(Object(Illuminate\\Http\\Request))
#39 C:\\Users\\zahra\\Documents\\GitHub\\devOps\\vendor\\laravel\\framework\\src\\Illuminate\\Pipeline\\Pipeline.php(219): Illuminate\\Auth\\Middleware\\Authenticate->handle(Object(Illuminate\\Http\\Request), Object(Closure))
#40 C:\\Users\\zahra\\Documents\\GitHub\\devOps\\vendor\\laravel\\framework\\src\\Illuminate\\Foundation\\Http\\Middleware\\VerifyCsrfToken.php(87): Illuminate\\Pipeline\\Pipeline->Illuminate\\Pipeline\\{closure}(Object(Illuminate\\Http\\Request))
#41 C:\\Users\\zahra\\Documents\\GitHub\\devOps\\vendor\\laravel\\framework\\src\\Illuminate\\Pipeline\\Pipeline.php(219): Illuminate\\Foundation\\Http\\Middleware\\VerifyCsrfToken->handle(Object(Illuminate\\Http\\Request), Object(Closure))
#42 C:\\Users\\zahra\\Documents\\GitHub\\devOps\\vendor\\laravel\\framework\\src\\Illuminate\\View\\Middleware\\ShareErrorsFromSession.php(48): Illuminate\\Pipeline\\Pipeline->Illuminate\\Pipeline\\{closure}(Object(Illuminate\\Http\\Request))
#43 C:\\Users\\zahra\\Documents\\GitHub\\devOps\\vendor\\laravel\\framework\\src\\Illuminate\\Pipeline\\Pipeline.php(219): Illuminate\\View\\Middleware\\ShareErrorsFromSession->handle(Object(Illuminate\\Http\\Request), Object(Closure))
#44 C:\\Users\\zahra\\Documents\\GitHub\\devOps\\vendor\\laravel\\framework\\src\\Illuminate\\Session\\Middleware\\StartSession.php(120): Illuminate\\Pipeline\\Pipeline->Illuminate\\Pipeline\\{closure}(Object(Illuminate\\Http\\Request))
#45 C:\\Users\\zahra\\Documents\\GitHub\\devOps\\vendor\\laravel\\framework\\src\\Illuminate\\Session\\Middleware\\StartSession.php(63): Illuminate\\Session\\Middleware\\StartSession->handleStatefulRequest(Object(Illuminate\\Http\\Request), Object(Illuminate\\Session\\Store), Object(Closure))
#46 C:\\Users\\zahra\\Documents\\GitHub\\devOps\\vendor\\laravel\\framework\\src\\Illuminate\\Pipeline\\Pipeline.php(219): Illuminate\\Session\\Middleware\\StartSession->handle(Object(Illuminate\\Http\\Request), Object(Closure))
#47 C:\\Users\\zahra\\Documents\\GitHub\\devOps\\vendor\\laravel\\framework\\src\\Illuminate\\Cookie\\Middleware\\AddQueuedCookiesToResponse.php(36): Illuminate\\Pipeline\\Pipeline->Illuminate\\Pipeline\\{closure}(Object(Illuminate\\Http\\Request))
#48 C:\\Users\\zahra\\Documents\\GitHub\\devOps\\vendor\\laravel\\framework\\src\\Illuminate\\Pipeline\\Pipeline.php(219): Illuminate\\Cookie\\Middleware\\AddQueuedCookiesToResponse->handle(Object(Illuminate\\Http\\Request), Object(Closure))
#49 C:\\Users\\zahra\\Documents\\GitHub\\devOps\\vendor\\laravel\\framework\\src\\Illuminate\\Cookie\\Middleware\\EncryptCookies.php(74): Illuminate\\Pipeline\\Pipeline->Illuminate\\Pipeline\\{closure}(Object(Illuminate\\Http\\Request))
#50 C:\\Users\\zahra\\Documents\\GitHub\\devOps\\vendor\\laravel\\framework\\src\\Illuminate\\Pipeline\\Pipeline.php(219): Illuminate\\Cookie\\Middleware\\EncryptCookies->handle(Object(Illuminate\\Http\\Request), Object(Closure))
#51 C:\\Users\\zahra\\Documents\\GitHub\\devOps\\vendor\\laravel\\framework\\src\\Illuminate\\Pipeline\\Pipeline.php(137): Illuminate\\Pipeline\\Pipeline->Illuminate\\Pipeline\\{closure}(Object(Illuminate\\Http\\Request))
#52 C:\\Users\\zahra\\Documents\\GitHub\\devOps\\vendor\\laravel\\framework\\src\\Illuminate\\Routing\\Router.php(821): Illuminate\\Pipeline\\Pipeline->then(Object(Closure))
#53 C:\\Users\\zahra\\Documents\\GitHub\\devOps\\vendor\\laravel\\framework\\src\\Illuminate\\Routing\\Router.php(800): Illuminate\\Routing\\Router->runRouteWithinStack(Object(Illuminate\\Routing\\Route), Object(Illuminate\\Http\\Request))
#54 C:\\Users\\zahra\\Documents\\GitHub\\devOps\\vendor\\laravel\\framework\\src\\Illuminate\\Routing\\Router.php(764): Illuminate\\Routing\\Router->runRoute(Object(Illuminate\\Http\\Request), Object(Illuminate\\Routing\\Route))
#55 C:\\Users\\zahra\\Documents\\GitHub\\devOps\\vendor\\laravel\\framework\\src\\Illuminate\\Routing\\Router.php(753): Illuminate\\Routing\\Router->dispatchToRoute(Object(Illuminate\\Http\\Request))
#56 C:\\Users\\zahra\\Documents\\GitHub\\devOps\\vendor\\laravel\\framework\\src\\Illuminate\\Foundation\\Http\\Kernel.php(200): Illuminate\\Routing\\Router->dispatch(Object(Illuminate\\Http\\Request))
#57 C:\\Users\\zahra\\Documents\\GitHub\\devOps\\vendor\\laravel\\framework\\src\\Illuminate\\Pipeline\\Pipeline.php(180): Illuminate\\Foundation\\Http\\Kernel->Illuminate\\Foundation\\Http\\{closure}(Object(Illuminate\\Http\\Request))
#58 C:\\Users\\zahra\\Documents\\GitHub\\devOps\\vendor\\laravel\\framework\\src\\Illuminate\\Foundation\\Http\\Middleware\\TransformsRequest.php(21): Illuminate\\Pipeline\\Pipeline->Illuminate\\Pipeline\\{closure}(Object(Illuminate\\Http\\Request))
#59 C:\\Users\\zahra\\Documents\\GitHub\\devOps\\vendor\\laravel\\framework\\src\\Illuminate\\Foundation\\Http\\Middleware\\ConvertEmptyStringsToNull.php(31): Illuminate\\Foundation\\Http\\Middleware\\TransformsRequest->handle(Object(Illuminate\\Http\\Request), Object(Closure))
#60 C:\\Users\\zahra\\Documents\\GitHub\\devOps\\vendor\\laravel\\framework\\src\\Illuminate\\Pipeline\\Pipeline.php(219): Illuminate\\Foundation\\Http\\Middleware\\ConvertEmptyStringsToNull->handle(Object(Illuminate\\Http\\Request), Object(Closure))
#61 C:\\Users\\zahra\\Documents\\GitHub\\devOps\\vendor\\laravel\\framework\\src\\Illuminate\\Foundation\\Http\\Middleware\\TransformsRequest.php(21): Illuminate\\Pipeline\\Pipeline->Illuminate\\Pipeline\\{closure}(Object(Illuminate\\Http\\Request))
#62 C:\\Users\\zahra\\Documents\\GitHub\\devOps\\vendor\\laravel\\framework\\src\\Illuminate\\Foundation\\Http\\Middleware\\TrimStrings.php(51): Illuminate\\Foundation\\Http\\Middleware\\TransformsRequest->handle(Object(Illuminate\\Http\\Request), Object(Closure))
#63 C:\\Users\\zahra\\Documents\\GitHub\\devOps\\vendor\\laravel\\framework\\src\\Illuminate\\Pipeline\\Pipeline.php(219): Illuminate\\Foundation\\Http\\Middleware\\TrimStrings->handle(Object(Illuminate\\Http\\Request), Object(Closure))
#64 C:\\Users\\zahra\\Documents\\GitHub\\devOps\\vendor\\laravel\\framework\\src\\Illuminate\\Http\\Middleware\\ValidatePostSize.php(27): Illuminate\\Pipeline\\Pipeline->Illuminate\\Pipeline\\{closure}(Object(Illuminate\\Http\\Request))
#65 C:\\Users\\zahra\\Documents\\GitHub\\devOps\\vendor\\laravel\\framework\\src\\Illuminate\\Pipeline\\Pipeline.php(219): Illuminate\\Http\\Middleware\\ValidatePostSize->handle(Object(Illuminate\\Http\\Request), Object(Closure))
#66 C:\\Users\\zahra\\Documents\\GitHub\\devOps\\vendor\\laravel\\framework\\src\\Illuminate\\Foundation\\Http\\Middleware\\PreventRequestsDuringMaintenance.php(109): Illuminate\\Pipeline\\Pipeline->Illuminate\\Pipeline\\{closure}(Object(Illuminate\\Http\\Request))
#67 C:\\Users\\zahra\\Documents\\GitHub\\devOps\\vendor\\laravel\\framework\\src\\Illuminate\\Pipeline\\Pipeline.php(219): Illuminate\\Foundation\\Http\\Middleware\\PreventRequestsDuringMaintenance->handle(Object(Illuminate\\Http\\Request), Object(Closure))
#68 C:\\Users\\zahra\\Documents\\GitHub\\devOps\\vendor\\laravel\\framework\\src\\Illuminate\\Http\\Middleware\\HandleCors.php(48): Illuminate\\Pipeline\\Pipeline->Illuminate\\Pipeline\\{closure}(Object(Illuminate\\Http\\Request))
#69 C:\\Users\\zahra\\Documents\\GitHub\\devOps\\vendor\\laravel\\framework\\src\\Illuminate\\Pipeline\\Pipeline.php(219): Illuminate\\Http\\Middleware\\HandleCors->handle(Object(Illuminate\\Http\\Request), Object(Closure))
#70 C:\\Users\\zahra\\Documents\\GitHub\\devOps\\vendor\\laravel\\framework\\src\\Illuminate\\Http\\Middleware\\TrustProxies.php(58): Illuminate\\Pipeline\\Pipeline->Illuminate\\Pipeline\\{closure}(Object(Illuminate\\Http\\Request))
#71 C:\\Users\\zahra\\Documents\\GitHub\\devOps\\vendor\\laravel\\framework\\src\\Illuminate\\Pipeline\\Pipeline.php(219): Illuminate\\Http\\Middleware\\TrustProxies->handle(Object(Illuminate\\Http\\Request), Object(Closure))
#72 C:\\Users\\zahra\\Documents\\GitHub\\devOps\\vendor\\laravel\\framework\\src\\Illuminate\\Foundation\\Http\\Middleware\\InvokeDeferredCallbacks.php(22): Illuminate\\Pipeline\\Pipeline->Illuminate\\Pipeline\\{closure}(Object(Illuminate\\Http\\Request))
#73 C:\\Users\\zahra\\Documents\\GitHub\\devOps\\vendor\\laravel\\framework\\src\\Illuminate\\Pipeline\\Pipeline.php(219): Illuminate\\Foundation\\Http\\Middleware\\InvokeDeferredCallbacks->handle(Object(Illuminate\\Http\\Request), Object(Closure))
#74 C:\\Users\\zahra\\Documents\\GitHub\\devOps\\vendor\\laravel\\framework\\src\\Illuminate\\Http\\Middleware\\ValidatePathEncoding.php(26): Illuminate\\Pipeline\\Pipeline->Illuminate\\Pipeline\\{closure}(Object(Illuminate\\Http\\Request))
#75 C:\\Users\\zahra\\Documents\\GitHub\\devOps\\vendor\\laravel\\framework\\src\\Illuminate\\Pipeline\\Pipeline.php(219): Illuminate\\Http\\Middleware\\ValidatePathEncoding->handle(Object(Illuminate\\Http\\Request), Object(Closure))
#76 C:\\Users\\zahra\\Documents\\GitHub\\devOps\\vendor\\laravel\\framework\\src\\Illuminate\\Pipeline\\Pipeline.php(137): Illuminate\\Pipeline\\Pipeline->Illuminate\\Pipeline\\{closure}(Object(Illuminate\\Http\\Request))
#77 C:\\Users\\zahra\\Documents\\GitHub\\devOps\\vendor\\laravel\\framework\\src\\Illuminate\\Foundation\\Http\\Kernel.php(175): Illuminate\\Pipeline\\Pipeline->then(Object(Closure))
#78 C:\\Users\\zahra\\Documents\\GitHub\\devOps\\vendor\\laravel\\framework\\src\\Illuminate\\Foundation\\Http\\Kernel.php(144): Illuminate\\Foundation\\Http\\Kernel->sendRequestThroughRouter(Object(Illuminate\\Http\\Request))
#79 C:\\Users\\zahra\\Documents\\GitHub\\devOps\\vendor\\laravel\\framework\\src\\Illuminate\\Foundation\\Application.php(1220): Illuminate\\Foundation\\Http\\Kernel->handle(Object(Illuminate\\Http\\Request))
#80 C:\\Users\\zahra\\Documents\\GitHub\\devOps\\public\\index.php(20): Illuminate\\Foundation\\Application->handleRequest(Object(Illuminate\\Http\\Request))
#81 C:\\Users\\zahra\\Documents\\GitHub\\devOps\\vendor\\laravel\\framework\\src\\Illuminate\\Foundation\\resources\\server.php(23): require_once('C:\\\\Users\\\\zahra\\\\...')
#82 {main}

[previous exception] [object] (GuzzleHttp\\Exception\\ConnectException(code: 0): cURL error 7: Failed to connect to 127.0.0.1 port 9000 after 2034 ms: Couldn't connect to server (see https://curl.haxx.se/libcurl/c/libcurl-errors.html) for http://127.0.0.1:9000/sidora-documents?prefix=dokumen%2Fdokumen_120_v2_1764558362.pdf%2F&delimiter=%2F&encoding-type=url at C:\\Users\\zahra\\Documents\\GitHub\\devOps\\vendor\\guzzlehttp\\guzzle\\src\\Handler\\CurlFactory.php:275)
[stacktrace]
#0 C:\\Users\\zahra\\Documents\\GitHub\\devOps\\vendor\\guzzlehttp\\guzzle\\src\\Handler\\CurlFactory.php(205): GuzzleHttp\\Handler\\CurlFactory::createRejection(Object(GuzzleHttp\\Handler\\EasyHandle), Array)
#1 C:\\Users\\zahra\\Documents\\GitHub\\devOps\\vendor\\guzzlehttp\\guzzle\\src\\Handler\\CurlFactory.php(157): GuzzleHttp\\Handler\\CurlFactory::finishError(Object(GuzzleHttp\\Handler\\CurlMultiHandler), Object(GuzzleHttp\\Handler\\EasyHandle), Object(GuzzleHttp\\Handler\\CurlFactory))
#2 C:\\Users\\zahra\\Documents\\GitHub\\devOps\\vendor\\guzzlehttp\\guzzle\\src\\Handler\\CurlMultiHandler.php(267): GuzzleHttp\\Handler\\CurlFactory::finish(Object(GuzzleHttp\\Handler\\CurlMultiHandler), Object(GuzzleHttp\\Handler\\EasyHandle), Object(GuzzleHttp\\Handler\\CurlFactory))
#3 C:\\Users\\zahra\\Documents\\GitHub\\devOps\\vendor\\guzzlehttp\\guzzle\\src\\Handler\\CurlMultiHandler.php(180): GuzzleHttp\\Handler\\CurlMultiHandler->processMessages()
#4 C:\\Users\\zahra\\Documents\\GitHub\\devOps\\vendor\\guzzlehttp\\guzzle\\src\\Handler\\CurlMultiHandler.php(206): GuzzleHttp\\Handler\\CurlMultiHandler->tick()
#5 C:\\Users\\zahra\\Documents\\GitHub\\devOps\\vendor\\guzzlehttp\\promises\\src\\Promise.php(248): GuzzleHttp\\Handler\\CurlMultiHandler->execute(true)
#6 C:\\Users\\zahra\\Documents\\GitHub\\devOps\\vendor\\guzzlehttp\\promises\\src\\Promise.php(224): GuzzleHttp\\Promise\\Promise->invokeWaitFn()
#7 C:\\Users\\zahra\\Documents\\GitHub\\devOps\\vendor\\guzzlehttp\\promises\\src\\Promise.php(269): GuzzleHttp\\Promise\\Promise->waitIfPending()
#8 C:\\Users\\zahra\\Documents\\GitHub\\devOps\\vendor\\guzzlehttp\\promises\\src\\Promise.php(226): GuzzleHttp\\Promise\\Promise->invokeWaitList()
#9 C:\\Users\\zahra\\Documents\\GitHub\\devOps\\vendor\\guzzlehttp\\promises\\src\\Promise.php(269): GuzzleHttp\\Promise\\Promise->waitIfPending()
#10 C:\\Users\\zahra\\Documents\\GitHub\\devOps\\vendor\\guzzlehttp\\promises\\src\\Promise.php(226): GuzzleHttp\\Promise\\Promise->invokeWaitList()
#11 C:\\Users\\zahra\\Documents\\GitHub\\devOps\\vendor\\guzzlehttp\\promises\\src\\Promise.php(62): GuzzleHttp\\Promise\\Promise->waitIfPending()
#12 C:\\Users\\zahra\\Documents\\GitHub\\devOps\\vendor\\aws\\aws-sdk-php\\src\\AwsClientTrait.php(58): GuzzleHttp\\Promise\\Promise->wait()
#13 C:\\Users\\zahra\\Documents\\GitHub\\devOps\\vendor\\league\\flysystem-aws-s3-v3\\AwsS3V3Adapter.php(142): Aws\\AwsClient->execute(Object(Aws\\Command))
#14 C:\\Users\\zahra\\Documents\\GitHub\\devOps\\vendor\\league\\flysystem\\src\\Filesystem.php(50): League\\Flysystem\\AwsS3V3\\AwsS3V3Adapter->directoryExists('dokumen/dokumen...')
#15 C:\\Users\\zahra\\Documents\\GitHub\\devOps\\vendor\\laravel\\framework\\src\\Illuminate\\Filesystem\\FilesystemAdapter.php(212): League\\Flysystem\\Filesystem->has('dokumen/dokumen...')
#16 C:\\Users\\zahra\\Documents\\GitHub\\devOps\\app\\Http\\Controllers\\TU\\MonitoringController.php(292): Illuminate\\Filesystem\\FilesystemAdapter->exists('dokumen/dokumen...')
#17 C:\\Users\\zahra\\Documents\\GitHub\\devOps\\vendor\\symfony\\polyfill-php84\\Php84.php(82): App\\Http\\Controllers\\TU\\MonitoringController->App\\Http\\Controllers\\TU\\{closure}(Object(App\\Models\\VersiDokumen), 1)
#18 C:\\Users\\zahra\\Documents\\GitHub\\devOps\\vendor\\symfony\\polyfill-php84\\bootstrap.php(33): Symfony\\Polyfill\\Php84\\Php84::array_find_key(Array, Object(Closure))
#19 C:\\Users\\zahra\\Documents\\GitHub\\devOps\\vendor\\laravel\\framework\\src\\Illuminate\\Collections\\Arr.php(274): array_find_key(Array, Object(Closure))
#20 C:\\Users\\zahra\\Documents\\GitHub\\devOps\\vendor\\laravel\\framework\\src\\Illuminate\\Collections\\Collection.php(432): Illuminate\\Support\\Arr::first(Array, Object(Closure), NULL)
#21 C:\\Users\\zahra\\Documents\\GitHub\\devOps\\vendor\\laravel\\framework\\src\\Illuminate\\Collections\\Traits\\EnumeratesValues.php(329): Illuminate\\Support\\Collection->first(Object(Closure))
#22 C:\\Users\\zahra\\Documents\\GitHub\\devOps\\app\\Http\\Controllers\\TU\\MonitoringController.php(292): Illuminate\\Support\\Collection->firstWhere(Object(Closure))
#23 C:\\Users\\zahra\\Documents\\GitHub\\devOps\\vendor\\laravel\\framework\\src\\Illuminate\\Routing\\ControllerDispatcher.php(46): App\\Http\\Controllers\\TU\\MonitoringController->download('120', Object(Illuminate\\Http\\Request))
#24 C:\\Users\\zahra\\Documents\\GitHub\\devOps\\vendor\\laravel\\framework\\src\\Illuminate\\Routing\\Route.php(265): Illuminate\\Routing\\ControllerDispatcher->dispatch(Object(Illuminate\\Routing\\Route), Object(App\\Http\\Controllers\\TU\\MonitoringController), 'download')
#25 C:\\Users\\zahra\\Documents\\GitHub\\devOps\\vendor\\laravel\\framework\\src\\Illuminate\\Routing\\Route.php(211): Illuminate\\Routing\\Route->runController()
#26 C:\\Users\\zahra\\Documents\\GitHub\\devOps\\vendor\\laravel\\framework\\src\\Illuminate\\Routing\\Router.php(822): Illuminate\\Routing\\Route->run()
#27 C:\\Users\\zahra\\Documents\\GitHub\\devOps\\vendor\\laravel\\framework\\src\\Illuminate\\Pipeline\\Pipeline.php(180): Illuminate\\Routing\\Router->Illuminate\\Routing\\{closure}(Object(Illuminate\\Http\\Request))
#28 C:\\Users\\zahra\\Documents\\GitHub\\devOps\\app\\Http\\Middleware\\CheckRole.php(34): Illuminate\\Pipeline\\Pipeline->Illuminate\\Pipeline\\{closure}(Object(Illuminate\\Http\\Request))
#29 C:\\Users\\zahra\\Documents\\GitHub\\devOps\\vendor\\laravel\\framework\\src\\Illuminate\\Pipeline\\Pipeline.php(219): App\\Http\\Middleware\\CheckRole->handle(Object(Illuminate\\Http\\Request), Object(Closure), 'tu')
#30 C:\\Users\\zahra\\Documents\\GitHub\\devOps\\vendor\\laravel\\framework\\src\\Illuminate\\Foundation\\Http\\Middleware\\VerifyCsrfToken.php(87): Illuminate\\Pipeline\\Pipeline->Illuminate\\Pipeline\\{closure}(Object(Illuminate\\Http\\Request))
#31 C:\\Users\\zahra\\Documents\\GitHub\\devOps\\vendor\\laravel\\framework\\src\\Illuminate\\Pipeline\\Pipeline.php(219): Illuminate\\Foundation\\Http\\Middleware\\VerifyCsrfToken->handle(Object(Illuminate\\Http\\Request), Object(Closure))
#32 C:\\Users\\zahra\\Documents\\GitHub\\devOps\\vendor\\laravel\\framework\\src\\Illuminate\\Routing\\Middleware\\SubstituteBindings.php(50): Illuminate\\Pipeline\\Pipeline->Illuminate\\Pipeline\\{closure}(Object(Illuminate\\Http\\Request))
#33 C:\\Users\\zahra\\Documents\\GitHub\\devOps\\vendor\\laravel\\framework\\src\\Illuminate\\Pipeline\\Pipeline.php(219): Illuminate\\Routing\\Middleware\\SubstituteBindings->handle(Object(Illuminate\\Http\\Request), Object(Closure))
#34 C:\\Users\\zahra\\Documents\\GitHub\\devOps\\vendor\\laravel\\framework\\src\\Illuminate\\Session\\Middleware\\AuthenticateSession.php(66): Illuminate\\Pipeline\\Pipeline->Illuminate\\Pipeline\\{closure}(Object(Illuminate\\Http\\Request))
#35 C:\\Users\\zahra\\Documents\\GitHub\\devOps\\vendor\\laravel\\framework\\src\\Illuminate\\Pipeline\\Pipeline.php(219): Illuminate\\Session\\Middleware\\AuthenticateSession->handle(Object(Illuminate\\Http\\Request), Object(Closure))
#36 C:\\Users\\zahra\\Documents\\GitHub\\devOps\\vendor\\laravel\\framework\\src\\Illuminate\\Auth\\Middleware\\Authenticate.php(63): Illuminate\\Pipeline\\Pipeline->Illuminate\\Pipeline\\{closure}(Object(Illuminate\\Http\\Request))
#37 C:\\Users\\zahra\\Documents\\GitHub\\devOps\\vendor\\laravel\\framework\\src\\Illuminate\\Pipeline\\Pipeline.php(219): Illuminate\\Auth\\Middleware\\Authenticate->handle(Object(Illuminate\\Http\\Request), Object(Closure))
#38 C:\\Users\\zahra\\Documents\\GitHub\\devOps\\vendor\\laravel\\framework\\src\\Illuminate\\Foundation\\Http\\Middleware\\VerifyCsrfToken.php(87): Illuminate\\Pipeline\\Pipeline->Illuminate\\Pipeline\\{closure}(Object(Illuminate\\Http\\Request))
#39 C:\\Users\\zahra\\Documents\\GitHub\\devOps\\vendor\\laravel\\framework\\src\\Illuminate\\Pipeline\\Pipeline.php(219): Illuminate\\Foundation\\Http\\Middleware\\VerifyCsrfToken->handle(Object(Illuminate\\Http\\Request), Object(Closure))
#40 C:\\Users\\zahra\\Documents\\GitHub\\devOps\\vendor\\laravel\\framework\\src\\Illuminate\\View\\Middleware\\ShareErrorsFromSession.php(48): Illuminate\\Pipeline\\Pipeline->Illuminate\\Pipeline\\{closure}(Object(Illuminate\\Http\\Request))
#41 C:\\Users\\zahra\\Documents\\GitHub\\devOps\\vendor\\laravel\\framework\\src\\Illuminate\\Pipeline\\Pipeline.php(219): Illuminate\\View\\Middleware\\ShareErrorsFromSession->handle(Object(Illuminate\\Http\\Request), Object(Closure))
#42 C:\\Users\\zahra\\Documents\\GitHub\\devOps\\vendor\\laravel\\framework\\src\\Illuminate\\Session\\Middleware\\StartSession.php(120): Illuminate\\Pipeline\\Pipeline->Illuminate\\Pipeline\\{closure}(Object(Illuminate\\Http\\Request))
#43 C:\\Users\\zahra\\Documents\\GitHub\\devOps\\vendor\\laravel\\framework\\src\\Illuminate\\Session\\Middleware\\StartSession.php(63): Illuminate\\Session\\Middleware\\StartSession->handleStatefulRequest(Object(Illuminate\\Http\\Request), Object(Illuminate\\Session\\Store), Object(Closure))
#44 C:\\Users\\zahra\\Documents\\GitHub\\devOps\\vendor\\laravel\\framework\\src\\Illuminate\\Pipeline\\Pipeline.php(219): Illuminate\\Session\\Middleware\\StartSession->handle(Object(Illuminate\\Http\\Request), Object(Closure))
#45 C:\\Users\\zahra\\Documents\\GitHub\\devOps\\vendor\\laravel\\framework\\src\\Illuminate\\Cookie\\Middleware\\AddQueuedCookiesToResponse.php(36): Illuminate\\Pipeline\\Pipeline->Illuminate\\Pipeline\\{closure}(Object(Illuminate\\Http\\Request))
#46 C:\\Users\\zahra\\Documents\\GitHub\\devOps\\vendor\\laravel\\framework\\src\\Illuminate\\Pipeline\\Pipeline.php(219): Illuminate\\Cookie\\Middleware\\AddQueuedCookiesToResponse->handle(Object(Illuminate\\Http\\Request), Object(Closure))
#47 C:\\Users\\zahra\\Documents\\GitHub\\devOps\\vendor\\laravel\\framework\\src\\Illuminate\\Cookie\\Middleware\\EncryptCookies.php(74): Illuminate\\Pipeline\\Pipeline->Illuminate\\Pipeline\\{closure}(Object(Illuminate\\Http\\Request))
#48 C:\\Users\\zahra\\Documents\\GitHub\\devOps\\vendor\\laravel\\framework\\src\\Illuminate\\Pipeline\\Pipeline.php(219): Illuminate\\Cookie\\Middleware\\EncryptCookies->handle(Object(Illuminate\\Http\\Request), Object(Closure))
#49 C:\\Users\\zahra\\Documents\\GitHub\\devOps\\vendor\\laravel\\framework\\src\\Illuminate\\Pipeline\\Pipeline.php(137): Illuminate\\Pipeline\\Pipeline->Illuminate\\Pipeline\\{closure}(Object(Illuminate\\Http\\Request))
#50 C:\\Users\\zahra\\Documents\\GitHub\\devOps\\vendor\\laravel\\framework\\src\\Illuminate\\Routing\\Router.php(821): Illuminate\\Pipeline\\Pipeline->then(Object(Closure))
#51 C:\\Users\\zahra\\Documents\\GitHub\\devOps\\vendor\\laravel\\framework\\src\\Illuminate\\Routing\\Router.php(800): Illuminate\\Routing\\Router->runRouteWithinStack(Object(Illuminate\\Routing\\Route), Object(Illuminate\\Http\\Request))
#52 C:\\Users\\zahra\\Documents\\GitHub\\devOps\\vendor\\laravel\\framework\\src\\Illuminate\\Routing\\Router.php(764): Illuminate\\Routing\\Router->runRoute(Object(Illuminate\\Http\\Request), Object(Illuminate\\Routing\\Route))
#53 C:\\Users\\zahra\\Documents\\GitHub\\devOps\\vendor\\laravel\\framework\\src\\Illuminate\\Routing\\Router.php(753): Illuminate\\Routing\\Router->dispatchToRoute(Object(Illuminate\\Http\\Request))
#54 C:\\Users\\zahra\\Documents\\GitHub\\devOps\\vendor\\laravel\\framework\\src\\Illuminate\\Foundation\\Http\\Kernel.php(200): Illuminate\\Routing\\Router->dispatch(Object(Illuminate\\Http\\Request))
#55 C:\\Users\\zahra\\Documents\\GitHub\\devOps\\vendor\\laravel\\framework\\src\\Illuminate\\Pipeline\\Pipeline.php(180): Illuminate\\Foundation\\Http\\Kernel->Illuminate\\Foundation\\Http\\{closure}(Object(Illuminate\\Http\\Request))
#56 C:\\Users\\zahra\\Documents\\GitHub\\devOps\\vendor\\laravel\\framework\\src\\Illuminate\\Foundation\\Http\\Middleware\\TransformsRequest.php(21): Illuminate\\Pipeline\\Pipeline->Illuminate\\Pipeline\\{closure}(Object(Illuminate\\Http\\Request))
#57 C:\\Users\\zahra\\Documents\\GitHub\\devOps\\vendor\\laravel\\framework\\src\\Illuminate\\Foundation\\Http\\Middleware\\ConvertEmptyStringsToNull.php(31): Illuminate\\Foundation\\Http\\Middleware\\TransformsRequest->handle(Object(Illuminate\\Http\\Request), Object(Closure))
#58 C:\\Users\\zahra\\Documents\\GitHub\\devOps\\vendor\\laravel\\framework\\src\\Illuminate\\Pipeline\\Pipeline.php(219): Illuminate\\Foundation\\Http\\Middleware\\ConvertEmptyStringsToNull->handle(Object(Illuminate\\Http\\Request), Object(Closure))
#59 C:\\Users\\zahra\\Documents\\GitHub\\devOps\\vendor\\laravel\\framework\\src\\Illuminate\\Foundation\\Http\\Middleware\\TransformsRequest.php(21): Illuminate\\Pipeline\\Pipeline->Illuminate\\Pipeline\\{closure}(Object(Illuminate\\Http\\Request))
#60 C:\\Users\\zahra\\Documents\\GitHub\\devOps\\vendor\\laravel\\framework\\src\\Illuminate\\Foundation\\Http\\Middleware\\TrimStrings.php(51): Illuminate\\Foundation\\Http\\Middleware\\TransformsRequest->handle(Object(Illuminate\\Http\\Request), Object(Closure))
#61 C:\\Users\\zahra\\Documents\\GitHub\\devOps\\vendor\\laravel\\framework\\src\\Illuminate\\Pipeline\\Pipeline.php(219): Illuminate\\Foundation\\Http\\Middleware\\TrimStrings->handle(Object(Illuminate\\Http\\Request), Object(Closure))
#62 C:\\Users\\zahra\\Documents\\GitHub\\devOps\\vendor\\laravel\\framework\\src\\Illuminate\\Http\\Middleware\\ValidatePostSize.php(27): Illuminate\\Pipeline\\Pipeline->Illuminate\\Pipeline\\{closure}(Object(Illuminate\\Http\\Request))
#63 C:\\Users\\zahra\\Documents\\GitHub\\devOps\\vendor\\laravel\\framework\\src\\Illuminate\\Pipeline\\Pipeline.php(219): Illuminate\\Http\\Middleware\\ValidatePostSize->handle(Object(Illuminate\\Http\\Request), Object(Closure))
#64 C:\\Users\\zahra\\Documents\\GitHub\\devOps\\vendor\\laravel\\framework\\src\\Illuminate\\Foundation\\Http\\Middleware\\PreventRequestsDuringMaintenance.php(109): Illuminate\\Pipeline\\Pipeline->Illuminate\\Pipeline\\{closure}(Object(Illuminate\\Http\\Request))
#65 C:\\Users\\zahra\\Documents\\GitHub\\devOps\\vendor\\laravel\\framework\\src\\Illuminate\\Pipeline\\Pipeline.php(219): Illuminate\\Foundation\\Http\\Middleware\\PreventRequestsDuringMaintenance->handle(Object(Illuminate\\Http\\Request), Object(Closure))
#66 C:\\Users\\zahra\\Documents\\GitHub\\devOps\\vendor\\laravel\\framework\\src\\Illuminate\\Http\\Middleware\\HandleCors.php(48): Illuminate\\Pipeline\\Pipeline->Illuminate\\Pipeline\\{closure}(Object(Illuminate\\Http\\Request))
#67 C:\\Users\\zahra\\Documents\\GitHub\\devOps\\vendor\\laravel\\framework\\src\\Illuminate\\Pipeline\\Pipeline.php(219): Illuminate\\Http\\Middleware\\HandleCors->handle(Object(Illuminate\\Http\\Request), Object(Closure))
#68 C:\\Users\\zahra\\Documents\\GitHub\\devOps\\vendor\\laravel\\framework\\src\\Illuminate\\Http\\Middleware\\TrustProxies.php(58): Illuminate\\Pipeline\\Pipeline->Illuminate\\Pipeline\\{closure}(Object(Illuminate\\Http\\Request))
#69 C:\\Users\\zahra\\Documents\\GitHub\\devOps\\vendor\\laravel\\framework\\src\\Illuminate\\Pipeline\\Pipeline.php(219): Illuminate\\Http\\Middleware\\TrustProxies->handle(Object(Illuminate\\Http\\Request), Object(Closure))
#70 C:\\Users\\zahra\\Documents\\GitHub\\devOps\\vendor\\laravel\\framework\\src\\Illuminate\\Foundation\\Http\\Middleware\\InvokeDeferredCallbacks.php(22): Illuminate\\Pipeline\\Pipeline->Illuminate\\Pipeline\\{closure}(Object(Illuminate\\Http\\Request))
#71 C:\\Users\\zahra\\Documents\\GitHub\\devOps\\vendor\\laravel\\framework\\src\\Illuminate\\Pipeline\\Pipeline.php(219): Illuminate\\Foundation\\Http\\Middleware\\InvokeDeferredCallbacks->handle(Object(Illuminate\\Http\\Request), Object(Closure))
#72 C:\\Users\\zahra\\Documents\\GitHub\\devOps\\vendor\\laravel\\framework\\src\\Illuminate\\Http\\Middleware\\ValidatePathEncoding.php(26): Illuminate\\Pipeline\\Pipeline->Illuminate\\Pipeline\\{closure}(Object(Illuminate\\Http\\Request))
#73 C:\\Users\\zahra\\Documents\\GitHub\\devOps\\vendor\\laravel\\framework\\src\\Illuminate\\Pipeline\\Pipeline.php(219): Illuminate\\Http\\Middleware\\ValidatePathEncoding->handle(Object(Illuminate\\Http\\Request), Object(Closure))
#74 C:\\Users\\zahra\\Documents\\GitHub\\devOps\\vendor\\laravel\\framework\\src\\Illuminate\\Pipeline\\Pipeline.php(137): Illuminate\\Pipeline\\Pipeline->Illuminate\\Pipeline\\{closure}(Object(Illuminate\\Http\\Request))
#75 C:\\Users\\zahra\\Documents\\GitHub\\devOps\\vendor\\laravel\\framework\\src\\Illuminate\\Foundation\\Http\\Kernel.php(175): Illuminate\\Pipeline\\Pipeline->then(Object(Closure))
#76 C:\\Users\\zahra\\Documents\\GitHub\\devOps\\vendor\\laravel\\framework\\src\\Illuminate\\Foundation\\Http\\Kernel.php(144): Illuminate\\Foundation\\Http\\Kernel->sendRequestThroughRouter(Object(Illuminate\\Http\\Request))
#77 C:\\Users\\zahra\\Documents\\GitHub\\devOps\\vendor\\laravel\\framework\\src\\Illuminate\\Foundation\\Application.php(1220): Illuminate\\Foundation\\Http\\Kernel->handle(Object(Illuminate\\Http\\Request))
#78 C:\\Users\\zahra\\Documents\\GitHub\\devOps\\public\\index.php(20): Illuminate\\Foundation\\Application->handleRequest(Object(Illuminate\\Http\\Request))
#79 C:\\Users\\zahra\\Documents\\GitHub\\devOps\\vendor\\laravel\\framework\\src\\Illuminate\\Foundation\\resources\\server.php(23): require_once('C:\\\\Users\\\\zahra\\\\...')
#80 {main}
"} 
[2025-12-01 13:43:14] local.ERROR: Download gagal: Unable to check existence for: dokumen/dokumen_121_v2_1764558677.pdf  
[2025-12-01 13:44:08] local.ERROR: Download gagal: Unable to check existence for: dokumen/dokumen_121_v2_1764558677.pdf  
[2025-12-01 13:44:39] local.ERROR: Download gagal: Unable to check existence for: dokumen/dosen/692bfa0e789a8_C1_Dokumen Proyek 3 D3 (2).docx  
[2025-12-01 13:51:44] local.ERROR: Download gagal: Unable to check existence for: dokumen/dosen/692bfa0e789a8_C1_Dokumen Proyek 3 D3 (2).docx  
[2025-12-01 14:13:56] local.ERROR: Download gagal (kaprodi): Unable to check existence for: dokumen/dokumen_121_v2_1764558677.pdf  
[2025-12-01 14:21:03] local.ERROR: Unable to check existence for: dokumen/dokumen_120_v2_1764558362.pdf {"userId":8,"exception":"[object] (League\\Flysystem\\UnableToCheckDirectoryExistence(code: 0): Unable to check existence for: dokumen/dokumen_120_v2_1764558362.pdf at C:\\Users\\zahra\\Documents\\GitHub\\devOps\\vendor\\league\\flysystem\\src\\UnableToCheckExistence.php:19)
[stacktrace]
#0 C:\\Users\\zahra\\Documents\\GitHub\\devOps\\vendor\\league\\flysystem-aws-s3-v3\\AwsS3V3Adapter.php(144): League\\Flysystem\\UnableToCheckExistence::forLocation('dokumen/dokumen...', Object(Aws\\S3\\Exception\\S3Exception))
#1 C:\\Users\\zahra\\Documents\\GitHub\\devOps\\vendor\\league\\flysystem\\src\\Filesystem.php(50): League\\Flysystem\\AwsS3V3\\AwsS3V3Adapter->directoryExists('dokumen/dokumen...')
#2 C:\\Users\\zahra\\Documents\\GitHub\\devOps\\vendor\\laravel\\framework\\src\\Illuminate\\Filesystem\\FilesystemAdapter.php(212): League\\Flysystem\\Filesystem->has('dokumen/dokumen...')
#3 C:\\Users\\zahra\\Documents\\GitHub\\devOps\\app\\Http\\Controllers\\TU\\MonitoringController.php(292): Illuminate\\Filesystem\\FilesystemAdapter->exists('dokumen/dokumen...')
#4 C:\\Users\\zahra\\Documents\\GitHub\\devOps\\vendor\\symfony\\polyfill-php84\\Php84.php(82): App\\Http\\Controllers\\TU\\MonitoringController->App\\Http\\Controllers\\TU\\{closure}(Object(App\\Models\\VersiDokumen), 1)
#5 C:\\Users\\zahra\\Documents\\GitHub\\devOps\\vendor\\symfony\\polyfill-php84\\bootstrap.php(33): Symfony\\Polyfill\\Php84\\Php84::array_find_key(Array, Object(Closure))
#6 C:\\Users\\zahra\\Documents\\GitHub\\devOps\\vendor\\laravel\\framework\\src\\Illuminate\\Collections\\Arr.php(274): array_find_key(Array, Object(Closure))
#7 C:\\Users\\zahra\\Documents\\GitHub\\devOps\\vendor\\laravel\\framework\\src\\Illuminate\\Collections\\Collection.php(432): Illuminate\\Support\\Arr::first(Array, Object(Closure), NULL)
#8 C:\\Users\\zahra\\Documents\\GitHub\\devOps\\vendor\\laravel\\framework\\src\\Illuminate\\Collections\\Traits\\EnumeratesValues.php(329): Illuminate\\Support\\Collection->first(Object(Closure))
#9 C:\\Users\\zahra\\Documents\\GitHub\\devOps\\app\\Http\\Controllers\\TU\\MonitoringController.php(292): Illuminate\\Support\\Collection->firstWhere(Object(Closure))
#10 C:\\Users\\zahra\\Documents\\GitHub\\devOps\\vendor\\laravel\\framework\\src\\Illuminate\\Routing\\ControllerDispatcher.php(46): App\\Http\\Controllers\\TU\\MonitoringController->download('120', Object(Illuminate\\Http\\Request))
#11 C:\\Users\\zahra\\Documents\\GitHub\\devOps\\vendor\\laravel\\framework\\src\\Illuminate\\Routing\\Route.php(265): Illuminate\\Routing\\ControllerDispatcher->dispatch(Object(Illuminate\\Routing\\Route), Object(App\\Http\\Controllers\\TU\\MonitoringController), 'download')
#12 C:\\Users\\zahra\\Documents\\GitHub\\devOps\\vendor\\laravel\\framework\\src\\Illuminate\\Routing\\Route.php(211): Illuminate\\Routing\\Route->runController()
#13 C:\\Users\\zahra\\Documents\\GitHub\\devOps\\vendor\\laravel\\framework\\src\\Illuminate\\Routing\\Router.php(822): Illuminate\\Routing\\Route->run()
#14 C:\\Users\\zahra\\Documents\\GitHub\\devOps\\vendor\\laravel\\framework\\src\\Illuminate\\Pipeline\\Pipeline.php(180): Illuminate\\Routing\\Router->Illuminate\\Routing\\{closure}(Object(Illuminate\\Http\\Request))
#15 C:\\Users\\zahra\\Documents\\GitHub\\devOps\\app\\Http\\Middleware\\CheckRole.php(34): Illuminate\\Pipeline\\Pipeline->Illuminate\\Pipeline\\{closure}(Object(Illuminate\\Http\\Request))
#16 C:\\Users\\zahra\\Documents\\GitHub\\devOps\\vendor\\laravel\\framework\\src\\Illuminate\\Pipeline\\Pipeline.php(219): App\\Http\\Middleware\\CheckRole->handle(Object(Illuminate\\Http\\Request), Object(Closure), 'tu')
#17 C:\\Users\\zahra\\Documents\\GitHub\\devOps\\vendor\\laravel\\framework\\src\\Illuminate\\Foundation\\Http\\Middleware\\VerifyCsrfToken.php(87): Illuminate\\Pipeline\\Pipeline->Illuminate\\Pipeline\\{closure}(Object(Illuminate\\Http\\Request))
#18 C:\\Users\\zahra\\Documents\\GitHub\\devOps\\vendor\\laravel\\framework\\src\\Illuminate\\Pipeline\\Pipeline.php(219): Illuminate\\Foundation\\Http\\Middleware\\VerifyCsrfToken->handle(Object(Illuminate\\Http\\Request), Object(Closure))
#19 C:\\Users\\zahra\\Documents\\GitHub\\devOps\\vendor\\laravel\\framework\\src\\Illuminate\\Routing\\Middleware\\SubstituteBindings.php(50): Illuminate\\Pipeline\\Pipeline->Illuminate\\Pipeline\\{closure}(Object(Illuminate\\Http\\Request))
#20 C:\\Users\\zahra\\Documents\\GitHub\\devOps\\vendor\\laravel\\framework\\src\\Illuminate\\Pipeline\\Pipeline.php(219): Illuminate\\Routing\\Middleware\\SubstituteBindings->handle(Object(Illuminate\\Http\\Request), Object(Closure))
#21 C:\\Users\\zahra\\Documents\\GitHub\\devOps\\vendor\\laravel\\framework\\src\\Illuminate\\Session\\Middleware\\AuthenticateSession.php(66): Illuminate\\Pipeline\\Pipeline->Illuminate\\Pipeline\\{closure}(Object(Illuminate\\Http\\Request))
#22 C:\\Users\\zahra\\Documents\\GitHub\\devOps\\vendor\\laravel\\framework\\src\\Illuminate\\Pipeline\\Pipeline.php(219): Illuminate\\Session\\Middleware\\AuthenticateSession->handle(Object(Illuminate\\Http\\Request), Object(Closure))
#23 C:\\Users\\zahra\\Documents\\GitHub\\devOps\\vendor\\laravel\\framework\\src\\Illuminate\\Auth\\Middleware\\Authenticate.php(63): Illuminate\\Pipeline\\Pipeline->Illuminate\\Pipeline\\{closure}(Object(Illuminate\\Http\\Request))
#24 C:\\Users\\zahra\\Documents\\GitHub\\devOps\\vendor\\laravel\\framework\\src\\Illuminate\\Pipeline\\Pipeline.php(219): Illuminate\\Auth\\Middleware\\Authenticate->handle(Object(Illuminate\\Http\\Request), Object(Closure))
#25 C:\\Users\\zahra\\Documents\\GitHub\\devOps\\vendor\\laravel\\framework\\src\\Illuminate\\Foundation\\Http\\Middleware\\VerifyCsrfToken.php(87): Illuminate\\Pipeline\\Pipeline->Illuminate\\Pipeline\\{closure}(Object(Illuminate\\Http\\Request))
#26 C:\\Users\\zahra\\Documents\\GitHub\\devOps\\vendor\\laravel\\framework\\src\\Illuminate\\Pipeline\\Pipeline.php(219): Illuminate\\Foundation\\Http\\Middleware\\VerifyCsrfToken->handle(Object(Illuminate\\Http\\Request), Object(Closure))
#27 C:\\Users\\zahra\\Documents\\GitHub\\devOps\\vendor\\laravel\\framework\\src\\Illuminate\\View\\Middleware\\ShareErrorsFromSession.php(48): Illuminate\\Pipeline\\Pipeline->Illuminate\\Pipeline\\{closure}(Object(Illuminate\\Http\\Request))
#28 C:\\Users\\zahra\\Documents\\GitHub\\devOps\\vendor\\laravel\\framework\\src\\Illuminate\\Pipeline\\Pipeline.php(219): Illuminate\\View\\Middleware\\ShareErrorsFromSession->handle(Object(Illuminate\\Http\\Request), Object(Closure))
#29 C:\\Users\\zahra\\Documents\\GitHub\\devOps\\vendor\\laravel\\framework\\src\\Illuminate\\Session\\Middleware\\StartSession.php(120): Illuminate\\Pipeline\\Pipeline->Illuminate\\Pipeline\\{closure}(Object(Illuminate\\Http\\Request))
#30 C:\\Users\\zahra\\Documents\\GitHub\\devOps\\vendor\\laravel\\framework\\src\\Illuminate\\Session\\Middleware\\StartSession.php(63): Illuminate\\Session\\Middleware\\StartSession->handleStatefulRequest(Object(Illuminate\\Http\\Request), Object(Illuminate\\Session\\Store), Object(Closure))
#31 C:\\Users\\zahra\\Documents\\GitHub\\devOps\\vendor\\laravel\\framework\\src\\Illuminate\\Pipeline\\Pipeline.php(219): Illuminate\\Session\\Middleware\\StartSession->handle(Object(Illuminate\\Http\\Request), Object(Closure))
#32 C:\\Users\\zahra\\Documents\\GitHub\\devOps\\vendor\\laravel\\framework\\src\\Illuminate\\Cookie\\Middleware\\AddQueuedCookiesToResponse.php(36): Illuminate\\Pipeline\\Pipeline->Illuminate\\Pipeline\\{closure}(Object(Illuminate\\Http\\Request))
#33 C:\\Users\\zahra\\Documents\\GitHub\\devOps\\vendor\\laravel\\framework\\src\\Illuminate\\Pipeline\\Pipeline.php(219): Illuminate\\Cookie\\Middleware\\AddQueuedCookiesToResponse->handle(Object(Illuminate\\Http\\Request), Object(Closure))
#34 C:\\Users\\zahra\\Documents\\GitHub\\devOps\\vendor\\laravel\\framework\\src\\Illuminate\\Cookie\\Middleware\\EncryptCookies.php(74): Illuminate\\Pipeline\\Pipeline->Illuminate\\Pipeline\\{closure}(Object(Illuminate\\Http\\Request))
#35 C:\\Users\\zahra\\Documents\\GitHub\\devOps\\vendor\\laravel\\framework\\src\\Illuminate\\Pipeline\\Pipeline.php(219): Illuminate\\Cookie\\Middleware\\EncryptCookies->handle(Object(Illuminate\\Http\\Request), Object(Closure))
#36 C:\\Users\\zahra\\Documents\\GitHub\\devOps\\vendor\\laravel\\framework\\src\\Illuminate\\Pipeline\\Pipeline.php(137): Illuminate\\Pipeline\\Pipeline->Illuminate\\Pipeline\\{closure}(Object(Illuminate\\Http\\Request))
#37 C:\\Users\\zahra\\Documents\\GitHub\\devOps\\vendor\\laravel\\framework\\src\\Illuminate\\Routing\\Router.php(821): Illuminate\\Pipeline\\Pipeline->then(Object(Closure))
#38 C:\\Users\\zahra\\Documents\\GitHub\\devOps\\vendor\\laravel\\framework\\src\\Illuminate\\Routing\\Router.php(800): Illuminate\\Routing\\Router->runRouteWithinStack(Object(Illuminate\\Routing\\Route), Object(Illuminate\\Http\\Request))
#39 C:\\Users\\zahra\\Documents\\GitHub\\devOps\\vendor\\laravel\\framework\\src\\Illuminate\\Routing\\Router.php(764): Illuminate\\Routing\\Router->runRoute(Object(Illuminate\\Http\\Request), Object(Illuminate\\Routing\\Route))
#40 C:\\Users\\zahra\\Documents\\GitHub\\devOps\\vendor\\laravel\\framework\\src\\Illuminate\\Routing\\Router.php(753): Illuminate\\Routing\\Router->dispatchToRoute(Object(Illuminate\\Http\\Request))
#41 C:\\Users\\zahra\\Documents\\GitHub\\devOps\\vendor\\laravel\\framework\\src\\Illuminate\\Foundation\\Http\\Kernel.php(200): Illuminate\\Routing\\Router->dispatch(Object(Illuminate\\Http\\Request))
#42 C:\\Users\\zahra\\Documents\\GitHub\\devOps\\vendor\\laravel\\framework\\src\\Illuminate\\Pipeline\\Pipeline.php(180): Illuminate\\Foundation\\Http\\Kernel->Illuminate\\Foundation\\Http\\{closure}(Object(Illuminate\\Http\\Request))
#43 C:\\Users\\zahra\\Documents\\GitHub\\devOps\\vendor\\laravel\\framework\\src\\Illuminate\\Foundation\\Http\\Middleware\\TransformsRequest.php(21): Illuminate\\Pipeline\\Pipeline->Illuminate\\Pipeline\\{closure}(Object(Illuminate\\Http\\Request))
#44 C:\\Users\\zahra\\Documents\\GitHub\\devOps\\vendor\\laravel\\framework\\src\\Illuminate\\Foundation\\Http\\Middleware\\ConvertEmptyStringsToNull.php(31): Illuminate\\Foundation\\Http\\Middleware\\TransformsRequest->handle(Object(Illuminate\\Http\\Request), Object(Closure))
#45 C:\\Users\\zahra\\Documents\\GitHub\\devOps\\vendor\\laravel\\framework\\src\\Illuminate\\Pipeline\\Pipeline.php(219): Illuminate\\Foundation\\Http\\Middleware\\ConvertEmptyStringsToNull->handle(Object(Illuminate\\Http\\Request), Object(Closure))
#46 C:\\Users\\zahra\\Documents\\GitHub\\devOps\\vendor\\laravel\\framework\\src\\Illuminate\\Foundation\\Http\\Middleware\\TransformsRequest.php(21): Illuminate\\Pipeline\\Pipeline->Illuminate\\Pipeline\\{closure}(Object(Illuminate\\Http\\Request))
#47 C:\\Users\\zahra\\Documents\\GitHub\\devOps\\vendor\\laravel\\framework\\src\\Illuminate\\Foundation\\Http\\Middleware\\TrimStrings.php(51): Illuminate\\Foundation\\Http\\Middleware\\TransformsRequest->handle(Object(Illuminate\\Http\\Request), Object(Closure))
#48 C:\\Users\\zahra\\Documents\\GitHub\\devOps\\vendor\\laravel\\framework\\src\\Illuminate\\Pipeline\\Pipeline.php(219): Illuminate\\Foundation\\Http\\Middleware\\TrimStrings->handle(Object(Illuminate\\Http\\Request), Object(Closure))
#49 C:\\Users\\zahra\\Documents\\GitHub\\devOps\\vendor\\laravel\\framework\\src\\Illuminate\\Http\\Middleware\\ValidatePostSize.php(27): Illuminate\\Pipeline\\Pipeline->Illuminate\\Pipeline\\{closure}(Object(Illuminate\\Http\\Request))
#50 C:\\Users\\zahra\\Documents\\GitHub\\devOps\\vendor\\laravel\\framework\\src\\Illuminate\\Pipeline\\Pipeline.php(219): Illuminate\\Http\\Middleware\\ValidatePostSize->handle(Object(Illuminate\\Http\\Request), Object(Closure))
#51 C:\\Users\\zahra\\Documents\\GitHub\\devOps\\vendor\\laravel\\framework\\src\\Illuminate\\Foundation\\Http\\Middleware\\PreventRequestsDuringMaintenance.php(109): Illuminate\\Pipeline\\Pipeline->Illuminate\\Pipeline\\{closure}(Object(Illuminate\\Http\\Request))
#52 C:\\Users\\zahra\\Documents\\GitHub\\devOps\\vendor\\laravel\\framework\\src\\Illuminate\\Pipeline\\Pipeline.php(219): Illuminate\\Foundation\\Http\\Middleware\\PreventRequestsDuringMaintenance->handle(Object(Illuminate\\Http\\Request), Object(Closure))
#53 C:\\Users\\zahra\\Documents\\GitHub\\devOps\\vendor\\laravel\\framework\\src\\Illuminate\\Http\\Middleware\\HandleCors.php(48): Illuminate\\Pipeline\\Pipeline->Illuminate\\Pipeline\\{closure}(Object(Illuminate\\Http\\Request))
#54 C:\\Users\\zahra\\Documents\\GitHub\\devOps\\vendor\\laravel\\framework\\src\\Illuminate\\Pipeline\\Pipeline.php(219): Illuminate\\Http\\Middleware\\HandleCors->handle(Object(Illuminate\\Http\\Request), Object(Closure))
#55 C:\\Users\\zahra\\Documents\\GitHub\\devOps\\vendor\\laravel\\framework\\src\\Illuminate\\Http\\Middleware\\TrustProxies.php(58): Illuminate\\Pipeline\\Pipeline->Illuminate\\Pipeline\\{closure}(Object(Illuminate\\Http\\Request))
#56 C:\\Users\\zahra\\Documents\\GitHub\\devOps\\vendor\\laravel\\framework\\src\\Illuminate\\Pipeline\\Pipeline.php(219): Illuminate\\Http\\Middleware\\TrustProxies->handle(Object(Illuminate\\Http\\Request), Object(Closure))
#57 C:\\Users\\zahra\\Documents\\GitHub\\devOps\\vendor\\laravel\\framework\\src\\Illuminate\\Foundation\\Http\\Middleware\\InvokeDeferredCallbacks.php(22): Illuminate\\Pipeline\\Pipeline->Illuminate\\Pipeline\\{closure}(Object(Illuminate\\Http\\Request))
#58 C:\\Users\\zahra\\Documents\\GitHub\\devOps\\vendor\\laravel\\framework\\src\\Illuminate\\Pipeline\\Pipeline.php(219): Illuminate\\Foundation\\Http\\Middleware\\InvokeDeferredCallbacks->handle(Object(Illuminate\\Http\\Request), Object(Closure))
#59 C:\\Users\\zahra\\Documents\\GitHub\\devOps\\vendor\\laravel\\framework\\src\\Illuminate\\Http\\Middleware\\ValidatePathEncoding.php(26): Illuminate\\Pipeline\\Pipeline->Illuminate\\Pipeline\\{closure}(Object(Illuminate\\Http\\Request))
#60 C:\\Users\\zahra\\Documents\\GitHub\\devOps\\vendor\\laravel\\framework\\src\\Illuminate\\Pipeline\\Pipeline.php(219): Illuminate\\Http\\Middleware\\ValidatePathEncoding->handle(Object(Illuminate\\Http\\Request), Object(Closure))
#61 C:\\Users\\zahra\\Documents\\GitHub\\devOps\\vendor\\laravel\\framework\\src\\Illuminate\\Pipeline\\Pipeline.php(137): Illuminate\\Pipeline\\Pipeline->Illuminate\\Pipeline\\{closure}(Object(Illuminate\\Http\\Request))
#62 C:\\Users\\zahra\\Documents\\GitHub\\devOps\\vendor\\laravel\\framework\\src\\Illuminate\\Foundation\\Http\\Kernel.php(175): Illuminate\\Pipeline\\Pipeline->then(Object(Closure))
#63 C:\\Users\\zahra\\Documents\\GitHub\\devOps\\vendor\\laravel\\framework\\src\\Illuminate\\Foundation\\Http\\Kernel.php(144): Illuminate\\Foundation\\Http\\Kernel->sendRequestThroughRouter(Object(Illuminate\\Http\\Request))
#64 C:\\Users\\zahra\\Documents\\GitHub\\devOps\\vendor\\laravel\\framework\\src\\Illuminate\\Foundation\\Application.php(1220): Illuminate\\Foundation\\Http\\Kernel->handle(Object(Illuminate\\Http\\Request))
#65 C:\\Users\\zahra\\Documents\\GitHub\\devOps\\public\\index.php(20): Illuminate\\Foundation\\Application->handleRequest(Object(Illuminate\\Http\\Request))
#66 C:\\Users\\zahra\\Documents\\GitHub\\devOps\\vendor\\laravel\\framework\\src\\Illuminate\\Foundation\\resources\\server.php(23): require_once('C:\\\\Users\\\\zahra\\\\...')
#67 {main}

[previous exception] [object] (Aws\\S3\\Exception\\S3Exception(code: 0): Error executing \"ListObjects\" on \"http://127.0.0.1:9000/sidora-documents?prefix=dokumen%2Fdokumen_120_v2_1764558362.pdf%2F&delimiter=%2F&encoding-type=url\"; AWS HTTP error: cURL error 7: Failed to connect to 127.0.0.1 port 9000 after 2038 ms: Couldn't connect to server (see https://curl.haxx.se/libcurl/c/libcurl-errors.html) for http://127.0.0.1:9000/sidora-documents?prefix=dokumen%2Fdokumen_120_v2_1764558362.pdf%2F&delimiter=%2F&encoding-type=url at C:\\Users\\zahra\\Documents\\GitHub\\devOps\\vendor\\aws\\aws-sdk-php\\src\\WrappedHttpHandler.php:195)
[stacktrace]
#0 C:\\Users\\zahra\\Documents\\GitHub\\devOps\\vendor\\aws\\aws-sdk-php\\src\\WrappedHttpHandler.php(96): Aws\\WrappedHttpHandler->parseError(Array, Object(GuzzleHttp\\Psr7\\Request), Object(Aws\\Command), Array)
#1 C:\\Users\\zahra\\Documents\\GitHub\\devOps\\vendor\\guzzlehttp\\promises\\src\\Promise.php(204): Aws\\WrappedHttpHandler->Aws\\{closure}(Array)
#2 C:\\Users\\zahra\\Documents\\GitHub\\devOps\\vendor\\guzzlehttp\\promises\\src\\Promise.php(169): GuzzleHttp\\Promise\\Promise::callHandler(2, Array, NULL)
#3 C:\\Users\\zahra\\Documents\\GitHub\\devOps\\vendor\\guzzlehttp\\promises\\src\\RejectedPromise.php(42): GuzzleHttp\\Promise\\Promise::GuzzleHttp\\Promise\\{closure}(Array)
#4 C:\\Users\\zahra\\Documents\\GitHub\\devOps\\vendor\\guzzlehttp\\promises\\src\\TaskQueue.php(48): GuzzleHttp\\Promise\\RejectedPromise::GuzzleHttp\\Promise\\{closure}()
#5 C:\\Users\\zahra\\Documents\\GitHub\\devOps\\vendor\\guzzlehttp\\guzzle\\src\\Handler\\CurlMultiHandler.php(167): GuzzleHttp\\Promise\\TaskQueue->run()
#6 C:\\Users\\zahra\\Documents\\GitHub\\devOps\\vendor\\guzzlehttp\\guzzle\\src\\Handler\\CurlMultiHandler.php(206): GuzzleHttp\\Handler\\CurlMultiHandler->tick()
#7 C:\\Users\\zahra\\Documents\\GitHub\\devOps\\vendor\\guzzlehttp\\promises\\src\\Promise.php(248): GuzzleHttp\\Handler\\CurlMultiHandler->execute(true)
#8 C:\\Users\\zahra\\Documents\\GitHub\\devOps\\vendor\\guzzlehttp\\promises\\src\\Promise.php(224): GuzzleHttp\\Promise\\Promise->invokeWaitFn()
#9 C:\\Users\\zahra\\Documents\\GitHub\\devOps\\vendor\\guzzlehttp\\promises\\src\\Promise.php(269): GuzzleHttp\\Promise\\Promise->waitIfPending()
#10 C:\\Users\\zahra\\Documents\\GitHub\\devOps\\vendor\\guzzlehttp\\promises\\src\\Promise.php(226): GuzzleHttp\\Promise\\Promise->invokeWaitList()
#11 C:\\Users\\zahra\\Documents\\GitHub\\devOps\\vendor\\guzzlehttp\\promises\\src\\Promise.php(269): GuzzleHttp\\Promise\\Promise->waitIfPending()
#12 C:\\Users\\zahra\\Documents\\GitHub\\devOps\\vendor\\guzzlehttp\\promises\\src\\Promise.php(226): GuzzleHttp\\Promise\\Promise->invokeWaitList()
#13 C:\\Users\\zahra\\Documents\\GitHub\\devOps\\vendor\\guzzlehttp\\promises\\src\\Promise.php(62): GuzzleHttp\\Promise\\Promise->waitIfPending()
#14 C:\\Users\\zahra\\Documents\\GitHub\\devOps\\vendor\\aws\\aws-sdk-php\\src\\AwsClientTrait.php(58): GuzzleHttp\\Promise\\Promise->wait()
#15 C:\\Users\\zahra\\Documents\\GitHub\\devOps\\vendor\\league\\flysystem-aws-s3-v3\\AwsS3V3Adapter.php(142): Aws\\AwsClient->execute(Object(Aws\\Command))
#16 C:\\Users\\zahra\\Documents\\GitHub\\devOps\\vendor\\league\\flysystem\\src\\Filesystem.php(50): League\\Flysystem\\AwsS3V3\\AwsS3V3Adapter->directoryExists('dokumen/dokumen...')
#17 C:\\Users\\zahra\\Documents\\GitHub\\devOps\\vendor\\laravel\\framework\\src\\Illuminate\\Filesystem\\FilesystemAdapter.php(212): League\\Flysystem\\Filesystem->has('dokumen/dokumen...')
#18 C:\\Users\\zahra\\Documents\\GitHub\\devOps\\app\\Http\\Controllers\\TU\\MonitoringController.php(292): Illuminate\\Filesystem\\FilesystemAdapter->exists('dokumen/dokumen...')
#19 C:\\Users\\zahra\\Documents\\GitHub\\devOps\\vendor\\symfony\\polyfill-php84\\Php84.php(82): App\\Http\\Controllers\\TU\\MonitoringController->App\\Http\\Controllers\\TU\\{closure}(Object(App\\Models\\VersiDokumen), 1)
#20 C:\\Users\\zahra\\Documents\\GitHub\\devOps\\vendor\\symfony\\polyfill-php84\\bootstrap.php(33): Symfony\\Polyfill\\Php84\\Php84::array_find_key(Array, Object(Closure))
#21 C:\\Users\\zahra\\Documents\\GitHub\\devOps\\vendor\\laravel\\framework\\src\\Illuminate\\Collections\\Arr.php(274): array_find_key(Array, Object(Closure))
#22 C:\\Users\\zahra\\Documents\\GitHub\\devOps\\vendor\\laravel\\framework\\src\\Illuminate\\Collections\\Collection.php(432): Illuminate\\Support\\Arr::first(Array, Object(Closure), NULL)
#23 C:\\Users\\zahra\\Documents\\GitHub\\devOps\\vendor\\laravel\\framework\\src\\Illuminate\\Collections\\Traits\\EnumeratesValues.php(329): Illuminate\\Support\\Collection->first(Object(Closure))
#24 C:\\Users\\zahra\\Documents\\GitHub\\devOps\\app\\Http\\Controllers\\TU\\MonitoringController.php(292): Illuminate\\Support\\Collection->firstWhere(Object(Closure))
#25 C:\\Users\\zahra\\Documents\\GitHub\\devOps\\vendor\\laravel\\framework\\src\\Illuminate\\Routing\\ControllerDispatcher.php(46): App\\Http\\Controllers\\TU\\MonitoringController->download('120', Object(Illuminate\\Http\\Request))
#26 C:\\Users\\zahra\\Documents\\GitHub\\devOps\\vendor\\laravel\\framework\\src\\Illuminate\\Routing\\Route.php(265): Illuminate\\Routing\\ControllerDispatcher->dispatch(Object(Illuminate\\Routing\\Route), Object(App\\Http\\Controllers\\TU\\MonitoringController), 'download')
#27 C:\\Users\\zahra\\Documents\\GitHub\\devOps\\vendor\\laravel\\framework\\src\\Illuminate\\Routing\\Route.php(211): Illuminate\\Routing\\Route->runController()
#28 C:\\Users\\zahra\\Documents\\GitHub\\devOps\\vendor\\laravel\\framework\\src\\Illuminate\\Routing\\Router.php(822): Illuminate\\Routing\\Route->run()
#29 C:\\Users\\zahra\\Documents\\GitHub\\devOps\\vendor\\laravel\\framework\\src\\Illuminate\\Pipeline\\Pipeline.php(180): Illuminate\\Routing\\Router->Illuminate\\Routing\\{closure}(Object(Illuminate\\Http\\Request))
#30 C:\\Users\\zahra\\Documents\\GitHub\\devOps\\app\\Http\\Middleware\\CheckRole.php(34): Illuminate\\Pipeline\\Pipeline->Illuminate\\Pipeline\\{closure}(Object(Illuminate\\Http\\Request))
#31 C:\\Users\\zahra\\Documents\\GitHub\\devOps\\vendor\\laravel\\framework\\src\\Illuminate\\Pipeline\\Pipeline.php(219): App\\Http\\Middleware\\CheckRole->handle(Object(Illuminate\\Http\\Request), Object(Closure), 'tu')
#32 C:\\Users\\zahra\\Documents\\GitHub\\devOps\\vendor\\laravel\\framework\\src\\Illuminate\\Foundation\\Http\\Middleware\\VerifyCsrfToken.php(87): Illuminate\\Pipeline\\Pipeline->Illuminate\\Pipeline\\{closure}(Object(Illuminate\\Http\\Request))
#33 C:\\Users\\zahra\\Documents\\GitHub\\devOps\\vendor\\laravel\\framework\\src\\Illuminate\\Pipeline\\Pipeline.php(219): Illuminate\\Foundation\\Http\\Middleware\\VerifyCsrfToken->handle(Object(Illuminate\\Http\\Request), Object(Closure))
#34 C:\\Users\\zahra\\Documents\\GitHub\\devOps\\vendor\\laravel\\framework\\src\\Illuminate\\Routing\\Middleware\\SubstituteBindings.php(50): Illuminate\\Pipeline\\Pipeline->Illuminate\\Pipeline\\{closure}(Object(Illuminate\\Http\\Request))
#35 C:\\Users\\zahra\\Documents\\GitHub\\devOps\\vendor\\laravel\\framework\\src\\Illuminate\\Pipeline\\Pipeline.php(219): Illuminate\\Routing\\Middleware\\SubstituteBindings->handle(Object(Illuminate\\Http\\Request), Object(Closure))
#36 C:\\Users\\zahra\\Documents\\GitHub\\devOps\\vendor\\laravel\\framework\\src\\Illuminate\\Session\\Middleware\\AuthenticateSession.php(66): Illuminate\\Pipeline\\Pipeline->Illuminate\\Pipeline\\{closure}(Object(Illuminate\\Http\\Request))
#37 C:\\Users\\zahra\\Documents\\GitHub\\devOps\\vendor\\laravel\\framework\\src\\Illuminate\\Pipeline\\Pipeline.php(219): Illuminate\\Session\\Middleware\\AuthenticateSession->handle(Object(Illuminate\\Http\\Request), Object(Closure))
#38 C:\\Users\\zahra\\Documents\\GitHub\\devOps\\vendor\\laravel\\framework\\src\\Illuminate\\Auth\\Middleware\\Authenticate.php(63): Illuminate\\Pipeline\\Pipeline->Illuminate\\Pipeline\\{closure}(Object(Illuminate\\Http\\Request))
#39 C:\\Users\\zahra\\Documents\\GitHub\\devOps\\vendor\\laravel\\framework\\src\\Illuminate\\Pipeline\\Pipeline.php(219): Illuminate\\Auth\\Middleware\\Authenticate->handle(Object(Illuminate\\Http\\Request), Object(Closure))
#40 C:\\Users\\zahra\\Documents\\GitHub\\devOps\\vendor\\laravel\\framework\\src\\Illuminate\\Foundation\\Http\\Middleware\\VerifyCsrfToken.php(87): Illuminate\\Pipeline\\Pipeline->Illuminate\\Pipeline\\{closure}(Object(Illuminate\\Http\\Request))
#41 C:\\Users\\zahra\\Documents\\GitHub\\devOps\\vendor\\laravel\\framework\\src\\Illuminate\\Pipeline\\Pipeline.php(219): Illuminate\\Foundation\\Http\\Middleware\\VerifyCsrfToken->handle(Object(Illuminate\\Http\\Request), Object(Closure))
#42 C:\\Users\\zahra\\Documents\\GitHub\\devOps\\vendor\\laravel\\framework\\src\\Illuminate\\View\\Middleware\\ShareErrorsFromSession.php(48): Illuminate\\Pipeline\\Pipeline->Illuminate\\Pipeline\\{closure}(Object(Illuminate\\Http\\Request))
#43 C:\\Users\\zahra\\Documents\\GitHub\\devOps\\vendor\\laravel\\framework\\src\\Illuminate\\Pipeline\\Pipeline.php(219): Illuminate\\View\\Middleware\\ShareErrorsFromSession->handle(Object(Illuminate\\Http\\Request), Object(Closure))
#44 C:\\Users\\zahra\\Documents\\GitHub\\devOps\\vendor\\laravel\\framework\\src\\Illuminate\\Session\\Middleware\\StartSession.php(120): Illuminate\\Pipeline\\Pipeline->Illuminate\\Pipeline\\{closure}(Object(Illuminate\\Http\\Request))
#45 C:\\Users\\zahra\\Documents\\GitHub\\devOps\\vendor\\laravel\\framework\\src\\Illuminate\\Session\\Middleware\\StartSession.php(63): Illuminate\\Session\\Middleware\\StartSession->handleStatefulRequest(Object(Illuminate\\Http\\Request), Object(Illuminate\\Session\\Store), Object(Closure))
#46 C:\\Users\\zahra\\Documents\\GitHub\\devOps\\vendor\\laravel\\framework\\src\\Illuminate\\Pipeline\\Pipeline.php(219): Illuminate\\Session\\Middleware\\StartSession->handle(Object(Illuminate\\Http\\Request), Object(Closure))
#47 C:\\Users\\zahra\\Documents\\GitHub\\devOps\\vendor\\laravel\\framework\\src\\Illuminate\\Cookie\\Middleware\\AddQueuedCookiesToResponse.php(36): Illuminate\\Pipeline\\Pipeline->Illuminate\\Pipeline\\{closure}(Object(Illuminate\\Http\\Request))
#48 C:\\Users\\zahra\\Documents\\GitHub\\devOps\\vendor\\laravel\\framework\\src\\Illuminate\\Pipeline\\Pipeline.php(219): Illuminate\\Cookie\\Middleware\\AddQueuedCookiesToResponse->handle(Object(Illuminate\\Http\\Request), Object(Closure))
#49 C:\\Users\\zahra\\Documents\\GitHub\\devOps\\vendor\\laravel\\framework\\src\\Illuminate\\Cookie\\Middleware\\EncryptCookies.php(74): Illuminate\\Pipeline\\Pipeline->Illuminate\\Pipeline\\{closure}(Object(Illuminate\\Http\\Request))
#50 C:\\Users\\zahra\\Documents\\GitHub\\devOps\\vendor\\laravel\\framework\\src\\Illuminate\\Pipeline\\Pipeline.php(219): Illuminate\\Cookie\\Middleware\\EncryptCookies->handle(Object(Illuminate\\Http\\Request), Object(Closure))
#51 C:\\Users\\zahra\\Documents\\GitHub\\devOps\\vendor\\laravel\\framework\\src\\Illuminate\\Pipeline\\Pipeline.php(137): Illuminate\\Pipeline\\Pipeline->Illuminate\\Pipeline\\{closure}(Object(Illuminate\\Http\\Request))
#52 C:\\Users\\zahra\\Documents\\GitHub\\devOps\\vendor\\laravel\\framework\\src\\Illuminate\\Routing\\Router.php(821): Illuminate\\Pipeline\\Pipeline->then(Object(Closure))
#53 C:\\Users\\zahra\\Documents\\GitHub\\devOps\\vendor\\laravel\\framework\\src\\Illuminate\\Routing\\Router.php(800): Illuminate\\Routing\\Router->runRouteWithinStack(Object(Illuminate\\Routing\\Route), Object(Illuminate\\Http\\Request))
#54 C:\\Users\\zahra\\Documents\\GitHub\\devOps\\vendor\\laravel\\framework\\src\\Illuminate\\Routing\\Router.php(764): Illuminate\\Routing\\Router->runRoute(Object(Illuminate\\Http\\Request), Object(Illuminate\\Routing\\Route))
#55 C:\\Users\\zahra\\Documents\\GitHub\\devOps\\vendor\\laravel\\framework\\src\\Illuminate\\Routing\\Router.php(753): Illuminate\\Routing\\Router->dispatchToRoute(Object(Illuminate\\Http\\Request))
#56 C:\\Users\\zahra\\Documents\\GitHub\\devOps\\vendor\\laravel\\framework\\src\\Illuminate\\Foundation\\Http\\Kernel.php(200): Illuminate\\Routing\\Router->dispatch(Object(Illuminate\\Http\\Request))
#57 C:\\Users\\zahra\\Documents\\GitHub\\devOps\\vendor\\laravel\\framework\\src\\Illuminate\\Pipeline\\Pipeline.php(180): Illuminate\\Foundation\\Http\\Kernel->Illuminate\\Foundation\\Http\\{closure}(Object(Illuminate\\Http\\Request))
#58 C:\\Users\\zahra\\Documents\\GitHub\\devOps\\vendor\\laravel\\framework\\src\\Illuminate\\Foundation\\Http\\Middleware\\TransformsRequest.php(21): Illuminate\\Pipeline\\Pipeline->Illuminate\\Pipeline\\{closure}(Object(Illuminate\\Http\\Request))
#59 C:\\Users\\zahra\\Documents\\GitHub\\devOps\\vendor\\laravel\\framework\\src\\Illuminate\\Foundation\\Http\\Middleware\\ConvertEmptyStringsToNull.php(31): Illuminate\\Foundation\\Http\\Middleware\\TransformsRequest->handle(Object(Illuminate\\Http\\Request), Object(Closure))
#60 C:\\Users\\zahra\\Documents\\GitHub\\devOps\\vendor\\laravel\\framework\\src\\Illuminate\\Pipeline\\Pipeline.php(219): Illuminate\\Foundation\\Http\\Middleware\\ConvertEmptyStringsToNull->handle(Object(Illuminate\\Http\\Request), Object(Closure))
#61 C:\\Users\\zahra\\Documents\\GitHub\\devOps\\vendor\\laravel\\framework\\src\\Illuminate\\Foundation\\Http\\Middleware\\TransformsRequest.php(21): Illuminate\\Pipeline\\Pipeline->Illuminate\\Pipeline\\{closure}(Object(Illuminate\\Http\\Request))
#62 C:\\Users\\zahra\\Documents\\GitHub\\devOps\\vendor\\laravel\\framework\\src\\Illuminate\\Foundation\\Http\\Middleware\\TrimStrings.php(51): Illuminate\\Foundation\\Http\\Middleware\\TransformsRequest->handle(Object(Illuminate\\Http\\Request), Object(Closure))
#63 C:\\Users\\zahra\\Documents\\GitHub\\devOps\\vendor\\laravel\\framework\\src\\Illuminate\\Pipeline\\Pipeline.php(219): Illuminate\\Foundation\\Http\\Middleware\\TrimStrings->handle(Object(Illuminate\\Http\\Request), Object(Closure))
#64 C:\\Users\\zahra\\Documents\\GitHub\\devOps\\vendor\\laravel\\framework\\src\\Illuminate\\Http\\Middleware\\ValidatePostSize.php(27): Illuminate\\Pipeline\\Pipeline->Illuminate\\Pipeline\\{closure}(Object(Illuminate\\Http\\Request))
#65 C:\\Users\\zahra\\Documents\\GitHub\\devOps\\vendor\\laravel\\framework\\src\\Illuminate\\Pipeline\\Pipeline.php(219): Illuminate\\Http\\Middleware\\ValidatePostSize->handle(Object(Illuminate\\Http\\Request), Object(Closure))
#66 C:\\Users\\zahra\\Documents\\GitHub\\devOps\\vendor\\laravel\\framework\\src\\Illuminate\\Foundation\\Http\\Middleware\\PreventRequestsDuringMaintenance.php(109): Illuminate\\Pipeline\\Pipeline->Illuminate\\Pipeline\\{closure}(Object(Illuminate\\Http\\Request))
#67 C:\\Users\\zahra\\Documents\\GitHub\\devOps\\vendor\\laravel\\framework\\src\\Illuminate\\Pipeline\\Pipeline.php(219): Illuminate\\Foundation\\Http\\Middleware\\PreventRequestsDuringMaintenance->handle(Object(Illuminate\\Http\\Request), Object(Closure))
#68 C:\\Users\\zahra\\Documents\\GitHub\\devOps\\vendor\\laravel\\framework\\src\\Illuminate\\Http\\Middleware\\HandleCors.php(48): Illuminate\\Pipeline\\Pipeline->Illuminate\\Pipeline\\{closure}(Object(Illuminate\\Http\\Request))
#69 C:\\Users\\zahra\\Documents\\GitHub\\devOps\\vendor\\laravel\\framework\\src\\Illuminate\\Pipeline\\Pipeline.php(219): Illuminate\\Http\\Middleware\\HandleCors->handle(Object(Illuminate\\Http\\Request), Object(Closure))
#70 C:\\Users\\zahra\\Documents\\GitHub\\devOps\\vendor\\laravel\\framework\\src\\Illuminate\\Http\\Middleware\\TrustProxies.php(58): Illuminate\\Pipeline\\Pipeline->Illuminate\\Pipeline\\{closure}(Object(Illuminate\\Http\\Request))
#71 C:\\Users\\zahra\\Documents\\GitHub\\devOps\\vendor\\laravel\\framework\\src\\Illuminate\\Pipeline\\Pipeline.php(219): Illuminate\\Http\\Middleware\\TrustProxies->handle(Object(Illuminate\\Http\\Request), Object(Closure))
#72 C:\\Users\\zahra\\Documents\\GitHub\\devOps\\vendor\\laravel\\framework\\src\\Illuminate\\Foundation\\Http\\Middleware\\InvokeDeferredCallbacks.php(22): Illuminate\\Pipeline\\Pipeline->Illuminate\\Pipeline\\{closure}(Object(Illuminate\\Http\\Request))
#73 C:\\Users\\zahra\\Documents\\GitHub\\devOps\\vendor\\laravel\\framework\\src\\Illuminate\\Pipeline\\Pipeline.php(219): Illuminate\\Foundation\\Http\\Middleware\\InvokeDeferredCallbacks->handle(Object(Illuminate\\Http\\Request), Object(Closure))
#74 C:\\Users\\zahra\\Documents\\GitHub\\devOps\\vendor\\laravel\\framework\\src\\Illuminate\\Http\\Middleware\\ValidatePathEncoding.php(26): Illuminate\\Pipeline\\Pipeline->Illuminate\\Pipeline\\{closure}(Object(Illuminate\\Http\\Request))
#75 C:\\Users\\zahra\\Documents\\GitHub\\devOps\\vendor\\laravel\\framework\\src\\Illuminate\\Pipeline\\Pipeline.php(219): Illuminate\\Http\\Middleware\\ValidatePathEncoding->handle(Object(Illuminate\\Http\\Request), Object(Closure))
#76 C:\\Users\\zahra\\Documents\\GitHub\\devOps\\vendor\\laravel\\framework\\src\\Illuminate\\Pipeline\\Pipeline.php(137): Illuminate\\Pipeline\\Pipeline->Illuminate\\Pipeline\\{closure}(Object(Illuminate\\Http\\Request))
#77 C:\\Users\\zahra\\Documents\\GitHub\\devOps\\vendor\\laravel\\framework\\src\\Illuminate\\Foundation\\Http\\Kernel.php(175): Illuminate\\Pipeline\\Pipeline->then(Object(Closure))
#78 C:\\Users\\zahra\\Documents\\GitHub\\devOps\\vendor\\laravel\\framework\\src\\Illuminate\\Foundation\\Http\\Kernel.php(144): Illuminate\\Foundation\\Http\\Kernel->sendRequestThroughRouter(Object(Illuminate\\Http\\Request))
#79 C:\\Users\\zahra\\Documents\\GitHub\\devOps\\vendor\\laravel\\framework\\src\\Illuminate\\Foundation\\Application.php(1220): Illuminate\\Foundation\\Http\\Kernel->handle(Object(Illuminate\\Http\\Request))
#80 C:\\Users\\zahra\\Documents\\GitHub\\devOps\\public\\index.php(20): Illuminate\\Foundation\\Application->handleRequest(Object(Illuminate\\Http\\Request))
#81 C:\\Users\\zahra\\Documents\\GitHub\\devOps\\vendor\\laravel\\framework\\src\\Illuminate\\Foundation\\resources\\server.php(23): require_once('C:\\\\Users\\\\zahra\\\\...')
#82 {main}

[previous exception] [object] (GuzzleHttp\\Exception\\ConnectException(code: 0): cURL error 7: Failed to connect to 127.0.0.1 port 9000 after 2038 ms: Couldn't connect to server (see https://curl.haxx.se/libcurl/c/libcurl-errors.html) for http://127.0.0.1:9000/sidora-documents?prefix=dokumen%2Fdokumen_120_v2_1764558362.pdf%2F&delimiter=%2F&encoding-type=url at C:\\Users\\zahra\\Documents\\GitHub\\devOps\\vendor\\guzzlehttp\\guzzle\\src\\Handler\\CurlFactory.php:275)
[stacktrace]
#0 C:\\Users\\zahra\\Documents\\GitHub\\devOps\\vendor\\guzzlehttp\\guzzle\\src\\Handler\\CurlFactory.php(205): GuzzleHttp\\Handler\\CurlFactory::createRejection(Object(GuzzleHttp\\Handler\\EasyHandle), Array)
#1 C:\\Users\\zahra\\Documents\\GitHub\\devOps\\vendor\\guzzlehttp\\guzzle\\src\\Handler\\CurlFactory.php(157): GuzzleHttp\\Handler\\CurlFactory::finishError(Object(GuzzleHttp\\Handler\\CurlMultiHandler), Object(GuzzleHttp\\Handler\\EasyHandle), Object(GuzzleHttp\\Handler\\CurlFactory))
#2 C:\\Users\\zahra\\Documents\\GitHub\\devOps\\vendor\\guzzlehttp\\guzzle\\src\\Handler\\CurlMultiHandler.php(267): GuzzleHttp\\Handler\\CurlFactory::finish(Object(GuzzleHttp\\Handler\\CurlMultiHandler), Object(GuzzleHttp\\Handler\\EasyHandle), Object(GuzzleHttp\\Handler\\CurlFactory))
#3 C:\\Users\\zahra\\Documents\\GitHub\\devOps\\vendor\\guzzlehttp\\guzzle\\src\\Handler\\CurlMultiHandler.php(180): GuzzleHttp\\Handler\\CurlMultiHandler->processMessages()
#4 C:\\Users\\zahra\\Documents\\GitHub\\devOps\\vendor\\guzzlehttp\\guzzle\\src\\Handler\\CurlMultiHandler.php(206): GuzzleHttp\\Handler\\CurlMultiHandler->tick()
#5 C:\\Users\\zahra\\Documents\\GitHub\\devOps\\vendor\\guzzlehttp\\promises\\src\\Promise.php(248): GuzzleHttp\\Handler\\CurlMultiHandler->execute(true)
#6 C:\\Users\\zahra\\Documents\\GitHub\\devOps\\vendor\\guzzlehttp\\promises\\src\\Promise.php(224): GuzzleHttp\\Promise\\Promise->invokeWaitFn()
#7 C:\\Users\\zahra\\Documents\\GitHub\\devOps\\vendor\\guzzlehttp\\promises\\src\\Promise.php(269): GuzzleHttp\\Promise\\Promise->waitIfPending()
#8 C:\\Users\\zahra\\Documents\\GitHub\\devOps\\vendor\\guzzlehttp\\promises\\src\\Promise.php(226): GuzzleHttp\\Promise\\Promise->invokeWaitList()
#9 C:\\Users\\zahra\\Documents\\GitHub\\devOps\\vendor\\guzzlehttp\\promises\\src\\Promise.php(269): GuzzleHttp\\Promise\\Promise->waitIfPending()
#10 C:\\Users\\zahra\\Documents\\GitHub\\devOps\\vendor\\guzzlehttp\\promises\\src\\Promise.php(226): GuzzleHttp\\Promise\\Promise->invokeWaitList()
#11 C:\\Users\\zahra\\Documents\\GitHub\\devOps\\vendor\\guzzlehttp\\promises\\src\\Promise.php(62): GuzzleHttp\\Promise\\Promise->waitIfPending()
#12 C:\\Users\\zahra\\Documents\\GitHub\\devOps\\vendor\\aws\\aws-sdk-php\\src\\AwsClientTrait.php(58): GuzzleHttp\\Promise\\Promise->wait()
#13 C:\\Users\\zahra\\Documents\\GitHub\\devOps\\vendor\\league\\flysystem-aws-s3-v3\\AwsS3V3Adapter.php(142): Aws\\AwsClient->execute(Object(Aws\\Command))
#14 C:\\Users\\zahra\\Documents\\GitHub\\devOps\\vendor\\league\\flysystem\\src\\Filesystem.php(50): League\\Flysystem\\AwsS3V3\\AwsS3V3Adapter->directoryExists('dokumen/dokumen...')
#15 C:\\Users\\zahra\\Documents\\GitHub\\devOps\\vendor\\laravel\\framework\\src\\Illuminate\\Filesystem\\FilesystemAdapter.php(212): League\\Flysystem\\Filesystem->has('dokumen/dokumen...')
#16 C:\\Users\\zahra\\Documents\\GitHub\\devOps\\app\\Http\\Controllers\\TU\\MonitoringController.php(292): Illuminate\\Filesystem\\FilesystemAdapter->exists('dokumen/dokumen...')
#17 C:\\Users\\zahra\\Documents\\GitHub\\devOps\\vendor\\symfony\\polyfill-php84\\Php84.php(82): App\\Http\\Controllers\\TU\\MonitoringController->App\\Http\\Controllers\\TU\\{closure}(Object(App\\Models\\VersiDokumen), 1)
#18 C:\\Users\\zahra\\Documents\\GitHub\\devOps\\vendor\\symfony\\polyfill-php84\\bootstrap.php(33): Symfony\\Polyfill\\Php84\\Php84::array_find_key(Array, Object(Closure))
#19 C:\\Users\\zahra\\Documents\\GitHub\\devOps\\vendor\\laravel\\framework\\src\\Illuminate\\Collections\\Arr.php(274): array_find_key(Array, Object(Closure))
#20 C:\\Users\\zahra\\Documents\\GitHub\\devOps\\vendor\\laravel\\framework\\src\\Illuminate\\Collections\\Collection.php(432): Illuminate\\Support\\Arr::first(Array, Object(Closure), NULL)
#21 C:\\Users\\zahra\\Documents\\GitHub\\devOps\\vendor\\laravel\\framework\\src\\Illuminate\\Collections\\Traits\\EnumeratesValues.php(329): Illuminate\\Support\\Collection->first(Object(Closure))
#22 C:\\Users\\zahra\\Documents\\GitHub\\devOps\\app\\Http\\Controllers\\TU\\MonitoringController.php(292): Illuminate\\Support\\Collection->firstWhere(Object(Closure))
#23 C:\\Users\\zahra\\Documents\\GitHub\\devOps\\vendor\\laravel\\framework\\src\\Illuminate\\Routing\\ControllerDispatcher.php(46): App\\Http\\Controllers\\TU\\MonitoringController->download('120', Object(Illuminate\\Http\\Request))
#24 C:\\Users\\zahra\\Documents\\GitHub\\devOps\\vendor\\laravel\\framework\\src\\Illuminate\\Routing\\Route.php(265): Illuminate\\Routing\\ControllerDispatcher->dispatch(Object(Illuminate\\Routing\\Route), Object(App\\Http\\Controllers\\TU\\MonitoringController), 'download')
#25 C:\\Users\\zahra\\Documents\\GitHub\\devOps\\vendor\\laravel\\framework\\src\\Illuminate\\Routing\\Route.php(211): Illuminate\\Routing\\Route->runController()
#26 C:\\Users\\zahra\\Documents\\GitHub\\devOps\\vendor\\laravel\\framework\\src\\Illuminate\\Routing\\Router.php(822): Illuminate\\Routing\\Route->run()
#27 C:\\Users\\zahra\\Documents\\GitHub\\devOps\\vendor\\laravel\\framework\\src\\Illuminate\\Pipeline\\Pipeline.php(180): Illuminate\\Routing\\Router->Illuminate\\Routing\\{closure}(Object(Illuminate\\Http\\Request))
#28 C:\\Users\\zahra\\Documents\\GitHub\\devOps\\app\\Http\\Middleware\\CheckRole.php(34): Illuminate\\Pipeline\\Pipeline->Illuminate\\Pipeline\\{closure}(Object(Illuminate\\Http\\Request))
#29 C:\\Users\\zahra\\Documents\\GitHub\\devOps\\vendor\\laravel\\framework\\src\\Illuminate\\Pipeline\\Pipeline.php(219): App\\Http\\Middleware\\CheckRole->handle(Object(Illuminate\\Http\\Request), Object(Closure), 'tu')
#30 C:\\Users\\zahra\\Documents\\GitHub\\devOps\\vendor\\laravel\\framework\\src\\Illuminate\\Foundation\\Http\\Middleware\\VerifyCsrfToken.php(87): Illuminate\\Pipeline\\Pipeline->Illuminate\\Pipeline\\{closure}(Object(Illuminate\\Http\\Request))
#31 C:\\Users\\zahra\\Documents\\GitHub\\devOps\\vendor\\laravel\\framework\\src\\Illuminate\\Pipeline\\Pipeline.php(219): Illuminate\\Foundation\\Http\\Middleware\\VerifyCsrfToken->handle(Object(Illuminate\\Http\\Request), Object(Closure))
#32 C:\\Users\\zahra\\Documents\\GitHub\\devOps\\vendor\\laravel\\framework\\src\\Illuminate\\Routing\\Middleware\\SubstituteBindings.php(50): Illuminate\\Pipeline\\Pipeline->Illuminate\\Pipeline\\{closure}(Object(Illuminate\\Http\\Request))
#33 C:\\Users\\zahra\\Documents\\GitHub\\devOps\\vendor\\laravel\\framework\\src\\Illuminate\\Pipeline\\Pipeline.php(219): Illuminate\\Routing\\Middleware\\SubstituteBindings->handle(Object(Illuminate\\Http\\Request), Object(Closure))
#34 C:\\Users\\zahra\\Documents\\GitHub\\devOps\\vendor\\laravel\\framework\\src\\Illuminate\\Session\\Middleware\\AuthenticateSession.php(66): Illuminate\\Pipeline\\Pipeline->Illuminate\\Pipeline\\{closure}(Object(Illuminate\\Http\\Request))
#35 C:\\Users\\zahra\\Documents\\GitHub\\devOps\\vendor\\laravel\\framework\\src\\Illuminate\\Pipeline\\Pipeline.php(219): Illuminate\\Session\\Middleware\\AuthenticateSession->handle(Object(Illuminate\\Http\\Request), Object(Closure))
#36 C:\\Users\\zahra\\Documents\\GitHub\\devOps\\vendor\\laravel\\framework\\src\\Illuminate\\Auth\\Middleware\\Authenticate.php(63): Illuminate\\Pipeline\\Pipeline->Illuminate\\Pipeline\\{closure}(Object(Illuminate\\Http\\Request))
#37 C:\\Users\\zahra\\Documents\\GitHub\\devOps\\vendor\\laravel\\framework\\src\\Illuminate\\Pipeline\\Pipeline.php(219): Illuminate\\Auth\\Middleware\\Authenticate->handle(Object(Illuminate\\Http\\Request), Object(Closure))
#38 C:\\Users\\zahra\\Documents\\GitHub\\devOps\\vendor\\laravel\\framework\\src\\Illuminate\\Foundation\\Http\\Middleware\\VerifyCsrfToken.php(87): Illuminate\\Pipeline\\Pipeline->Illuminate\\Pipeline\\{closure}(Object(Illuminate\\Http\\Request))
#39 C:\\Users\\zahra\\Documents\\GitHub\\devOps\\vendor\\laravel\\framework\\src\\Illuminate\\Pipeline\\Pipeline.php(219): Illuminate\\Foundation\\Http\\Middleware\\VerifyCsrfToken->handle(Object(Illuminate\\Http\\Request), Object(Closure))
#40 C:\\Users\\zahra\\Documents\\GitHub\\devOps\\vendor\\laravel\\framework\\src\\Illuminate\\View\\Middleware\\ShareErrorsFromSession.php(48): Illuminate\\Pipeline\\Pipeline->Illuminate\\Pipeline\\{closure}(Object(Illuminate\\Http\\Request))
#41 C:\\Users\\zahra\\Documents\\GitHub\\devOps\\vendor\\laravel\\framework\\src\\Illuminate\\Pipeline\\Pipeline.php(219): Illuminate\\View\\Middleware\\ShareErrorsFromSession->handle(Object(Illuminate\\Http\\Request), Object(Closure))
#42 C:\\Users\\zahra\\Documents\\GitHub\\devOps\\vendor\\laravel\\framework\\src\\Illuminate\\Session\\Middleware\\StartSession.php(120): Illuminate\\Pipeline\\Pipeline->Illuminate\\Pipeline\\{closure}(Object(Illuminate\\Http\\Request))
#43 C:\\Users\\zahra\\Documents\\GitHub\\devOps\\vendor\\laravel\\framework\\src\\Illuminate\\Session\\Middleware\\StartSession.php(63): Illuminate\\Session\\Middleware\\StartSession->handleStatefulRequest(Object(Illuminate\\Http\\Request), Object(Illuminate\\Session\\Store), Object(Closure))
#44 C:\\Users\\zahra\\Documents\\GitHub\\devOps\\vendor\\laravel\\framework\\src\\Illuminate\\Pipeline\\Pipeline.php(219): Illuminate\\Session\\Middleware\\StartSession->handle(Object(Illuminate\\Http\\Request), Object(Closure))
#45 C:\\Users\\zahra\\Documents\\GitHub\\devOps\\vendor\\laravel\\framework\\src\\Illuminate\\Cookie\\Middleware\\AddQueuedCookiesToResponse.php(36): Illuminate\\Pipeline\\Pipeline->Illuminate\\Pipeline\\{closure}(Object(Illuminate\\Http\\Request))
#46 C:\\Users\\zahra\\Documents\\GitHub\\devOps\\vendor\\laravel\\framework\\src\\Illuminate\\Pipeline\\Pipeline.php(219): Illuminate\\Cookie\\Middleware\\AddQueuedCookiesToResponse->handle(Object(Illuminate\\Http\\Request), Object(Closure))
#47 C:\\Users\\zahra\\Documents\\GitHub\\devOps\\vendor\\laravel\\framework\\src\\Illuminate\\Cookie\\Middleware\\EncryptCookies.php(74): Illuminate\\Pipeline\\Pipeline->Illuminate\\Pipeline\\{closure}(Object(Illuminate\\Http\\Request))
#48 C:\\Users\\zahra\\Documents\\GitHub\\devOps\\vendor\\laravel\\framework\\src\\Illuminate\\Pipeline\\Pipeline.php(219): Illuminate\\Cookie\\Middleware\\EncryptCookies->handle(Object(Illuminate\\Http\\Request), Object(Closure))
#49 C:\\Users\\zahra\\Documents\\GitHub\\devOps\\vendor\\laravel\\framework\\src\\Illuminate\\Pipeline\\Pipeline.php(137): Illuminate\\Pipeline\\Pipeline->Illuminate\\Pipeline\\{closure}(Object(Illuminate\\Http\\Request))
#50 C:\\Users\\zahra\\Documents\\GitHub\\devOps\\vendor\\laravel\\framework\\src\\Illuminate\\Routing\\Router.php(821): Illuminate\\Pipeline\\Pipeline->then(Object(Closure))
#51 C:\\Users\\zahra\\Documents\\GitHub\\devOps\\vendor\\laravel\\framework\\src\\Illuminate\\Routing\\Router.php(800): Illuminate\\Routing\\Router->runRouteWithinStack(Object(Illuminate\\Routing\\Route), Object(Illuminate\\Http\\Request))
#52 C:\\Users\\zahra\\Documents\\GitHub\\devOps\\vendor\\laravel\\framework\\src\\Illuminate\\Routing\\Router.php(764): Illuminate\\Routing\\Router->runRoute(Object(Illuminate\\Http\\Request), Object(Illuminate\\Routing\\Route))
#53 C:\\Users\\zahra\\Documents\\GitHub\\devOps\\vendor\\laravel\\framework\\src\\Illuminate\\Routing\\Router.php(753): Illuminate\\Routing\\Router->dispatchToRoute(Object(Illuminate\\Http\\Request))
#54 C:\\Users\\zahra\\Documents\\GitHub\\devOps\\vendor\\laravel\\framework\\src\\Illuminate\\Foundation\\Http\\Kernel.php(200): Illuminate\\Routing\\Router->dispatch(Object(Illuminate\\Http\\Request))
#55 C:\\Users\\zahra\\Documents\\GitHub\\devOps\\vendor\\laravel\\framework\\src\\Illuminate\\Pipeline\\Pipeline.php(180): Illuminate\\Foundation\\Http\\Kernel->Illuminate\\Foundation\\Http\\{closure}(Object(Illuminate\\Http\\Request))
#56 C:\\Users\\zahra\\Documents\\GitHub\\devOps\\vendor\\laravel\\framework\\src\\Illuminate\\Foundation\\Http\\Middleware\\TransformsRequest.php(21): Illuminate\\Pipeline\\Pipeline->Illuminate\\Pipeline\\{closure}(Object(Illuminate\\Http\\Request))
#57 C:\\Users\\zahra\\Documents\\GitHub\\devOps\\vendor\\laravel\\framework\\src\\Illuminate\\Foundation\\Http\\Middleware\\ConvertEmptyStringsToNull.php(31): Illuminate\\Foundation\\Http\\Middleware\\TransformsRequest->handle(Object(Illuminate\\Http\\Request), Object(Closure))
#58 C:\\Users\\zahra\\Documents\\GitHub\\devOps\\vendor\\laravel\\framework\\src\\Illuminate\\Pipeline\\Pipeline.php(219): Illuminate\\Foundation\\Http\\Middleware\\ConvertEmptyStringsToNull->handle(Object(Illuminate\\Http\\Request), Object(Closure))
#59 C:\\Users\\zahra\\Documents\\GitHub\\devOps\\vendor\\laravel\\framework\\src\\Illuminate\\Foundation\\Http\\Middleware\\TransformsRequest.php(21): Illuminate\\Pipeline\\Pipeline->Illuminate\\Pipeline\\{closure}(Object(Illuminate\\Http\\Request))
#60 C:\\Users\\zahra\\Documents\\GitHub\\devOps\\vendor\\laravel\\framework\\src\\Illuminate\\Foundation\\Http\\Middleware\\TrimStrings.php(51): Illuminate\\Foundation\\Http\\Middleware\\TransformsRequest->handle(Object(Illuminate\\Http\\Request), Object(Closure))
#61 C:\\Users\\zahra\\Documents\\GitHub\\devOps\\vendor\\laravel\\framework\\src\\Illuminate\\Pipeline\\Pipeline.php(219): Illuminate\\Foundation\\Http\\Middleware\\TrimStrings->handle(Object(Illuminate\\Http\\Request), Object(Closure))
#62 C:\\Users\\zahra\\Documents\\GitHub\\devOps\\vendor\\laravel\\framework\\src\\Illuminate\\Http\\Middleware\\ValidatePostSize.php(27): Illuminate\\Pipeline\\Pipeline->Illuminate\\Pipeline\\{closure}(Object(Illuminate\\Http\\Request))
#63 C:\\Users\\zahra\\Documents\\GitHub\\devOps\\vendor\\laravel\\framework\\src\\Illuminate\\Pipeline\\Pipeline.php(219): Illuminate\\Http\\Middleware\\ValidatePostSize->handle(Object(Illuminate\\Http\\Request), Object(Closure))
#64 C:\\Users\\zahra\\Documents\\GitHub\\devOps\\vendor\\laravel\\framework\\src\\Illuminate\\Foundation\\Http\\Middleware\\PreventRequestsDuringMaintenance.php(109): Illuminate\\Pipeline\\Pipeline->Illuminate\\Pipeline\\{closure}(Object(Illuminate\\Http\\Request))
#65 C:\\Users\\zahra\\Documents\\GitHub\\devOps\\vendor\\laravel\\framework\\src\\Illuminate\\Pipeline\\Pipeline.php(219): Illuminate\\Foundation\\Http\\Middleware\\PreventRequestsDuringMaintenance->handle(Object(Illuminate\\Http\\Request), Object(Closure))
#66 C:\\Users\\zahra\\Documents\\GitHub\\devOps\\vendor\\laravel\\framework\\src\\Illuminate\\Http\\Middleware\\HandleCors.php(48): Illuminate\\Pipeline\\Pipeline->Illuminate\\Pipeline\\{closure}(Object(Illuminate\\Http\\Request))
#67 C:\\Users\\zahra\\Documents\\GitHub\\devOps\\vendor\\laravel\\framework\\src\\Illuminate\\Pipeline\\Pipeline.php(219): Illuminate\\Http\\Middleware\\HandleCors->handle(Object(Illuminate\\Http\\Request), Object(Closure))
#68 C:\\Users\\zahra\\Documents\\GitHub\\devOps\\vendor\\laravel\\framework\\src\\Illuminate\\Http\\Middleware\\TrustProxies.php(58): Illuminate\\Pipeline\\Pipeline->Illuminate\\Pipeline\\{closure}(Object(Illuminate\\Http\\Request))
#69 C:\\Users\\zahra\\Documents\\GitHub\\devOps\\vendor\\laravel\\framework\\src\\Illuminate\\Pipeline\\Pipeline.php(219): Illuminate\\Http\\Middleware\\TrustProxies->handle(Object(Illuminate\\Http\\Request), Object(Closure))
#70 C:\\Users\\zahra\\Documents\\GitHub\\devOps\\vendor\\laravel\\framework\\src\\Illuminate\\Foundation\\Http\\Middleware\\InvokeDeferredCallbacks.php(22): Illuminate\\Pipeline\\Pipeline->Illuminate\\Pipeline\\{closure}(Object(Illuminate\\Http\\Request))
#71 C:\\Users\\zahra\\Documents\\GitHub\\devOps\\vendor\\laravel\\framework\\src\\Illuminate\\Pipeline\\Pipeline.php(219): Illuminate\\Foundation\\Http\\Middleware\\InvokeDeferredCallbacks->handle(Object(Illuminate\\Http\\Request), Object(Closure))
#72 C:\\Users\\zahra\\Documents\\GitHub\\devOps\\vendor\\laravel\\framework\\src\\Illuminate\\Http\\Middleware\\ValidatePathEncoding.php(26): Illuminate\\Pipeline\\Pipeline->Illuminate\\Pipeline\\{closure}(Object(Illuminate\\Http\\Request))
#73 C:\\Users\\zahra\\Documents\\GitHub\\devOps\\vendor\\laravel\\framework\\src\\Illuminate\\Pipeline\\Pipeline.php(219): Illuminate\\Http\\Middleware\\ValidatePathEncoding->handle(Object(Illuminate\\Http\\Request), Object(Closure))
#74 C:\\Users\\zahra\\Documents\\GitHub\\devOps\\vendor\\laravel\\framework\\src\\Illuminate\\Pipeline\\Pipeline.php(137): Illuminate\\Pipeline\\Pipeline->Illuminate\\Pipeline\\{closure}(Object(Illuminate\\Http\\Request))
#75 C:\\Users\\zahra\\Documents\\GitHub\\devOps\\vendor\\laravel\\framework\\src\\Illuminate\\Foundation\\Http\\Kernel.php(175): Illuminate\\Pipeline\\Pipeline->then(Object(Closure))
#76 C:\\Users\\zahra\\Documents\\GitHub\\devOps\\vendor\\laravel\\framework\\src\\Illuminate\\Foundation\\Http\\Kernel.php(144): Illuminate\\Foundation\\Http\\Kernel->sendRequestThroughRouter(Object(Illuminate\\Http\\Request))
#77 C:\\Users\\zahra\\Documents\\GitHub\\devOps\\vendor\\laravel\\framework\\src\\Illuminate\\Foundation\\Application.php(1220): Illuminate\\Foundation\\Http\\Kernel->handle(Object(Illuminate\\Http\\Request))
#78 C:\\Users\\zahra\\Documents\\GitHub\\devOps\\public\\index.php(20): Illuminate\\Foundation\\Application->handleRequest(Object(Illuminate\\Http\\Request))
#79 C:\\Users\\zahra\\Documents\\GitHub\\devOps\\vendor\\laravel\\framework\\src\\Illuminate\\Foundation\\resources\\server.php(23): require_once('C:\\\\Users\\\\zahra\\\\...')
#80 {main}
"} 
[2025-12-01 14:33:03] local.ERROR: Unable to check existence for: dokumen/dokumen_120_v2_1764558362.pdf {"userId":8,"exception":"[object] (League\\Flysystem\\UnableToCheckDirectoryExistence(code: 0): Unable to check existence for: dokumen/dokumen_120_v2_1764558362.pdf at C:\\Users\\zahra\\Documents\\GitHub\\devOps\\vendor\\league\\flysystem\\src\\UnableToCheckExistence.php:19)
[stacktrace]
#0 C:\\Users\\zahra\\Documents\\GitHub\\devOps\\vendor\\league\\flysystem-aws-s3-v3\\AwsS3V3Adapter.php(144): League\\Flysystem\\UnableToCheckExistence::forLocation('dokumen/dokumen...', Object(Aws\\S3\\Exception\\S3Exception))
#1 C:\\Users\\zahra\\Documents\\GitHub\\devOps\\vendor\\league\\flysystem\\src\\Filesystem.php(50): League\\Flysystem\\AwsS3V3\\AwsS3V3Adapter->directoryExists('dokumen/dokumen...')
#2 C:\\Users\\zahra\\Documents\\GitHub\\devOps\\vendor\\laravel\\framework\\src\\Illuminate\\Filesystem\\FilesystemAdapter.php(212): League\\Flysystem\\Filesystem->has('dokumen/dokumen...')
#3 C:\\Users\\zahra\\Documents\\GitHub\\devOps\\app\\Http\\Controllers\\TU\\MonitoringController.php(292): Illuminate\\Filesystem\\FilesystemAdapter->exists('dokumen/dokumen...')
#4 C:\\Users\\zahra\\Documents\\GitHub\\devOps\\vendor\\symfony\\polyfill-php84\\Php84.php(82): App\\Http\\Controllers\\TU\\MonitoringController->App\\Http\\Controllers\\TU\\{closure}(Object(App\\Models\\VersiDokumen), 1)
#5 C:\\Users\\zahra\\Documents\\GitHub\\devOps\\vendor\\symfony\\polyfill-php84\\bootstrap.php(33): Symfony\\Polyfill\\Php84\\Php84::array_find_key(Array, Object(Closure))
#6 C:\\Users\\zahra\\Documents\\GitHub\\devOps\\vendor\\laravel\\framework\\src\\Illuminate\\Collections\\Arr.php(274): array_find_key(Array, Object(Closure))
#7 C:\\Users\\zahra\\Documents\\GitHub\\devOps\\vendor\\laravel\\framework\\src\\Illuminate\\Collections\\Collection.php(432): Illuminate\\Support\\Arr::first(Array, Object(Closure), NULL)
#8 C:\\Users\\zahra\\Documents\\GitHub\\devOps\\vendor\\laravel\\framework\\src\\Illuminate\\Collections\\Traits\\EnumeratesValues.php(329): Illuminate\\Support\\Collection->first(Object(Closure))
#9 C:\\Users\\zahra\\Documents\\GitHub\\devOps\\app\\Http\\Controllers\\TU\\MonitoringController.php(292): Illuminate\\Support\\Collection->firstWhere(Object(Closure))
#10 C:\\Users\\zahra\\Documents\\GitHub\\devOps\\vendor\\laravel\\framework\\src\\Illuminate\\Routing\\ControllerDispatcher.php(46): App\\Http\\Controllers\\TU\\MonitoringController->download('120', Object(Illuminate\\Http\\Request))
#11 C:\\Users\\zahra\\Documents\\GitHub\\devOps\\vendor\\laravel\\framework\\src\\Illuminate\\Routing\\Route.php(265): Illuminate\\Routing\\ControllerDispatcher->dispatch(Object(Illuminate\\Routing\\Route), Object(App\\Http\\Controllers\\TU\\MonitoringController), 'download')
#12 C:\\Users\\zahra\\Documents\\GitHub\\devOps\\vendor\\laravel\\framework\\src\\Illuminate\\Routing\\Route.php(211): Illuminate\\Routing\\Route->runController()
#13 C:\\Users\\zahra\\Documents\\GitHub\\devOps\\vendor\\laravel\\framework\\src\\Illuminate\\Routing\\Router.php(822): Illuminate\\Routing\\Route->run()
#14 C:\\Users\\zahra\\Documents\\GitHub\\devOps\\vendor\\laravel\\framework\\src\\Illuminate\\Pipeline\\Pipeline.php(180): Illuminate\\Routing\\Router->Illuminate\\Routing\\{closure}(Object(Illuminate\\Http\\Request))
#15 C:\\Users\\zahra\\Documents\\GitHub\\devOps\\app\\Http\\Middleware\\CheckRole.php(34): Illuminate\\Pipeline\\Pipeline->Illuminate\\Pipeline\\{closure}(Object(Illuminate\\Http\\Request))
#16 C:\\Users\\zahra\\Documents\\GitHub\\devOps\\vendor\\laravel\\framework\\src\\Illuminate\\Pipeline\\Pipeline.php(219): App\\Http\\Middleware\\CheckRole->handle(Object(Illuminate\\Http\\Request), Object(Closure), 'tu')
#17 C:\\Users\\zahra\\Documents\\GitHub\\devOps\\vendor\\laravel\\framework\\src\\Illuminate\\Foundation\\Http\\Middleware\\VerifyCsrfToken.php(87): Illuminate\\Pipeline\\Pipeline->Illuminate\\Pipeline\\{closure}(Object(Illuminate\\Http\\Request))
#18 C:\\Users\\zahra\\Documents\\GitHub\\devOps\\vendor\\laravel\\framework\\src\\Illuminate\\Pipeline\\Pipeline.php(219): Illuminate\\Foundation\\Http\\Middleware\\VerifyCsrfToken->handle(Object(Illuminate\\Http\\Request), Object(Closure))
#19 C:\\Users\\zahra\\Documents\\GitHub\\devOps\\vendor\\laravel\\framework\\src\\Illuminate\\Routing\\Middleware\\SubstituteBindings.php(50): Illuminate\\Pipeline\\Pipeline->Illuminate\\Pipeline\\{closure}(Object(Illuminate\\Http\\Request))
#20 C:\\Users\\zahra\\Documents\\GitHub\\devOps\\vendor\\laravel\\framework\\src\\Illuminate\\Pipeline\\Pipeline.php(219): Illuminate\\Routing\\Middleware\\SubstituteBindings->handle(Object(Illuminate\\Http\\Request), Object(Closure))
#21 C:\\Users\\zahra\\Documents\\GitHub\\devOps\\vendor\\laravel\\framework\\src\\Illuminate\\Session\\Middleware\\AuthenticateSession.php(66): Illuminate\\Pipeline\\Pipeline->Illuminate\\Pipeline\\{closure}(Object(Illuminate\\Http\\Request))
#22 C:\\Users\\zahra\\Documents\\GitHub\\devOps\\vendor\\laravel\\framework\\src\\Illuminate\\Pipeline\\Pipeline.php(219): Illuminate\\Session\\Middleware\\AuthenticateSession->handle(Object(Illuminate\\Http\\Request), Object(Closure))
#23 C:\\Users\\zahra\\Documents\\GitHub\\devOps\\vendor\\laravel\\framework\\src\\Illuminate\\Auth\\Middleware\\Authenticate.php(63): Illuminate\\Pipeline\\Pipeline->Illuminate\\Pipeline\\{closure}(Object(Illuminate\\Http\\Request))
#24 C:\\Users\\zahra\\Documents\\GitHub\\devOps\\vendor\\laravel\\framework\\src\\Illuminate\\Pipeline\\Pipeline.php(219): Illuminate\\Auth\\Middleware\\Authenticate->handle(Object(Illuminate\\Http\\Request), Object(Closure))
#25 C:\\Users\\zahra\\Documents\\GitHub\\devOps\\vendor\\laravel\\framework\\src\\Illuminate\\Foundation\\Http\\Middleware\\VerifyCsrfToken.php(87): Illuminate\\Pipeline\\Pipeline->Illuminate\\Pipeline\\{closure}(Object(Illuminate\\Http\\Request))
#26 C:\\Users\\zahra\\Documents\\GitHub\\devOps\\vendor\\laravel\\framework\\src\\Illuminate\\Pipeline\\Pipeline.php(219): Illuminate\\Foundation\\Http\\Middleware\\VerifyCsrfToken->handle(Object(Illuminate\\Http\\Request), Object(Closure))
#27 C:\\Users\\zahra\\Documents\\GitHub\\devOps\\vendor\\laravel\\framework\\src\\Illuminate\\View\\Middleware\\ShareErrorsFromSession.php(48): Illuminate\\Pipeline\\Pipeline->Illuminate\\Pipeline\\{closure}(Object(Illuminate\\Http\\Request))
#28 C:\\Users\\zahra\\Documents\\GitHub\\devOps\\vendor\\laravel\\framework\\src\\Illuminate\\Pipeline\\Pipeline.php(219): Illuminate\\View\\Middleware\\ShareErrorsFromSession->handle(Object(Illuminate\\Http\\Request), Object(Closure))
#29 C:\\Users\\zahra\\Documents\\GitHub\\devOps\\vendor\\laravel\\framework\\src\\Illuminate\\Session\\Middleware\\StartSession.php(120): Illuminate\\Pipeline\\Pipeline->Illuminate\\Pipeline\\{closure}(Object(Illuminate\\Http\\Request))
#30 C:\\Users\\zahra\\Documents\\GitHub\\devOps\\vendor\\laravel\\framework\\src\\Illuminate\\Session\\Middleware\\StartSession.php(63): Illuminate\\Session\\Middleware\\StartSession->handleStatefulRequest(Object(Illuminate\\Http\\Request), Object(Illuminate\\Session\\Store), Object(Closure))
#31 C:\\Users\\zahra\\Documents\\GitHub\\devOps\\vendor\\laravel\\framework\\src\\Illuminate\\Pipeline\\Pipeline.php(219): Illuminate\\Session\\Middleware\\StartSession->handle(Object(Illuminate\\Http\\Request), Object(Closure))
#32 C:\\Users\\zahra\\Documents\\GitHub\\devOps\\vendor\\laravel\\framework\\src\\Illuminate\\Cookie\\Middleware\\AddQueuedCookiesToResponse.php(36): Illuminate\\Pipeline\\Pipeline->Illuminate\\Pipeline\\{closure}(Object(Illuminate\\Http\\Request))
#33 C:\\Users\\zahra\\Documents\\GitHub\\devOps\\vendor\\laravel\\framework\\src\\Illuminate\\Pipeline\\Pipeline.php(219): Illuminate\\Cookie\\Middleware\\AddQueuedCookiesToResponse->handle(Object(Illuminate\\Http\\Request), Object(Closure))
#34 C:\\Users\\zahra\\Documents\\GitHub\\devOps\\vendor\\laravel\\framework\\src\\Illuminate\\Cookie\\Middleware\\EncryptCookies.php(74): Illuminate\\Pipeline\\Pipeline->Illuminate\\Pipeline\\{closure}(Object(Illuminate\\Http\\Request))
#35 C:\\Users\\zahra\\Documents\\GitHub\\devOps\\vendor\\laravel\\framework\\src\\Illuminate\\Pipeline\\Pipeline.php(219): Illuminate\\Cookie\\Middleware\\EncryptCookies->handle(Object(Illuminate\\Http\\Request), Object(Closure))
#36 C:\\Users\\zahra\\Documents\\GitHub\\devOps\\vendor\\laravel\\framework\\src\\Illuminate\\Pipeline\\Pipeline.php(137): Illuminate\\Pipeline\\Pipeline->Illuminate\\Pipeline\\{closure}(Object(Illuminate\\Http\\Request))
#37 C:\\Users\\zahra\\Documents\\GitHub\\devOps\\vendor\\laravel\\framework\\src\\Illuminate\\Routing\\Router.php(821): Illuminate\\Pipeline\\Pipeline->then(Object(Closure))
#38 C:\\Users\\zahra\\Documents\\GitHub\\devOps\\vendor\\laravel\\framework\\src\\Illuminate\\Routing\\Router.php(800): Illuminate\\Routing\\Router->runRouteWithinStack(Object(Illuminate\\Routing\\Route), Object(Illuminate\\Http\\Request))
#39 C:\\Users\\zahra\\Documents\\GitHub\\devOps\\vendor\\laravel\\framework\\src\\Illuminate\\Routing\\Router.php(764): Illuminate\\Routing\\Router->runRoute(Object(Illuminate\\Http\\Request), Object(Illuminate\\Routing\\Route))
#40 C:\\Users\\zahra\\Documents\\GitHub\\devOps\\vendor\\laravel\\framework\\src\\Illuminate\\Routing\\Router.php(753): Illuminate\\Routing\\Router->dispatchToRoute(Object(Illuminate\\Http\\Request))
#41 C:\\Users\\zahra\\Documents\\GitHub\\devOps\\vendor\\laravel\\framework\\src\\Illuminate\\Foundation\\Http\\Kernel.php(200): Illuminate\\Routing\\Router->dispatch(Object(Illuminate\\Http\\Request))
#42 C:\\Users\\zahra\\Documents\\GitHub\\devOps\\vendor\\laravel\\framework\\src\\Illuminate\\Pipeline\\Pipeline.php(180): Illuminate\\Foundation\\Http\\Kernel->Illuminate\\Foundation\\Http\\{closure}(Object(Illuminate\\Http\\Request))
#43 C:\\Users\\zahra\\Documents\\GitHub\\devOps\\vendor\\laravel\\framework\\src\\Illuminate\\Foundation\\Http\\Middleware\\TransformsRequest.php(21): Illuminate\\Pipeline\\Pipeline->Illuminate\\Pipeline\\{closure}(Object(Illuminate\\Http\\Request))
#44 C:\\Users\\zahra\\Documents\\GitHub\\devOps\\vendor\\laravel\\framework\\src\\Illuminate\\Foundation\\Http\\Middleware\\ConvertEmptyStringsToNull.php(31): Illuminate\\Foundation\\Http\\Middleware\\TransformsRequest->handle(Object(Illuminate\\Http\\Request), Object(Closure))
#45 C:\\Users\\zahra\\Documents\\GitHub\\devOps\\vendor\\laravel\\framework\\src\\Illuminate\\Pipeline\\Pipeline.php(219): Illuminate\\Foundation\\Http\\Middleware\\ConvertEmptyStringsToNull->handle(Object(Illuminate\\Http\\Request), Object(Closure))
#46 C:\\Users\\zahra\\Documents\\GitHub\\devOps\\vendor\\laravel\\framework\\src\\Illuminate\\Foundation\\Http\\Middleware\\TransformsRequest.php(21): Illuminate\\Pipeline\\Pipeline->Illuminate\\Pipeline\\{closure}(Object(Illuminate\\Http\\Request))
#47 C:\\Users\\zahra\\Documents\\GitHub\\devOps\\vendor\\laravel\\framework\\src\\Illuminate\\Foundation\\Http\\Middleware\\TrimStrings.php(51): Illuminate\\Foundation\\Http\\Middleware\\TransformsRequest->handle(Object(Illuminate\\Http\\Request), Object(Closure))
#48 C:\\Users\\zahra\\Documents\\GitHub\\devOps\\vendor\\laravel\\framework\\src\\Illuminate\\Pipeline\\Pipeline.php(219): Illuminate\\Foundation\\Http\\Middleware\\TrimStrings->handle(Object(Illuminate\\Http\\Request), Object(Closure))
#49 C:\\Users\\zahra\\Documents\\GitHub\\devOps\\vendor\\laravel\\framework\\src\\Illuminate\\Http\\Middleware\\ValidatePostSize.php(27): Illuminate\\Pipeline\\Pipeline->Illuminate\\Pipeline\\{closure}(Object(Illuminate\\Http\\Request))
#50 C:\\Users\\zahra\\Documents\\GitHub\\devOps\\vendor\\laravel\\framework\\src\\Illuminate\\Pipeline\\Pipeline.php(219): Illuminate\\Http\\Middleware\\ValidatePostSize->handle(Object(Illuminate\\Http\\Request), Object(Closure))
#51 C:\\Users\\zahra\\Documents\\GitHub\\devOps\\vendor\\laravel\\framework\\src\\Illuminate\\Foundation\\Http\\Middleware\\PreventRequestsDuringMaintenance.php(109): Illuminate\\Pipeline\\Pipeline->Illuminate\\Pipeline\\{closure}(Object(Illuminate\\Http\\Request))
#52 C:\\Users\\zahra\\Documents\\GitHub\\devOps\\vendor\\laravel\\framework\\src\\Illuminate\\Pipeline\\Pipeline.php(219): Illuminate\\Foundation\\Http\\Middleware\\PreventRequestsDuringMaintenance->handle(Object(Illuminate\\Http\\Request), Object(Closure))
#53 C:\\Users\\zahra\\Documents\\GitHub\\devOps\\vendor\\laravel\\framework\\src\\Illuminate\\Http\\Middleware\\HandleCors.php(48): Illuminate\\Pipeline\\Pipeline->Illuminate\\Pipeline\\{closure}(Object(Illuminate\\Http\\Request))
#54 C:\\Users\\zahra\\Documents\\GitHub\\devOps\\vendor\\laravel\\framework\\src\\Illuminate\\Pipeline\\Pipeline.php(219): Illuminate\\Http\\Middleware\\HandleCors->handle(Object(Illuminate\\Http\\Request), Object(Closure))
#55 C:\\Users\\zahra\\Documents\\GitHub\\devOps\\vendor\\laravel\\framework\\src\\Illuminate\\Http\\Middleware\\TrustProxies.php(58): Illuminate\\Pipeline\\Pipeline->Illuminate\\Pipeline\\{closure}(Object(Illuminate\\Http\\Request))
#56 C:\\Users\\zahra\\Documents\\GitHub\\devOps\\vendor\\laravel\\framework\\src\\Illuminate\\Pipeline\\Pipeline.php(219): Illuminate\\Http\\Middleware\\TrustProxies->handle(Object(Illuminate\\Http\\Request), Object(Closure))
#57 C:\\Users\\zahra\\Documents\\GitHub\\devOps\\vendor\\laravel\\framework\\src\\Illuminate\\Foundation\\Http\\Middleware\\InvokeDeferredCallbacks.php(22): Illuminate\\Pipeline\\Pipeline->Illuminate\\Pipeline\\{closure}(Object(Illuminate\\Http\\Request))
#58 C:\\Users\\zahra\\Documents\\GitHub\\devOps\\vendor\\laravel\\framework\\src\\Illuminate\\Pipeline\\Pipeline.php(219): Illuminate\\Foundation\\Http\\Middleware\\InvokeDeferredCallbacks->handle(Object(Illuminate\\Http\\Request), Object(Closure))
#59 C:\\Users\\zahra\\Documents\\GitHub\\devOps\\vendor\\laravel\\framework\\src\\Illuminate\\Http\\Middleware\\ValidatePathEncoding.php(26): Illuminate\\Pipeline\\Pipeline->Illuminate\\Pipeline\\{closure}(Object(Illuminate\\Http\\Request))
#60 C:\\Users\\zahra\\Documents\\GitHub\\devOps\\vendor\\laravel\\framework\\src\\Illuminate\\Pipeline\\Pipeline.php(219): Illuminate\\Http\\Middleware\\ValidatePathEncoding->handle(Object(Illuminate\\Http\\Request), Object(Closure))
#61 C:\\Users\\zahra\\Documents\\GitHub\\devOps\\vendor\\laravel\\framework\\src\\Illuminate\\Pipeline\\Pipeline.php(137): Illuminate\\Pipeline\\Pipeline->Illuminate\\Pipeline\\{closure}(Object(Illuminate\\Http\\Request))
#62 C:\\Users\\zahra\\Documents\\GitHub\\devOps\\vendor\\laravel\\framework\\src\\Illuminate\\Foundation\\Http\\Kernel.php(175): Illuminate\\Pipeline\\Pipeline->then(Object(Closure))
#63 C:\\Users\\zahra\\Documents\\GitHub\\devOps\\vendor\\laravel\\framework\\src\\Illuminate\\Foundation\\Http\\Kernel.php(144): Illuminate\\Foundation\\Http\\Kernel->sendRequestThroughRouter(Object(Illuminate\\Http\\Request))
#64 C:\\Users\\zahra\\Documents\\GitHub\\devOps\\vendor\\laravel\\framework\\src\\Illuminate\\Foundation\\Application.php(1220): Illuminate\\Foundation\\Http\\Kernel->handle(Object(Illuminate\\Http\\Request))
#65 C:\\Users\\zahra\\Documents\\GitHub\\devOps\\public\\index.php(20): Illuminate\\Foundation\\Application->handleRequest(Object(Illuminate\\Http\\Request))
#66 C:\\Users\\zahra\\Documents\\GitHub\\devOps\\vendor\\laravel\\framework\\src\\Illuminate\\Foundation\\resources\\server.php(23): require_once('C:\\\\Users\\\\zahra\\\\...')
#67 {main}

[previous exception] [object] (Aws\\S3\\Exception\\S3Exception(code: 0): Error executing \"ListObjects\" on \"http://127.0.0.1:9000/sidora-documents?prefix=dokumen%2Fdokumen_120_v2_1764558362.pdf%2F&delimiter=%2F&encoding-type=url\"; AWS HTTP error: cURL error 7: Failed to connect to 127.0.0.1 port 9000 after 2043 ms: Couldn't connect to server (see https://curl.haxx.se/libcurl/c/libcurl-errors.html) for http://127.0.0.1:9000/sidora-documents?prefix=dokumen%2Fdokumen_120_v2_1764558362.pdf%2F&delimiter=%2F&encoding-type=url at C:\\Users\\zahra\\Documents\\GitHub\\devOps\\vendor\\aws\\aws-sdk-php\\src\\WrappedHttpHandler.php:195)
[stacktrace]
#0 C:\\Users\\zahra\\Documents\\GitHub\\devOps\\vendor\\aws\\aws-sdk-php\\src\\WrappedHttpHandler.php(96): Aws\\WrappedHttpHandler->parseError(Array, Object(GuzzleHttp\\Psr7\\Request), Object(Aws\\Command), Array)
#1 C:\\Users\\zahra\\Documents\\GitHub\\devOps\\vendor\\guzzlehttp\\promises\\src\\Promise.php(204): Aws\\WrappedHttpHandler->Aws\\{closure}(Array)
#2 C:\\Users\\zahra\\Documents\\GitHub\\devOps\\vendor\\guzzlehttp\\promises\\src\\Promise.php(169): GuzzleHttp\\Promise\\Promise::callHandler(2, Array, NULL)
#3 C:\\Users\\zahra\\Documents\\GitHub\\devOps\\vendor\\guzzlehttp\\promises\\src\\RejectedPromise.php(42): GuzzleHttp\\Promise\\Promise::GuzzleHttp\\Promise\\{closure}(Array)
#4 C:\\Users\\zahra\\Documents\\GitHub\\devOps\\vendor\\guzzlehttp\\promises\\src\\TaskQueue.php(48): GuzzleHttp\\Promise\\RejectedPromise::GuzzleHttp\\Promise\\{closure}()
#5 C:\\Users\\zahra\\Documents\\GitHub\\devOps\\vendor\\guzzlehttp\\guzzle\\src\\Handler\\CurlMultiHandler.php(167): GuzzleHttp\\Promise\\TaskQueue->run()
#6 C:\\Users\\zahra\\Documents\\GitHub\\devOps\\vendor\\guzzlehttp\\guzzle\\src\\Handler\\CurlMultiHandler.php(206): GuzzleHttp\\Handler\\CurlMultiHandler->tick()
#7 C:\\Users\\zahra\\Documents\\GitHub\\devOps\\vendor\\guzzlehttp\\promises\\src\\Promise.php(248): GuzzleHttp\\Handler\\CurlMultiHandler->execute(true)
#8 C:\\Users\\zahra\\Documents\\GitHub\\devOps\\vendor\\guzzlehttp\\promises\\src\\Promise.php(224): GuzzleHttp\\Promise\\Promise->invokeWaitFn()
#9 C:\\Users\\zahra\\Documents\\GitHub\\devOps\\vendor\\guzzlehttp\\promises\\src\\Promise.php(269): GuzzleHttp\\Promise\\Promise->waitIfPending()
#10 C:\\Users\\zahra\\Documents\\GitHub\\devOps\\vendor\\guzzlehttp\\promises\\src\\Promise.php(226): GuzzleHttp\\Promise\\Promise->invokeWaitList()
#11 C:\\Users\\zahra\\Documents\\GitHub\\devOps\\vendor\\guzzlehttp\\promises\\src\\Promise.php(269): GuzzleHttp\\Promise\\Promise->waitIfPending()
#12 C:\\Users\\zahra\\Documents\\GitHub\\devOps\\vendor\\guzzlehttp\\promises\\src\\Promise.php(226): GuzzleHttp\\Promise\\Promise->invokeWaitList()
#13 C:\\Users\\zahra\\Documents\\GitHub\\devOps\\vendor\\guzzlehttp\\promises\\src\\Promise.php(62): GuzzleHttp\\Promise\\Promise->waitIfPending()
#14 C:\\Users\\zahra\\Documents\\GitHub\\devOps\\vendor\\aws\\aws-sdk-php\\src\\AwsClientTrait.php(58): GuzzleHttp\\Promise\\Promise->wait()
#15 C:\\Users\\zahra\\Documents\\GitHub\\devOps\\vendor\\league\\flysystem-aws-s3-v3\\AwsS3V3Adapter.php(142): Aws\\AwsClient->execute(Object(Aws\\Command))
#16 C:\\Users\\zahra\\Documents\\GitHub\\devOps\\vendor\\league\\flysystem\\src\\Filesystem.php(50): League\\Flysystem\\AwsS3V3\\AwsS3V3Adapter->directoryExists('dokumen/dokumen...')
#17 C:\\Users\\zahra\\Documents\\GitHub\\devOps\\vendor\\laravel\\framework\\src\\Illuminate\\Filesystem\\FilesystemAdapter.php(212): League\\Flysystem\\Filesystem->has('dokumen/dokumen...')
#18 C:\\Users\\zahra\\Documents\\GitHub\\devOps\\app\\Http\\Controllers\\TU\\MonitoringController.php(292): Illuminate\\Filesystem\\FilesystemAdapter->exists('dokumen/dokumen...')
#19 C:\\Users\\zahra\\Documents\\GitHub\\devOps\\vendor\\symfony\\polyfill-php84\\Php84.php(82): App\\Http\\Controllers\\TU\\MonitoringController->App\\Http\\Controllers\\TU\\{closure}(Object(App\\Models\\VersiDokumen), 1)
#20 C:\\Users\\zahra\\Documents\\GitHub\\devOps\\vendor\\symfony\\polyfill-php84\\bootstrap.php(33): Symfony\\Polyfill\\Php84\\Php84::array_find_key(Array, Object(Closure))
#21 C:\\Users\\zahra\\Documents\\GitHub\\devOps\\vendor\\laravel\\framework\\src\\Illuminate\\Collections\\Arr.php(274): array_find_key(Array, Object(Closure))
#22 C:\\Users\\zahra\\Documents\\GitHub\\devOps\\vendor\\laravel\\framework\\src\\Illuminate\\Collections\\Collection.php(432): Illuminate\\Support\\Arr::first(Array, Object(Closure), NULL)
#23 C:\\Users\\zahra\\Documents\\GitHub\\devOps\\vendor\\laravel\\framework\\src\\Illuminate\\Collections\\Traits\\EnumeratesValues.php(329): Illuminate\\Support\\Collection->first(Object(Closure))
#24 C:\\Users\\zahra\\Documents\\GitHub\\devOps\\app\\Http\\Controllers\\TU\\MonitoringController.php(292): Illuminate\\Support\\Collection->firstWhere(Object(Closure))
#25 C:\\Users\\zahra\\Documents\\GitHub\\devOps\\vendor\\laravel\\framework\\src\\Illuminate\\Routing\\ControllerDispatcher.php(46): App\\Http\\Controllers\\TU\\MonitoringController->download('120', Object(Illuminate\\Http\\Request))
#26 C:\\Users\\zahra\\Documents\\GitHub\\devOps\\vendor\\laravel\\framework\\src\\Illuminate\\Routing\\Route.php(265): Illuminate\\Routing\\ControllerDispatcher->dispatch(Object(Illuminate\\Routing\\Route), Object(App\\Http\\Controllers\\TU\\MonitoringController), 'download')
#27 C:\\Users\\zahra\\Documents\\GitHub\\devOps\\vendor\\laravel\\framework\\src\\Illuminate\\Routing\\Route.php(211): Illuminate\\Routing\\Route->runController()
#28 C:\\Users\\zahra\\Documents\\GitHub\\devOps\\vendor\\laravel\\framework\\src\\Illuminate\\Routing\\Router.php(822): Illuminate\\Routing\\Route->run()
#29 C:\\Users\\zahra\\Documents\\GitHub\\devOps\\vendor\\laravel\\framework\\src\\Illuminate\\Pipeline\\Pipeline.php(180): Illuminate\\Routing\\Router->Illuminate\\Routing\\{closure}(Object(Illuminate\\Http\\Request))
#30 C:\\Users\\zahra\\Documents\\GitHub\\devOps\\app\\Http\\Middleware\\CheckRole.php(34): Illuminate\\Pipeline\\Pipeline->Illuminate\\Pipeline\\{closure}(Object(Illuminate\\Http\\Request))
#31 C:\\Users\\zahra\\Documents\\GitHub\\devOps\\vendor\\laravel\\framework\\src\\Illuminate\\Pipeline\\Pipeline.php(219): App\\Http\\Middleware\\CheckRole->handle(Object(Illuminate\\Http\\Request), Object(Closure), 'tu')
#32 C:\\Users\\zahra\\Documents\\GitHub\\devOps\\vendor\\laravel\\framework\\src\\Illuminate\\Foundation\\Http\\Middleware\\VerifyCsrfToken.php(87): Illuminate\\Pipeline\\Pipeline->Illuminate\\Pipeline\\{closure}(Object(Illuminate\\Http\\Request))
#33 C:\\Users\\zahra\\Documents\\GitHub\\devOps\\vendor\\laravel\\framework\\src\\Illuminate\\Pipeline\\Pipeline.php(219): Illuminate\\Foundation\\Http\\Middleware\\VerifyCsrfToken->handle(Object(Illuminate\\Http\\Request), Object(Closure))
#34 C:\\Users\\zahra\\Documents\\GitHub\\devOps\\vendor\\laravel\\framework\\src\\Illuminate\\Routing\\Middleware\\SubstituteBindings.php(50): Illuminate\\Pipeline\\Pipeline->Illuminate\\Pipeline\\{closure}(Object(Illuminate\\Http\\Request))
#35 C:\\Users\\zahra\\Documents\\GitHub\\devOps\\vendor\\laravel\\framework\\src\\Illuminate\\Pipeline\\Pipeline.php(219): Illuminate\\Routing\\Middleware\\SubstituteBindings->handle(Object(Illuminate\\Http\\Request), Object(Closure))
#36 C:\\Users\\zahra\\Documents\\GitHub\\devOps\\vendor\\laravel\\framework\\src\\Illuminate\\Session\\Middleware\\AuthenticateSession.php(66): Illuminate\\Pipeline\\Pipeline->Illuminate\\Pipeline\\{closure}(Object(Illuminate\\Http\\Request))
#37 C:\\Users\\zahra\\Documents\\GitHub\\devOps\\vendor\\laravel\\framework\\src\\Illuminate\\Pipeline\\Pipeline.php(219): Illuminate\\Session\\Middleware\\AuthenticateSession->handle(Object(Illuminate\\Http\\Request), Object(Closure))
#38 C:\\Users\\zahra\\Documents\\GitHub\\devOps\\vendor\\laravel\\framework\\src\\Illuminate\\Auth\\Middleware\\Authenticate.php(63): Illuminate\\Pipeline\\Pipeline->Illuminate\\Pipeline\\{closure}(Object(Illuminate\\Http\\Request))
#39 C:\\Users\\zahra\\Documents\\GitHub\\devOps\\vendor\\laravel\\framework\\src\\Illuminate\\Pipeline\\Pipeline.php(219): Illuminate\\Auth\\Middleware\\Authenticate->handle(Object(Illuminate\\Http\\Request), Object(Closure))
#40 C:\\Users\\zahra\\Documents\\GitHub\\devOps\\vendor\\laravel\\framework\\src\\Illuminate\\Foundation\\Http\\Middleware\\VerifyCsrfToken.php(87): Illuminate\\Pipeline\\Pipeline->Illuminate\\Pipeline\\{closure}(Object(Illuminate\\Http\\Request))
#41 C:\\Users\\zahra\\Documents\\GitHub\\devOps\\vendor\\laravel\\framework\\src\\Illuminate\\Pipeline\\Pipeline.php(219): Illuminate\\Foundation\\Http\\Middleware\\VerifyCsrfToken->handle(Object(Illuminate\\Http\\Request), Object(Closure))
#42 C:\\Users\\zahra\\Documents\\GitHub\\devOps\\vendor\\laravel\\framework\\src\\Illuminate\\View\\Middleware\\ShareErrorsFromSession.php(48): Illuminate\\Pipeline\\Pipeline->Illuminate\\Pipeline\\{closure}(Object(Illuminate\\Http\\Request))
#43 C:\\Users\\zahra\\Documents\\GitHub\\devOps\\vendor\\laravel\\framework\\src\\Illuminate\\Pipeline\\Pipeline.php(219): Illuminate\\View\\Middleware\\ShareErrorsFromSession->handle(Object(Illuminate\\Http\\Request), Object(Closure))
#44 C:\\Users\\zahra\\Documents\\GitHub\\devOps\\vendor\\laravel\\framework\\src\\Illuminate\\Session\\Middleware\\StartSession.php(120): Illuminate\\Pipeline\\Pipeline->Illuminate\\Pipeline\\{closure}(Object(Illuminate\\Http\\Request))
#45 C:\\Users\\zahra\\Documents\\GitHub\\devOps\\vendor\\laravel\\framework\\src\\Illuminate\\Session\\Middleware\\StartSession.php(63): Illuminate\\Session\\Middleware\\StartSession->handleStatefulRequest(Object(Illuminate\\Http\\Request), Object(Illuminate\\Session\\Store), Object(Closure))
#46 C:\\Users\\zahra\\Documents\\GitHub\\devOps\\vendor\\laravel\\framework\\src\\Illuminate\\Pipeline\\Pipeline.php(219): Illuminate\\Session\\Middleware\\StartSession->handle(Object(Illuminate\\Http\\Request), Object(Closure))
#47 C:\\Users\\zahra\\Documents\\GitHub\\devOps\\vendor\\laravel\\framework\\src\\Illuminate\\Cookie\\Middleware\\AddQueuedCookiesToResponse.php(36): Illuminate\\Pipeline\\Pipeline->Illuminate\\Pipeline\\{closure}(Object(Illuminate\\Http\\Request))
#48 C:\\Users\\zahra\\Documents\\GitHub\\devOps\\vendor\\laravel\\framework\\src\\Illuminate\\Pipeline\\Pipeline.php(219): Illuminate\\Cookie\\Middleware\\AddQueuedCookiesToResponse->handle(Object(Illuminate\\Http\\Request), Object(Closure))
#49 C:\\Users\\zahra\\Documents\\GitHub\\devOps\\vendor\\laravel\\framework\\src\\Illuminate\\Cookie\\Middleware\\EncryptCookies.php(74): Illuminate\\Pipeline\\Pipeline->Illuminate\\Pipeline\\{closure}(Object(Illuminate\\Http\\Request))
#50 C:\\Users\\zahra\\Documents\\GitHub\\devOps\\vendor\\laravel\\framework\\src\\Illuminate\\Pipeline\\Pipeline.php(219): Illuminate\\Cookie\\Middleware\\EncryptCookies->handle(Object(Illuminate\\Http\\Request), Object(Closure))
#51 C:\\Users\\zahra\\Documents\\GitHub\\devOps\\vendor\\laravel\\framework\\src\\Illuminate\\Pipeline\\Pipeline.php(137): Illuminate\\Pipeline\\Pipeline->Illuminate\\Pipeline\\{closure}(Object(Illuminate\\Http\\Request))
#52 C:\\Users\\zahra\\Documents\\GitHub\\devOps\\vendor\\laravel\\framework\\src\\Illuminate\\Routing\\Router.php(821): Illuminate\\Pipeline\\Pipeline->then(Object(Closure))
#53 C:\\Users\\zahra\\Documents\\GitHub\\devOps\\vendor\\laravel\\framework\\src\\Illuminate\\Routing\\Router.php(800): Illuminate\\Routing\\Router->runRouteWithinStack(Object(Illuminate\\Routing\\Route), Object(Illuminate\\Http\\Request))
#54 C:\\Users\\zahra\\Documents\\GitHub\\devOps\\vendor\\laravel\\framework\\src\\Illuminate\\Routing\\Router.php(764): Illuminate\\Routing\\Router->runRoute(Object(Illuminate\\Http\\Request), Object(Illuminate\\Routing\\Route))
#55 C:\\Users\\zahra\\Documents\\GitHub\\devOps\\vendor\\laravel\\framework\\src\\Illuminate\\Routing\\Router.php(753): Illuminate\\Routing\\Router->dispatchToRoute(Object(Illuminate\\Http\\Request))
#56 C:\\Users\\zahra\\Documents\\GitHub\\devOps\\vendor\\laravel\\framework\\src\\Illuminate\\Foundation\\Http\\Kernel.php(200): Illuminate\\Routing\\Router->dispatch(Object(Illuminate\\Http\\Request))
#57 C:\\Users\\zahra\\Documents\\GitHub\\devOps\\vendor\\laravel\\framework\\src\\Illuminate\\Pipeline\\Pipeline.php(180): Illuminate\\Foundation\\Http\\Kernel->Illuminate\\Foundation\\Http\\{closure}(Object(Illuminate\\Http\\Request))
#58 C:\\Users\\zahra\\Documents\\GitHub\\devOps\\vendor\\laravel\\framework\\src\\Illuminate\\Foundation\\Http\\Middleware\\TransformsRequest.php(21): Illuminate\\Pipeline\\Pipeline->Illuminate\\Pipeline\\{closure}(Object(Illuminate\\Http\\Request))
#59 C:\\Users\\zahra\\Documents\\GitHub\\devOps\\vendor\\laravel\\framework\\src\\Illuminate\\Foundation\\Http\\Middleware\\ConvertEmptyStringsToNull.php(31): Illuminate\\Foundation\\Http\\Middleware\\TransformsRequest->handle(Object(Illuminate\\Http\\Request), Object(Closure))
#60 C:\\Users\\zahra\\Documents\\GitHub\\devOps\\vendor\\laravel\\framework\\src\\Illuminate\\Pipeline\\Pipeline.php(219): Illuminate\\Foundation\\Http\\Middleware\\ConvertEmptyStringsToNull->handle(Object(Illuminate\\Http\\Request), Object(Closure))
#61 C:\\Users\\zahra\\Documents\\GitHub\\devOps\\vendor\\laravel\\framework\\src\\Illuminate\\Foundation\\Http\\Middleware\\TransformsRequest.php(21): Illuminate\\Pipeline\\Pipeline->Illuminate\\Pipeline\\{closure}(Object(Illuminate\\Http\\Request))
#62 C:\\Users\\zahra\\Documents\\GitHub\\devOps\\vendor\\laravel\\framework\\src\\Illuminate\\Foundation\\Http\\Middleware\\TrimStrings.php(51): Illuminate\\Foundation\\Http\\Middleware\\TransformsRequest->handle(Object(Illuminate\\Http\\Request), Object(Closure))
#63 C:\\Users\\zahra\\Documents\\GitHub\\devOps\\vendor\\laravel\\framework\\src\\Illuminate\\Pipeline\\Pipeline.php(219): Illuminate\\Foundation\\Http\\Middleware\\TrimStrings->handle(Object(Illuminate\\Http\\Request), Object(Closure))
#64 C:\\Users\\zahra\\Documents\\GitHub\\devOps\\vendor\\laravel\\framework\\src\\Illuminate\\Http\\Middleware\\ValidatePostSize.php(27): Illuminate\\Pipeline\\Pipeline->Illuminate\\Pipeline\\{closure}(Object(Illuminate\\Http\\Request))
#65 C:\\Users\\zahra\\Documents\\GitHub\\devOps\\vendor\\laravel\\framework\\src\\Illuminate\\Pipeline\\Pipeline.php(219): Illuminate\\Http\\Middleware\\ValidatePostSize->handle(Object(Illuminate\\Http\\Request), Object(Closure))
#66 C:\\Users\\zahra\\Documents\\GitHub\\devOps\\vendor\\laravel\\framework\\src\\Illuminate\\Foundation\\Http\\Middleware\\PreventRequestsDuringMaintenance.php(109): Illuminate\\Pipeline\\Pipeline->Illuminate\\Pipeline\\{closure}(Object(Illuminate\\Http\\Request))
#67 C:\\Users\\zahra\\Documents\\GitHub\\devOps\\vendor\\laravel\\framework\\src\\Illuminate\\Pipeline\\Pipeline.php(219): Illuminate\\Foundation\\Http\\Middleware\\PreventRequestsDuringMaintenance->handle(Object(Illuminate\\Http\\Request), Object(Closure))
#68 C:\\Users\\zahra\\Documents\\GitHub\\devOps\\vendor\\laravel\\framework\\src\\Illuminate\\Http\\Middleware\\HandleCors.php(48): Illuminate\\Pipeline\\Pipeline->Illuminate\\Pipeline\\{closure}(Object(Illuminate\\Http\\Request))
#69 C:\\Users\\zahra\\Documents\\GitHub\\devOps\\vendor\\laravel\\framework\\src\\Illuminate\\Pipeline\\Pipeline.php(219): Illuminate\\Http\\Middleware\\HandleCors->handle(Object(Illuminate\\Http\\Request), Object(Closure))
#70 C:\\Users\\zahra\\Documents\\GitHub\\devOps\\vendor\\laravel\\framework\\src\\Illuminate\\Http\\Middleware\\TrustProxies.php(58): Illuminate\\Pipeline\\Pipeline->Illuminate\\Pipeline\\{closure}(Object(Illuminate\\Http\\Request))
#71 C:\\Users\\zahra\\Documents\\GitHub\\devOps\\vendor\\laravel\\framework\\src\\Illuminate\\Pipeline\\Pipeline.php(219): Illuminate\\Http\\Middleware\\TrustProxies->handle(Object(Illuminate\\Http\\Request), Object(Closure))
#72 C:\\Users\\zahra\\Documents\\GitHub\\devOps\\vendor\\laravel\\framework\\src\\Illuminate\\Foundation\\Http\\Middleware\\InvokeDeferredCallbacks.php(22): Illuminate\\Pipeline\\Pipeline->Illuminate\\Pipeline\\{closure}(Object(Illuminate\\Http\\Request))
#73 C:\\Users\\zahra\\Documents\\GitHub\\devOps\\vendor\\laravel\\framework\\src\\Illuminate\\Pipeline\\Pipeline.php(219): Illuminate\\Foundation\\Http\\Middleware\\InvokeDeferredCallbacks->handle(Object(Illuminate\\Http\\Request), Object(Closure))
#74 C:\\Users\\zahra\\Documents\\GitHub\\devOps\\vendor\\laravel\\framework\\src\\Illuminate\\Http\\Middleware\\ValidatePathEncoding.php(26): Illuminate\\Pipeline\\Pipeline->Illuminate\\Pipeline\\{closure}(Object(Illuminate\\Http\\Request))
#75 C:\\Users\\zahra\\Documents\\GitHub\\devOps\\vendor\\laravel\\framework\\src\\Illuminate\\Pipeline\\Pipeline.php(219): Illuminate\\Http\\Middleware\\ValidatePathEncoding->handle(Object(Illuminate\\Http\\Request), Object(Closure))
#76 C:\\Users\\zahra\\Documents\\GitHub\\devOps\\vendor\\laravel\\framework\\src\\Illuminate\\Pipeline\\Pipeline.php(137): Illuminate\\Pipeline\\Pipeline->Illuminate\\Pipeline\\{closure}(Object(Illuminate\\Http\\Request))
#77 C:\\Users\\zahra\\Documents\\GitHub\\devOps\\vendor\\laravel\\framework\\src\\Illuminate\\Foundation\\Http\\Kernel.php(175): Illuminate\\Pipeline\\Pipeline->then(Object(Closure))
#78 C:\\Users\\zahra\\Documents\\GitHub\\devOps\\vendor\\laravel\\framework\\src\\Illuminate\\Foundation\\Http\\Kernel.php(144): Illuminate\\Foundation\\Http\\Kernel->sendRequestThroughRouter(Object(Illuminate\\Http\\Request))
#79 C:\\Users\\zahra\\Documents\\GitHub\\devOps\\vendor\\laravel\\framework\\src\\Illuminate\\Foundation\\Application.php(1220): Illuminate\\Foundation\\Http\\Kernel->handle(Object(Illuminate\\Http\\Request))
#80 C:\\Users\\zahra\\Documents\\GitHub\\devOps\\public\\index.php(20): Illuminate\\Foundation\\Application->handleRequest(Object(Illuminate\\Http\\Request))
#81 C:\\Users\\zahra\\Documents\\GitHub\\devOps\\vendor\\laravel\\framework\\src\\Illuminate\\Foundation\\resources\\server.php(23): require_once('C:\\\\Users\\\\zahra\\\\...')
#82 {main}

[previous exception] [object] (GuzzleHttp\\Exception\\ConnectException(code: 0): cURL error 7: Failed to connect to 127.0.0.1 port 9000 after 2043 ms: Couldn't connect to server (see https://curl.haxx.se/libcurl/c/libcurl-errors.html) for http://127.0.0.1:9000/sidora-documents?prefix=dokumen%2Fdokumen_120_v2_1764558362.pdf%2F&delimiter=%2F&encoding-type=url at C:\\Users\\zahra\\Documents\\GitHub\\devOps\\vendor\\guzzlehttp\\guzzle\\src\\Handler\\CurlFactory.php:275)
[stacktrace]
#0 C:\\Users\\zahra\\Documents\\GitHub\\devOps\\vendor\\guzzlehttp\\guzzle\\src\\Handler\\CurlFactory.php(205): GuzzleHttp\\Handler\\CurlFactory::createRejection(Object(GuzzleHttp\\Handler\\EasyHandle), Array)
#1 C:\\Users\\zahra\\Documents\\GitHub\\devOps\\vendor\\guzzlehttp\\guzzle\\src\\Handler\\CurlFactory.php(157): GuzzleHttp\\Handler\\CurlFactory::finishError(Object(GuzzleHttp\\Handler\\CurlMultiHandler), Object(GuzzleHttp\\Handler\\EasyHandle), Object(GuzzleHttp\\Handler\\CurlFactory))
#2 C:\\Users\\zahra\\Documents\\GitHub\\devOps\\vendor\\guzzlehttp\\guzzle\\src\\Handler\\CurlMultiHandler.php(267): GuzzleHttp\\Handler\\CurlFactory::finish(Object(GuzzleHttp\\Handler\\CurlMultiHandler), Object(GuzzleHttp\\Handler\\EasyHandle), Object(GuzzleHttp\\Handler\\CurlFactory))
#3 C:\\Users\\zahra\\Documents\\GitHub\\devOps\\vendor\\guzzlehttp\\guzzle\\src\\Handler\\CurlMultiHandler.php(180): GuzzleHttp\\Handler\\CurlMultiHandler->processMessages()
#4 C:\\Users\\zahra\\Documents\\GitHub\\devOps\\vendor\\guzzlehttp\\guzzle\\src\\Handler\\CurlMultiHandler.php(206): GuzzleHttp\\Handler\\CurlMultiHandler->tick()
#5 C:\\Users\\zahra\\Documents\\GitHub\\devOps\\vendor\\guzzlehttp\\promises\\src\\Promise.php(248): GuzzleHttp\\Handler\\CurlMultiHandler->execute(true)
#6 C:\\Users\\zahra\\Documents\\GitHub\\devOps\\vendor\\guzzlehttp\\promises\\src\\Promise.php(224): GuzzleHttp\\Promise\\Promise->invokeWaitFn()
#7 C:\\Users\\zahra\\Documents\\GitHub\\devOps\\vendor\\guzzlehttp\\promises\\src\\Promise.php(269): GuzzleHttp\\Promise\\Promise->waitIfPending()
#8 C:\\Users\\zahra\\Documents\\GitHub\\devOps\\vendor\\guzzlehttp\\promises\\src\\Promise.php(226): GuzzleHttp\\Promise\\Promise->invokeWaitList()
#9 C:\\Users\\zahra\\Documents\\GitHub\\devOps\\vendor\\guzzlehttp\\promises\\src\\Promise.php(269): GuzzleHttp\\Promise\\Promise->waitIfPending()
#10 C:\\Users\\zahra\\Documents\\GitHub\\devOps\\vendor\\guzzlehttp\\promises\\src\\Promise.php(226): GuzzleHttp\\Promise\\Promise->invokeWaitList()
#11 C:\\Users\\zahra\\Documents\\GitHub\\devOps\\vendor\\guzzlehttp\\promises\\src\\Promise.php(62): GuzzleHttp\\Promise\\Promise->waitIfPending()
#12 C:\\Users\\zahra\\Documents\\GitHub\\devOps\\vendor\\aws\\aws-sdk-php\\src\\AwsClientTrait.php(58): GuzzleHttp\\Promise\\Promise->wait()
#13 C:\\Users\\zahra\\Documents\\GitHub\\devOps\\vendor\\league\\flysystem-aws-s3-v3\\AwsS3V3Adapter.php(142): Aws\\AwsClient->execute(Object(Aws\\Command))
#14 C:\\Users\\zahra\\Documents\\GitHub\\devOps\\vendor\\league\\flysystem\\src\\Filesystem.php(50): League\\Flysystem\\AwsS3V3\\AwsS3V3Adapter->directoryExists('dokumen/dokumen...')
#15 C:\\Users\\zahra\\Documents\\GitHub\\devOps\\vendor\\laravel\\framework\\src\\Illuminate\\Filesystem\\FilesystemAdapter.php(212): League\\Flysystem\\Filesystem->has('dokumen/dokumen...')
#16 C:\\Users\\zahra\\Documents\\GitHub\\devOps\\app\\Http\\Controllers\\TU\\MonitoringController.php(292): Illuminate\\Filesystem\\FilesystemAdapter->exists('dokumen/dokumen...')
#17 C:\\Users\\zahra\\Documents\\GitHub\\devOps\\vendor\\symfony\\polyfill-php84\\Php84.php(82): App\\Http\\Controllers\\TU\\MonitoringController->App\\Http\\Controllers\\TU\\{closure}(Object(App\\Models\\VersiDokumen), 1)
#18 C:\\Users\\zahra\\Documents\\GitHub\\devOps\\vendor\\symfony\\polyfill-php84\\bootstrap.php(33): Symfony\\Polyfill\\Php84\\Php84::array_find_key(Array, Object(Closure))
#19 C:\\Users\\zahra\\Documents\\GitHub\\devOps\\vendor\\laravel\\framework\\src\\Illuminate\\Collections\\Arr.php(274): array_find_key(Array, Object(Closure))
#20 C:\\Users\\zahra\\Documents\\GitHub\\devOps\\vendor\\laravel\\framework\\src\\Illuminate\\Collections\\Collection.php(432): Illuminate\\Support\\Arr::first(Array, Object(Closure), NULL)
#21 C:\\Users\\zahra\\Documents\\GitHub\\devOps\\vendor\\laravel\\framework\\src\\Illuminate\\Collections\\Traits\\EnumeratesValues.php(329): Illuminate\\Support\\Collection->first(Object(Closure))
#22 C:\\Users\\zahra\\Documents\\GitHub\\devOps\\app\\Http\\Controllers\\TU\\MonitoringController.php(292): Illuminate\\Support\\Collection->firstWhere(Object(Closure))
#23 C:\\Users\\zahra\\Documents\\GitHub\\devOps\\vendor\\laravel\\framework\\src\\Illuminate\\Routing\\ControllerDispatcher.php(46): App\\Http\\Controllers\\TU\\MonitoringController->download('120', Object(Illuminate\\Http\\Request))
#24 C:\\Users\\zahra\\Documents\\GitHub\\devOps\\vendor\\laravel\\framework\\src\\Illuminate\\Routing\\Route.php(265): Illuminate\\Routing\\ControllerDispatcher->dispatch(Object(Illuminate\\Routing\\Route), Object(App\\Http\\Controllers\\TU\\MonitoringController), 'download')
#25 C:\\Users\\zahra\\Documents\\GitHub\\devOps\\vendor\\laravel\\framework\\src\\Illuminate\\Routing\\Route.php(211): Illuminate\\Routing\\Route->runController()
#26 C:\\Users\\zahra\\Documents\\GitHub\\devOps\\vendor\\laravel\\framework\\src\\Illuminate\\Routing\\Router.php(822): Illuminate\\Routing\\Route->run()
#27 C:\\Users\\zahra\\Documents\\GitHub\\devOps\\vendor\\laravel\\framework\\src\\Illuminate\\Pipeline\\Pipeline.php(180): Illuminate\\Routing\\Router->Illuminate\\Routing\\{closure}(Object(Illuminate\\Http\\Request))
#28 C:\\Users\\zahra\\Documents\\GitHub\\devOps\\app\\Http\\Middleware\\CheckRole.php(34): Illuminate\\Pipeline\\Pipeline->Illuminate\\Pipeline\\{closure}(Object(Illuminate\\Http\\Request))
#29 C:\\Users\\zahra\\Documents\\GitHub\\devOps\\vendor\\laravel\\framework\\src\\Illuminate\\Pipeline\\Pipeline.php(219): App\\Http\\Middleware\\CheckRole->handle(Object(Illuminate\\Http\\Request), Object(Closure), 'tu')
#30 C:\\Users\\zahra\\Documents\\GitHub\\devOps\\vendor\\laravel\\framework\\src\\Illuminate\\Foundation\\Http\\Middleware\\VerifyCsrfToken.php(87): Illuminate\\Pipeline\\Pipeline->Illuminate\\Pipeline\\{closure}(Object(Illuminate\\Http\\Request))
#31 C:\\Users\\zahra\\Documents\\GitHub\\devOps\\vendor\\laravel\\framework\\src\\Illuminate\\Pipeline\\Pipeline.php(219): Illuminate\\Foundation\\Http\\Middleware\\VerifyCsrfToken->handle(Object(Illuminate\\Http\\Request), Object(Closure))
#32 C:\\Users\\zahra\\Documents\\GitHub\\devOps\\vendor\\laravel\\framework\\src\\Illuminate\\Routing\\Middleware\\SubstituteBindings.php(50): Illuminate\\Pipeline\\Pipeline->Illuminate\\Pipeline\\{closure}(Object(Illuminate\\Http\\Request))
#33 C:\\Users\\zahra\\Documents\\GitHub\\devOps\\vendor\\laravel\\framework\\src\\Illuminate\\Pipeline\\Pipeline.php(219): Illuminate\\Routing\\Middleware\\SubstituteBindings->handle(Object(Illuminate\\Http\\Request), Object(Closure))
#34 C:\\Users\\zahra\\Documents\\GitHub\\devOps\\vendor\\laravel\\framework\\src\\Illuminate\\Session\\Middleware\\AuthenticateSession.php(66): Illuminate\\Pipeline\\Pipeline->Illuminate\\Pipeline\\{closure}(Object(Illuminate\\Http\\Request))
#35 C:\\Users\\zahra\\Documents\\GitHub\\devOps\\vendor\\laravel\\framework\\src\\Illuminate\\Pipeline\\Pipeline.php(219): Illuminate\\Session\\Middleware\\AuthenticateSession->handle(Object(Illuminate\\Http\\Request), Object(Closure))
#36 C:\\Users\\zahra\\Documents\\GitHub\\devOps\\vendor\\laravel\\framework\\src\\Illuminate\\Auth\\Middleware\\Authenticate.php(63): Illuminate\\Pipeline\\Pipeline->Illuminate\\Pipeline\\{closure}(Object(Illuminate\\Http\\Request))
#37 C:\\Users\\zahra\\Documents\\GitHub\\devOps\\vendor\\laravel\\framework\\src\\Illuminate\\Pipeline\\Pipeline.php(219): Illuminate\\Auth\\Middleware\\Authenticate->handle(Object(Illuminate\\Http\\Request), Object(Closure))
#38 C:\\Users\\zahra\\Documents\\GitHub\\devOps\\vendor\\laravel\\framework\\src\\Illuminate\\Foundation\\Http\\Middleware\\VerifyCsrfToken.php(87): Illuminate\\Pipeline\\Pipeline->Illuminate\\Pipeline\\{closure}(Object(Illuminate\\Http\\Request))
#39 C:\\Users\\zahra\\Documents\\GitHub\\devOps\\vendor\\laravel\\framework\\src\\Illuminate\\Pipeline\\Pipeline.php(219): Illuminate\\Foundation\\Http\\Middleware\\VerifyCsrfToken->handle(Object(Illuminate\\Http\\Request), Object(Closure))
#40 C:\\Users\\zahra\\Documents\\GitHub\\devOps\\vendor\\laravel\\framework\\src\\Illuminate\\View\\Middleware\\ShareErrorsFromSession.php(48): Illuminate\\Pipeline\\Pipeline->Illuminate\\Pipeline\\{closure}(Object(Illuminate\\Http\\Request))
#41 C:\\Users\\zahra\\Documents\\GitHub\\devOps\\vendor\\laravel\\framework\\src\\Illuminate\\Pipeline\\Pipeline.php(219): Illuminate\\View\\Middleware\\ShareErrorsFromSession->handle(Object(Illuminate\\Http\\Request), Object(Closure))
#42 C:\\Users\\zahra\\Documents\\GitHub\\devOps\\vendor\\laravel\\framework\\src\\Illuminate\\Session\\Middleware\\StartSession.php(120): Illuminate\\Pipeline\\Pipeline->Illuminate\\Pipeline\\{closure}(Object(Illuminate\\Http\\Request))
#43 C:\\Users\\zahra\\Documents\\GitHub\\devOps\\vendor\\laravel\\framework\\src\\Illuminate\\Session\\Middleware\\StartSession.php(63): Illuminate\\Session\\Middleware\\StartSession->handleStatefulRequest(Object(Illuminate\\Http\\Request), Object(Illuminate\\Session\\Store), Object(Closure))
#44 C:\\Users\\zahra\\Documents\\GitHub\\devOps\\vendor\\laravel\\framework\\src\\Illuminate\\Pipeline\\Pipeline.php(219): Illuminate\\Session\\Middleware\\StartSession->handle(Object(Illuminate\\Http\\Request), Object(Closure))
#45 C:\\Users\\zahra\\Documents\\GitHub\\devOps\\vendor\\laravel\\framework\\src\\Illuminate\\Cookie\\Middleware\\AddQueuedCookiesToResponse.php(36): Illuminate\\Pipeline\\Pipeline->Illuminate\\Pipeline\\{closure}(Object(Illuminate\\Http\\Request))
#46 C:\\Users\\zahra\\Documents\\GitHub\\devOps\\vendor\\laravel\\framework\\src\\Illuminate\\Pipeline\\Pipeline.php(219): Illuminate\\Cookie\\Middleware\\AddQueuedCookiesToResponse->handle(Object(Illuminate\\Http\\Request), Object(Closure))
#47 C:\\Users\\zahra\\Documents\\GitHub\\devOps\\vendor\\laravel\\framework\\src\\Illuminate\\Cookie\\Middleware\\EncryptCookies.php(74): Illuminate\\Pipeline\\Pipeline->Illuminate\\Pipeline\\{closure}(Object(Illuminate\\Http\\Request))
#48 C:\\Users\\zahra\\Documents\\GitHub\\devOps\\vendor\\laravel\\framework\\src\\Illuminate\\Pipeline\\Pipeline.php(219): Illuminate\\Cookie\\Middleware\\EncryptCookies->handle(Object(Illuminate\\Http\\Request), Object(Closure))
#49 C:\\Users\\zahra\\Documents\\GitHub\\devOps\\vendor\\laravel\\framework\\src\\Illuminate\\Pipeline\\Pipeline.php(137): Illuminate\\Pipeline\\Pipeline->Illuminate\\Pipeline\\{closure}(Object(Illuminate\\Http\\Request))
#50 C:\\Users\\zahra\\Documents\\GitHub\\devOps\\vendor\\laravel\\framework\\src\\Illuminate\\Routing\\Router.php(821): Illuminate\\Pipeline\\Pipeline->then(Object(Closure))
#51 C:\\Users\\zahra\\Documents\\GitHub\\devOps\\vendor\\laravel\\framework\\src\\Illuminate\\Routing\\Router.php(800): Illuminate\\Routing\\Router->runRouteWithinStack(Object(Illuminate\\Routing\\Route), Object(Illuminate\\Http\\Request))
#52 C:\\Users\\zahra\\Documents\\GitHub\\devOps\\vendor\\laravel\\framework\\src\\Illuminate\\Routing\\Router.php(764): Illuminate\\Routing\\Router->runRoute(Object(Illuminate\\Http\\Request), Object(Illuminate\\Routing\\Route))
#53 C:\\Users\\zahra\\Documents\\GitHub\\devOps\\vendor\\laravel\\framework\\src\\Illuminate\\Routing\\Router.php(753): Illuminate\\Routing\\Router->dispatchToRoute(Object(Illuminate\\Http\\Request))
#54 C:\\Users\\zahra\\Documents\\GitHub\\devOps\\vendor\\laravel\\framework\\src\\Illuminate\\Foundation\\Http\\Kernel.php(200): Illuminate\\Routing\\Router->dispatch(Object(Illuminate\\Http\\Request))
#55 C:\\Users\\zahra\\Documents\\GitHub\\devOps\\vendor\\laravel\\framework\\src\\Illuminate\\Pipeline\\Pipeline.php(180): Illuminate\\Foundation\\Http\\Kernel->Illuminate\\Foundation\\Http\\{closure}(Object(Illuminate\\Http\\Request))
#56 C:\\Users\\zahra\\Documents\\GitHub\\devOps\\vendor\\laravel\\framework\\src\\Illuminate\\Foundation\\Http\\Middleware\\TransformsRequest.php(21): Illuminate\\Pipeline\\Pipeline->Illuminate\\Pipeline\\{closure}(Object(Illuminate\\Http\\Request))
#57 C:\\Users\\zahra\\Documents\\GitHub\\devOps\\vendor\\laravel\\framework\\src\\Illuminate\\Foundation\\Http\\Middleware\\ConvertEmptyStringsToNull.php(31): Illuminate\\Foundation\\Http\\Middleware\\TransformsRequest->handle(Object(Illuminate\\Http\\Request), Object(Closure))
#58 C:\\Users\\zahra\\Documents\\GitHub\\devOps\\vendor\\laravel\\framework\\src\\Illuminate\\Pipeline\\Pipeline.php(219): Illuminate\\Foundation\\Http\\Middleware\\ConvertEmptyStringsToNull->handle(Object(Illuminate\\Http\\Request), Object(Closure))
#59 C:\\Users\\zahra\\Documents\\GitHub\\devOps\\vendor\\laravel\\framework\\src\\Illuminate\\Foundation\\Http\\Middleware\\TransformsRequest.php(21): Illuminate\\Pipeline\\Pipeline->Illuminate\\Pipeline\\{closure}(Object(Illuminate\\Http\\Request))
#60 C:\\Users\\zahra\\Documents\\GitHub\\devOps\\vendor\\laravel\\framework\\src\\Illuminate\\Foundation\\Http\\Middleware\\TrimStrings.php(51): Illuminate\\Foundation\\Http\\Middleware\\TransformsRequest->handle(Object(Illuminate\\Http\\Request), Object(Closure))
#61 C:\\Users\\zahra\\Documents\\GitHub\\devOps\\vendor\\laravel\\framework\\src\\Illuminate\\Pipeline\\Pipeline.php(219): Illuminate\\Foundation\\Http\\Middleware\\TrimStrings->handle(Object(Illuminate\\Http\\Request), Object(Closure))
#62 C:\\Users\\zahra\\Documents\\GitHub\\devOps\\vendor\\laravel\\framework\\src\\Illuminate\\Http\\Middleware\\ValidatePostSize.php(27): Illuminate\\Pipeline\\Pipeline->Illuminate\\Pipeline\\{closure}(Object(Illuminate\\Http\\Request))
#63 C:\\Users\\zahra\\Documents\\GitHub\\devOps\\vendor\\laravel\\framework\\src\\Illuminate\\Pipeline\\Pipeline.php(219): Illuminate\\Http\\Middleware\\ValidatePostSize->handle(Object(Illuminate\\Http\\Request), Object(Closure))
#64 C:\\Users\\zahra\\Documents\\GitHub\\devOps\\vendor\\laravel\\framework\\src\\Illuminate\\Foundation\\Http\\Middleware\\PreventRequestsDuringMaintenance.php(109): Illuminate\\Pipeline\\Pipeline->Illuminate\\Pipeline\\{closure}(Object(Illuminate\\Http\\Request))
#65 C:\\Users\\zahra\\Documents\\GitHub\\devOps\\vendor\\laravel\\framework\\src\\Illuminate\\Pipeline\\Pipeline.php(219): Illuminate\\Foundation\\Http\\Middleware\\PreventRequestsDuringMaintenance->handle(Object(Illuminate\\Http\\Request), Object(Closure))
#66 C:\\Users\\zahra\\Documents\\GitHub\\devOps\\vendor\\laravel\\framework\\src\\Illuminate\\Http\\Middleware\\HandleCors.php(48): Illuminate\\Pipeline\\Pipeline->Illuminate\\Pipeline\\{closure}(Object(Illuminate\\Http\\Request))
#67 C:\\Users\\zahra\\Documents\\GitHub\\devOps\\vendor\\laravel\\framework\\src\\Illuminate\\Pipeline\\Pipeline.php(219): Illuminate\\Http\\Middleware\\HandleCors->handle(Object(Illuminate\\Http\\Request), Object(Closure))
#68 C:\\Users\\zahra\\Documents\\GitHub\\devOps\\vendor\\laravel\\framework\\src\\Illuminate\\Http\\Middleware\\TrustProxies.php(58): Illuminate\\Pipeline\\Pipeline->Illuminate\\Pipeline\\{closure}(Object(Illuminate\\Http\\Request))
#69 C:\\Users\\zahra\\Documents\\GitHub\\devOps\\vendor\\laravel\\framework\\src\\Illuminate\\Pipeline\\Pipeline.php(219): Illuminate\\Http\\Middleware\\TrustProxies->handle(Object(Illuminate\\Http\\Request), Object(Closure))
#70 C:\\Users\\zahra\\Documents\\GitHub\\devOps\\vendor\\laravel\\framework\\src\\Illuminate\\Foundation\\Http\\Middleware\\InvokeDeferredCallbacks.php(22): Illuminate\\Pipeline\\Pipeline->Illuminate\\Pipeline\\{closure}(Object(Illuminate\\Http\\Request))
#71 C:\\Users\\zahra\\Documents\\GitHub\\devOps\\vendor\\laravel\\framework\\src\\Illuminate\\Pipeline\\Pipeline.php(219): Illuminate\\Foundation\\Http\\Middleware\\InvokeDeferredCallbacks->handle(Object(Illuminate\\Http\\Request), Object(Closure))
#72 C:\\Users\\zahra\\Documents\\GitHub\\devOps\\vendor\\laravel\\framework\\src\\Illuminate\\Http\\Middleware\\ValidatePathEncoding.php(26): Illuminate\\Pipeline\\Pipeline->Illuminate\\Pipeline\\{closure}(Object(Illuminate\\Http\\Request))
#73 C:\\Users\\zahra\\Documents\\GitHub\\devOps\\vendor\\laravel\\framework\\src\\Illuminate\\Pipeline\\Pipeline.php(219): Illuminate\\Http\\Middleware\\ValidatePathEncoding->handle(Object(Illuminate\\Http\\Request), Object(Closure))
#74 C:\\Users\\zahra\\Documents\\GitHub\\devOps\\vendor\\laravel\\framework\\src\\Illuminate\\Pipeline\\Pipeline.php(137): Illuminate\\Pipeline\\Pipeline->Illuminate\\Pipeline\\{closure}(Object(Illuminate\\Http\\Request))
#75 C:\\Users\\zahra\\Documents\\GitHub\\devOps\\vendor\\laravel\\framework\\src\\Illuminate\\Foundation\\Http\\Kernel.php(175): Illuminate\\Pipeline\\Pipeline->then(Object(Closure))
#76 C:\\Users\\zahra\\Documents\\GitHub\\devOps\\vendor\\laravel\\framework\\src\\Illuminate\\Foundation\\Http\\Kernel.php(144): Illuminate\\Foundation\\Http\\Kernel->sendRequestThroughRouter(Object(Illuminate\\Http\\Request))
#77 C:\\Users\\zahra\\Documents\\GitHub\\devOps\\vendor\\laravel\\framework\\src\\Illuminate\\Foundation\\Application.php(1220): Illuminate\\Foundation\\Http\\Kernel->handle(Object(Illuminate\\Http\\Request))
#78 C:\\Users\\zahra\\Documents\\GitHub\\devOps\\public\\index.php(20): Illuminate\\Foundation\\Application->handleRequest(Object(Illuminate\\Http\\Request))
#79 C:\\Users\\zahra\\Documents\\GitHub\\devOps\\vendor\\laravel\\framework\\src\\Illuminate\\Foundation\\resources\\server.php(23): require_once('C:\\\\Users\\\\zahra\\\\...')
#80 {main}
"} 
[2025-12-01 14:37:29] local.WARNING: File check failed for dokumen-uploads/20251201094628-GVSVeE-c1-dokumen-proyek-3-d3.pdf: Unable to check existence for: dokumen-uploads/20251201094628-GVSVeE-c1-dokumen-proyek-3-d3.pdf  
[2025-12-01 14:37:42] local.WARNING: File check failed for dokumen/dokumen_120_v2_1764558362.pdf: Unable to check existence for: dokumen/dokumen_120_v2_1764558362.pdf  
[2025-12-01 14:49:36] local.WARNING: File check failed for dokumen-uploads/20251201094628-GVSVeE-c1-dokumen-proyek-3-d3.pdf: Unable to check existence for: dokumen-uploads/20251201094628-GVSVeE-c1-dokumen-proyek-3-d3.pdf  
[2025-12-01 14:49:48] local.WARNING: File check failed for dokumen/dokumen_120_v2_1764558362.pdf: Unable to check existence for: dokumen/dokumen_120_v2_1764558362.pdf  
[2025-12-01 14:50:01] local.WARNING: File check failed for dokumen/dokumen_120_v3_1764575155.pdf: Unable to check existence for: dokumen/dokumen_120_v3_1764575155.pdf  
[2025-12-06 10:12:12] local.ERROR: Maximum execution time of 30 seconds exceeded {"exception":"[object] (Symfony\\Component\\ErrorHandler\\Error\\FatalError(code: 0): Maximum execution time of 30 seconds exceeded at D:\\SEMESTER 3 TEKNIK INFORMATIKA\\PROYEK-3-PBO\\APK-MANAJEMEN-DOSEN\\devOps\\devOps\\vendor\\laravel\\framework\\src\\Illuminate\\Database\\Connectors\\Connector.php:67)
[stacktrace]
#0 {main}
"} 
[2025-12-06 10:13:02] local.ERROR: Maximum execution time of 30 seconds exceeded {"exception":"[object] (Symfony\\Component\\ErrorHandler\\Error\\FatalError(code: 0): Maximum execution time of 30 seconds exceeded at D:\\SEMESTER 3 TEKNIK INFORMATIKA\\PROYEK-3-PBO\\APK-MANAJEMEN-DOSEN\\devOps\\devOps\\vendor\\laravel\\framework\\src\\Illuminate\\Database\\Connectors\\Connector.php:67)
[stacktrace]
#0 {main}
"} 
[2025-12-06 10:13:58] local.ERROR: Maximum execution time of 30 seconds exceeded {"exception":"[object] (Symfony\\Component\\ErrorHandler\\Error\\FatalError(code: 0): Maximum execution time of 30 seconds exceeded at D:\\SEMESTER 3 TEKNIK INFORMATIKA\\PROYEK-3-PBO\\APK-MANAJEMEN-DOSEN\\devOps\\devOps\\vendor\\laravel\\framework\\src\\Illuminate\\Database\\Connectors\\Connector.php:67)
[stacktrace]
#0 {main}
"} 
[2025-12-06 10:14:43] local.ERROR: Maximum execution time of 30 seconds exceeded {"exception":"[object] (Symfony\\Component\\ErrorHandler\\Error\\FatalError(code: 0): Maximum execution time of 30 seconds exceeded at D:\\SEMESTER 3 TEKNIK INFORMATIKA\\PROYEK-3-PBO\\APK-MANAJEMEN-DOSEN\\devOps\\devOps\\vendor\\laravel\\framework\\src\\Illuminate\\Database\\Connectors\\Connector.php:67)
[stacktrace]
#0 {main}
"} 
[2025-12-06 10:15:27] local.ERROR: Maximum execution time of 30 seconds exceeded {"exception":"[object] (Symfony\\Component\\ErrorHandler\\Error\\FatalError(code: 0): Maximum execution time of 30 seconds exceeded at D:\\SEMESTER 3 TEKNIK INFORMATIKA\\PROYEK-3-PBO\\APK-MANAJEMEN-DOSEN\\devOps\\devOps\\vendor\\laravel\\framework\\src\\Illuminate\\Database\\Connectors\\Connector.php:67)
[stacktrace]
#0 {main}
"} 
[2025-12-06 10:16:11] local.ERROR: Maximum execution time of 30 seconds exceeded {"exception":"[object] (Symfony\\Component\\ErrorHandler\\Error\\FatalError(code: 0): Maximum execution time of 30 seconds exceeded at D:\\SEMESTER 3 TEKNIK INFORMATIKA\\PROYEK-3-PBO\\APK-MANAJEMEN-DOSEN\\devOps\\devOps\\vendor\\laravel\\framework\\src\\Illuminate\\Database\\Connectors\\Connector.php:67)
[stacktrace]
#0 {main}
"} 
[2025-12-06 10:17:46] local.ERROR: Maximum execution time of 30 seconds exceeded {"exception":"[object] (Symfony\\Component\\ErrorHandler\\Error\\FatalError(code: 0): Maximum execution time of 30 seconds exceeded at D:\\SEMESTER 3 TEKNIK INFORMATIKA\\PROYEK-3-PBO\\APK-MANAJEMEN-DOSEN\\devOps\\devOps\\vendor\\laravel\\framework\\src\\Illuminate\\Database\\Connectors\\Connector.php:67)
[stacktrace]
#0 {main}
"} 
[2025-12-24 09:44:30] local.ERROR: SQLSTATE[08006] [7] connection to server at "aws-1-ap-southeast-1.pooler.supabase.com" (3.1.167.181), port 5432 failed: Connection timed out (0x0000274C/10060)
	Is the server running on that host and accepting TCP/IP connections?
connection to server at "aws-1-ap-southeast-1.pooler.supabase.com" (13.213.241.248), port 5432 failed: Connection timed out (0x0000274C/10060)
	Is the server running on that host and accepting TCP/IP connections? (Connection: pgsql, SQL: select exists (select 1 from pg_class c, pg_namespace n where n.nspname = current_schema() and c.relname = 'migrations' and c.relkind in ('r', 'p') and n.oid = c.relnamespace)) {"exception":"[object] (Illuminate\\Database\\QueryException(code: 7): SQLSTATE[08006] [7] connection to server at \"aws-1-ap-southeast-1.pooler.supabase.com\" (3.1.167.181), port 5432 failed: Connection timed out (0x0000274C/10060)
\tIs the server running on that host and accepting TCP/IP connections?
connection to server at \"aws-1-ap-southeast-1.pooler.supabase.com\" (13.213.241.248), port 5432 failed: Connection timed out (0x0000274C/10060)
\tIs the server running on that host and accepting TCP/IP connections? (Connection: pgsql, SQL: select exists (select 1 from pg_class c, pg_namespace n where n.nspname = current_schema() and c.relname = 'migrations' and c.relkind in ('r', 'p') and n.oid = c.relnamespace)) at D:\\SEMESTER 3 TEKNIK INFORMATIKA\\PROYEK-3-PBO\\APK-MANAJEMEN-DOSEN\\devOps\\devOps\\vendor\\laravel\\framework\\src\\Illuminate\\Database\\Connection.php:824)
[stacktrace]
#0 D:\\SEMESTER 3 TEKNIK INFORMATIKA\\PROYEK-3-PBO\\APK-MANAJEMEN-DOSEN\\devOps\\devOps\\vendor\\laravel\\framework\\src\\Illuminate\\Database\\Connection.php(778): Illuminate\\Database\\Connection->runQueryCallback()
#1 D:\\SEMESTER 3 TEKNIK INFORMATIKA\\PROYEK-3-PBO\\APK-MANAJEMEN-DOSEN\\devOps\\devOps\\vendor\\laravel\\framework\\src\\Illuminate\\Database\\Connection.php(397): Illuminate\\Database\\Connection->run()
#2 D:\\SEMESTER 3 TEKNIK INFORMATIKA\\PROYEK-3-PBO\\APK-MANAJEMEN-DOSEN\\devOps\\devOps\\vendor\\laravel\\framework\\src\\Illuminate\\Database\\Connection.php(343): Illuminate\\Database\\Connection->select()
#3 D:\\SEMESTER 3 TEKNIK INFORMATIKA\\PROYEK-3-PBO\\APK-MANAJEMEN-DOSEN\\devOps\\devOps\\vendor\\laravel\\framework\\src\\Illuminate\\Database\\Connection.php(360): Illuminate\\Database\\Connection->selectOne()
#4 D:\\SEMESTER 3 TEKNIK INFORMATIKA\\PROYEK-3-PBO\\APK-MANAJEMEN-DOSEN\\devOps\\devOps\\vendor\\laravel\\framework\\src\\Illuminate\\Database\\Schema\\Builder.php(174): Illuminate\\Database\\Connection->scalar()
#5 D:\\SEMESTER 3 TEKNIK INFORMATIKA\\PROYEK-3-PBO\\APK-MANAJEMEN-DOSEN\\devOps\\devOps\\vendor\\laravel\\framework\\src\\Illuminate\\Database\\Migrations\\DatabaseMigrationRepository.php(185): Illuminate\\Database\\Schema\\Builder->hasTable()
#6 D:\\SEMESTER 3 TEKNIK INFORMATIKA\\PROYEK-3-PBO\\APK-MANAJEMEN-DOSEN\\devOps\\devOps\\vendor\\laravel\\framework\\src\\Illuminate\\Database\\Migrations\\Migrator.php(753): Illuminate\\Database\\Migrations\\DatabaseMigrationRepository->repositoryExists()
#7 D:\\SEMESTER 3 TEKNIK INFORMATIKA\\PROYEK-3-PBO\\APK-MANAJEMEN-DOSEN\\devOps\\devOps\\vendor\\laravel\\framework\\src\\Illuminate\\Database\\Console\\Migrations\\MigrateCommand.php(164): Illuminate\\Database\\Migrations\\Migrator->repositoryExists()
#8 D:\\SEMESTER 3 TEKNIK INFORMATIKA\\PROYEK-3-PBO\\APK-MANAJEMEN-DOSEN\\devOps\\devOps\\vendor\\laravel\\framework\\src\\Illuminate\\Support\\helpers.php(329): Illuminate\\Database\\Console\\Migrations\\MigrateCommand->{closure:Illuminate\\Database\\Console\\Migrations\\MigrateCommand::repositoryExists():164}()
#9 D:\\SEMESTER 3 TEKNIK INFORMATIKA\\PROYEK-3-PBO\\APK-MANAJEMEN-DOSEN\\devOps\\devOps\\vendor\\laravel\\framework\\src\\Illuminate\\Database\\Console\\Migrations\\MigrateCommand.php(164): retry()
#10 D:\\SEMESTER 3 TEKNIK INFORMATIKA\\PROYEK-3-PBO\\APK-MANAJEMEN-DOSEN\\devOps\\devOps\\vendor\\laravel\\framework\\src\\Illuminate\\Database\\Console\\Migrations\\MigrateCommand.php(140): Illuminate\\Database\\Console\\Migrations\\MigrateCommand->repositoryExists()
#11 D:\\SEMESTER 3 TEKNIK INFORMATIKA\\PROYEK-3-PBO\\APK-MANAJEMEN-DOSEN\\devOps\\devOps\\vendor\\laravel\\framework\\src\\Illuminate\\Database\\Console\\Migrations\\MigrateCommand.php(110): Illuminate\\Database\\Console\\Migrations\\MigrateCommand->prepareDatabase()
#12 D:\\SEMESTER 3 TEKNIK INFORMATIKA\\PROYEK-3-PBO\\APK-MANAJEMEN-DOSEN\\devOps\\devOps\\vendor\\laravel\\framework\\src\\Illuminate\\Database\\Migrations\\Migrator.php(666): Illuminate\\Database\\Console\\Migrations\\MigrateCommand->{closure:Illuminate\\Database\\Console\\Migrations\\MigrateCommand::runMigrations():109}()
#13 D:\\SEMESTER 3 TEKNIK INFORMATIKA\\PROYEK-3-PBO\\APK-MANAJEMEN-DOSEN\\devOps\\devOps\\vendor\\laravel\\framework\\src\\Illuminate\\Database\\Console\\Migrations\\MigrateCommand.php(109): Illuminate\\Database\\Migrations\\Migrator->usingConnection()
#14 D:\\SEMESTER 3 TEKNIK INFORMATIKA\\PROYEK-3-PBO\\APK-MANAJEMEN-DOSEN\\devOps\\devOps\\vendor\\laravel\\framework\\src\\Illuminate\\Database\\Console\\Migrations\\MigrateCommand.php(88): Illuminate\\Database\\Console\\Migrations\\MigrateCommand->runMigrations()
#15 D:\\SEMESTER 3 TEKNIK INFORMATIKA\\PROYEK-3-PBO\\APK-MANAJEMEN-DOSEN\\devOps\\devOps\\vendor\\laravel\\framework\\src\\Illuminate\\Container\\BoundMethod.php(36): Illuminate\\Database\\Console\\Migrations\\MigrateCommand->handle()
#16 D:\\SEMESTER 3 TEKNIK INFORMATIKA\\PROYEK-3-PBO\\APK-MANAJEMEN-DOSEN\\devOps\\devOps\\vendor\\laravel\\framework\\src\\Illuminate\\Container\\Util.php(43): Illuminate\\Container\\BoundMethod::{closure:Illuminate\\Container\\BoundMethod::call():35}()
#17 D:\\SEMESTER 3 TEKNIK INFORMATIKA\\PROYEK-3-PBO\\APK-MANAJEMEN-DOSEN\\devOps\\devOps\\vendor\\laravel\\framework\\src\\Illuminate\\Container\\BoundMethod.php(96): Illuminate\\Container\\Util::unwrapIfClosure()
#18 D:\\SEMESTER 3 TEKNIK INFORMATIKA\\PROYEK-3-PBO\\APK-MANAJEMEN-DOSEN\\devOps\\devOps\\vendor\\laravel\\framework\\src\\Illuminate\\Container\\BoundMethod.php(35): Illuminate\\Container\\BoundMethod::callBoundMethod()
#19 D:\\SEMESTER 3 TEKNIK INFORMATIKA\\PROYEK-3-PBO\\APK-MANAJEMEN-DOSEN\\devOps\\devOps\\vendor\\laravel\\framework\\src\\Illuminate\\Container\\Container.php(836): Illuminate\\Container\\BoundMethod::call()
#20 D:\\SEMESTER 3 TEKNIK INFORMATIKA\\PROYEK-3-PBO\\APK-MANAJEMEN-DOSEN\\devOps\\devOps\\vendor\\laravel\\framework\\src\\Illuminate\\Console\\Command.php(211): Illuminate\\Container\\Container->call()
#21 D:\\SEMESTER 3 TEKNIK INFORMATIKA\\PROYEK-3-PBO\\APK-MANAJEMEN-DOSEN\\devOps\\devOps\\vendor\\symfony\\console\\Command\\Command.php(318): Illuminate\\Console\\Command->execute()
#22 D:\\SEMESTER 3 TEKNIK INFORMATIKA\\PROYEK-3-PBO\\APK-MANAJEMEN-DOSEN\\devOps\\devOps\\vendor\\laravel\\framework\\src\\Illuminate\\Console\\Command.php(180): Symfony\\Component\\Console\\Command\\Command->run()
#23 D:\\SEMESTER 3 TEKNIK INFORMATIKA\\PROYEK-3-PBO\\APK-MANAJEMEN-DOSEN\\devOps\\devOps\\vendor\\symfony\\console\\Application.php(1073): Illuminate\\Console\\Command->run()
#24 D:\\SEMESTER 3 TEKNIK INFORMATIKA\\PROYEK-3-PBO\\APK-MANAJEMEN-DOSEN\\devOps\\devOps\\vendor\\symfony\\console\\Application.php(356): Symfony\\Component\\Console\\Application->doRunCommand()
#25 D:\\SEMESTER 3 TEKNIK INFORMATIKA\\PROYEK-3-PBO\\APK-MANAJEMEN-DOSEN\\devOps\\devOps\\vendor\\symfony\\console\\Application.php(195): Symfony\\Component\\Console\\Application->doRun()
#26 D:\\SEMESTER 3 TEKNIK INFORMATIKA\\PROYEK-3-PBO\\APK-MANAJEMEN-DOSEN\\devOps\\devOps\\vendor\\laravel\\framework\\src\\Illuminate\\Foundation\\Console\\Kernel.php(197): Symfony\\Component\\Console\\Application->run()
#27 D:\\SEMESTER 3 TEKNIK INFORMATIKA\\PROYEK-3-PBO\\APK-MANAJEMEN-DOSEN\\devOps\\devOps\\vendor\\laravel\\framework\\src\\Illuminate\\Foundation\\Application.php(1235): Illuminate\\Foundation\\Console\\Kernel->handle()
#28 D:\\SEMESTER 3 TEKNIK INFORMATIKA\\PROYEK-3-PBO\\APK-MANAJEMEN-DOSEN\\devOps\\devOps\\artisan(16): Illuminate\\Foundation\\Application->handleCommand()
#29 {main}

[previous exception] [object] (PDOException(code: 7): SQLSTATE[08006] [7] connection to server at \"aws-1-ap-southeast-1.pooler.supabase.com\" (3.1.167.181), port 5432 failed: Connection timed out (0x0000274C/10060)
\tIs the server running on that host and accepting TCP/IP connections?
connection to server at \"aws-1-ap-southeast-1.pooler.supabase.com\" (13.213.241.248), port 5432 failed: Connection timed out (0x0000274C/10060)
\tIs the server running on that host and accepting TCP/IP connections? at D:\\SEMESTER 3 TEKNIK INFORMATIKA\\PROYEK-3-PBO\\APK-MANAJEMEN-DOSEN\\devOps\\devOps\\vendor\\laravel\\framework\\src\\Illuminate\\Database\\Connectors\\Connector.php:67)
[stacktrace]
#0 D:\\SEMESTER 3 TEKNIK INFORMATIKA\\PROYEK-3-PBO\\APK-MANAJEMEN-DOSEN\\devOps\\devOps\\vendor\\laravel\\framework\\src\\Illuminate\\Database\\Connectors\\Connector.php(67): PDO::connect()
#1 D:\\SEMESTER 3 TEKNIK INFORMATIKA\\PROYEK-3-PBO\\APK-MANAJEMEN-DOSEN\\devOps\\devOps\\vendor\\laravel\\framework\\src\\Illuminate\\Database\\Connectors\\Connector.php(44): Illuminate\\Database\\Connectors\\Connector->createPdoConnection()
#2 D:\\SEMESTER 3 TEKNIK INFORMATIKA\\PROYEK-3-PBO\\APK-MANAJEMEN-DOSEN\\devOps\\devOps\\vendor\\laravel\\framework\\src\\Illuminate\\Database\\Connectors\\PostgresConnector.php(35): Illuminate\\Database\\Connectors\\Connector->createConnection()
#3 D:\\SEMESTER 3 TEKNIK INFORMATIKA\\PROYEK-3-PBO\\APK-MANAJEMEN-DOSEN\\devOps\\devOps\\vendor\\laravel\\framework\\src\\Illuminate\\Database\\Connectors\\ConnectionFactory.php(184): Illuminate\\Database\\Connectors\\PostgresConnector->connect()
#4 [internal function]: Illuminate\\Database\\Connectors\\ConnectionFactory->{closure:Illuminate\\Database\\Connectors\\ConnectionFactory::createPdoResolverWithHosts():179}()
#5 D:\\SEMESTER 3 TEKNIK INFORMATIKA\\PROYEK-3-PBO\\APK-MANAJEMEN-DOSEN\\devOps\\devOps\\vendor\\laravel\\framework\\src\\Illuminate\\Database\\Connection.php(1234): call_user_func()
#6 D:\\SEMESTER 3 TEKNIK INFORMATIKA\\PROYEK-3-PBO\\APK-MANAJEMEN-DOSEN\\devOps\\devOps\\vendor\\laravel\\framework\\src\\Illuminate\\Database\\Connection.php(1270): Illuminate\\Database\\Connection->getPdo()
#7 D:\\SEMESTER 3 TEKNIK INFORMATIKA\\PROYEK-3-PBO\\APK-MANAJEMEN-DOSEN\\devOps\\devOps\\vendor\\laravel\\framework\\src\\Illuminate\\Database\\Connection.php(511): Illuminate\\Database\\Connection->getReadPdo()
#8 D:\\SEMESTER 3 TEKNIK INFORMATIKA\\PROYEK-3-PBO\\APK-MANAJEMEN-DOSEN\\devOps\\devOps\\vendor\\laravel\\framework\\src\\Illuminate\\Database\\Connection.php(406): Illuminate\\Database\\Connection->getPdoForSelect()
#9 D:\\SEMESTER 3 TEKNIK INFORMATIKA\\PROYEK-3-PBO\\APK-MANAJEMEN-DOSEN\\devOps\\devOps\\vendor\\laravel\\framework\\src\\Illuminate\\Database\\Connection.php(811): Illuminate\\Database\\Connection->{closure:Illuminate\\Database\\Connection::select():397}()
#10 D:\\SEMESTER 3 TEKNIK INFORMATIKA\\PROYEK-3-PBO\\APK-MANAJEMEN-DOSEN\\devOps\\devOps\\vendor\\laravel\\framework\\src\\Illuminate\\Database\\Connection.php(778): Illuminate\\Database\\Connection->runQueryCallback()
#11 D:\\SEMESTER 3 TEKNIK INFORMATIKA\\PROYEK-3-PBO\\APK-MANAJEMEN-DOSEN\\devOps\\devOps\\vendor\\laravel\\framework\\src\\Illuminate\\Database\\Connection.php(397): Illuminate\\Database\\Connection->run()
#12 D:\\SEMESTER 3 TEKNIK INFORMATIKA\\PROYEK-3-PBO\\APK-MANAJEMEN-DOSEN\\devOps\\devOps\\vendor\\laravel\\framework\\src\\Illuminate\\Database\\Connection.php(343): Illuminate\\Database\\Connection->select()
#13 D:\\SEMESTER 3 TEKNIK INFORMATIKA\\PROYEK-3-PBO\\APK-MANAJEMEN-DOSEN\\devOps\\devOps\\vendor\\laravel\\framework\\src\\Illuminate\\Database\\Connection.php(360): Illuminate\\Database\\Connection->selectOne()
#14 D:\\SEMESTER 3 TEKNIK INFORMATIKA\\PROYEK-3-PBO\\APK-MANAJEMEN-DOSEN\\devOps\\devOps\\vendor\\laravel\\framework\\src\\Illuminate\\Database\\Schema\\Builder.php(174): Illuminate\\Database\\Connection->scalar()
#15 D:\\SEMESTER 3 TEKNIK INFORMATIKA\\PROYEK-3-PBO\\APK-MANAJEMEN-DOSEN\\devOps\\devOps\\vendor\\laravel\\framework\\src\\Illuminate\\Database\\Migrations\\DatabaseMigrationRepository.php(185): Illuminate\\Database\\Schema\\Builder->hasTable()
#16 D:\\SEMESTER 3 TEKNIK INFORMATIKA\\PROYEK-3-PBO\\APK-MANAJEMEN-DOSEN\\devOps\\devOps\\vendor\\laravel\\framework\\src\\Illuminate\\Database\\Migrations\\Migrator.php(753): Illuminate\\Database\\Migrations\\DatabaseMigrationRepository->repositoryExists()
#17 D:\\SEMESTER 3 TEKNIK INFORMATIKA\\PROYEK-3-PBO\\APK-MANAJEMEN-DOSEN\\devOps\\devOps\\vendor\\laravel\\framework\\src\\Illuminate\\Database\\Console\\Migrations\\MigrateCommand.php(164): Illuminate\\Database\\Migrations\\Migrator->repositoryExists()
#18 D:\\SEMESTER 3 TEKNIK INFORMATIKA\\PROYEK-3-PBO\\APK-MANAJEMEN-DOSEN\\devOps\\devOps\\vendor\\laravel\\framework\\src\\Illuminate\\Support\\helpers.php(329): Illuminate\\Database\\Console\\Migrations\\MigrateCommand->{closure:Illuminate\\Database\\Console\\Migrations\\MigrateCommand::repositoryExists():164}()
#19 D:\\SEMESTER 3 TEKNIK INFORMATIKA\\PROYEK-3-PBO\\APK-MANAJEMEN-DOSEN\\devOps\\devOps\\vendor\\laravel\\framework\\src\\Illuminate\\Database\\Console\\Migrations\\MigrateCommand.php(164): retry()
#20 D:\\SEMESTER 3 TEKNIK INFORMATIKA\\PROYEK-3-PBO\\APK-MANAJEMEN-DOSEN\\devOps\\devOps\\vendor\\laravel\\framework\\src\\Illuminate\\Database\\Console\\Migrations\\MigrateCommand.php(140): Illuminate\\Database\\Console\\Migrations\\MigrateCommand->repositoryExists()
#21 D:\\SEMESTER 3 TEKNIK INFORMATIKA\\PROYEK-3-PBO\\APK-MANAJEMEN-DOSEN\\devOps\\devOps\\vendor\\laravel\\framework\\src\\Illuminate\\Database\\Console\\Migrations\\MigrateCommand.php(110): Illuminate\\Database\\Console\\Migrations\\MigrateCommand->prepareDatabase()
#22 D:\\SEMESTER 3 TEKNIK INFORMATIKA\\PROYEK-3-PBO\\APK-MANAJEMEN-DOSEN\\devOps\\devOps\\vendor\\laravel\\framework\\src\\Illuminate\\Database\\Migrations\\Migrator.php(666): Illuminate\\Database\\Console\\Migrations\\MigrateCommand->{closure:Illuminate\\Database\\Console\\Migrations\\MigrateCommand::runMigrations():109}()
#23 D:\\SEMESTER 3 TEKNIK INFORMATIKA\\PROYEK-3-PBO\\APK-MANAJEMEN-DOSEN\\devOps\\devOps\\vendor\\laravel\\framework\\src\\Illuminate\\Database\\Console\\Migrations\\MigrateCommand.php(109): Illuminate\\Database\\Migrations\\Migrator->usingConnection()
#24 D:\\SEMESTER 3 TEKNIK INFORMATIKA\\PROYEK-3-PBO\\APK-MANAJEMEN-DOSEN\\devOps\\devOps\\vendor\\laravel\\framework\\src\\Illuminate\\Database\\Console\\Migrations\\MigrateCommand.php(88): Illuminate\\Database\\Console\\Migrations\\MigrateCommand->runMigrations()
#25 D:\\SEMESTER 3 TEKNIK INFORMATIKA\\PROYEK-3-PBO\\APK-MANAJEMEN-DOSEN\\devOps\\devOps\\vendor\\laravel\\framework\\src\\Illuminate\\Container\\BoundMethod.php(36): Illuminate\\Database\\Console\\Migrations\\MigrateCommand->handle()
#26 D:\\SEMESTER 3 TEKNIK INFORMATIKA\\PROYEK-3-PBO\\APK-MANAJEMEN-DOSEN\\devOps\\devOps\\vendor\\laravel\\framework\\src\\Illuminate\\Container\\Util.php(43): Illuminate\\Container\\BoundMethod::{closure:Illuminate\\Container\\BoundMethod::call():35}()
#27 D:\\SEMESTER 3 TEKNIK INFORMATIKA\\PROYEK-3-PBO\\APK-MANAJEMEN-DOSEN\\devOps\\devOps\\vendor\\laravel\\framework\\src\\Illuminate\\Container\\BoundMethod.php(96): Illuminate\\Container\\Util::unwrapIfClosure()
#28 D:\\SEMESTER 3 TEKNIK INFORMATIKA\\PROYEK-3-PBO\\APK-MANAJEMEN-DOSEN\\devOps\\devOps\\vendor\\laravel\\framework\\src\\Illuminate\\Container\\BoundMethod.php(35): Illuminate\\Container\\BoundMethod::callBoundMethod()
#29 D:\\SEMESTER 3 TEKNIK INFORMATIKA\\PROYEK-3-PBO\\APK-MANAJEMEN-DOSEN\\devOps\\devOps\\vendor\\laravel\\framework\\src\\Illuminate\\Container\\Container.php(836): Illuminate\\Container\\BoundMethod::call()
#30 D:\\SEMESTER 3 TEKNIK INFORMATIKA\\PROYEK-3-PBO\\APK-MANAJEMEN-DOSEN\\devOps\\devOps\\vendor\\laravel\\framework\\src\\Illuminate\\Console\\Command.php(211): Illuminate\\Container\\Container->call()
#31 D:\\SEMESTER 3 TEKNIK INFORMATIKA\\PROYEK-3-PBO\\APK-MANAJEMEN-DOSEN\\devOps\\devOps\\vendor\\symfony\\console\\Command\\Command.php(318): Illuminate\\Console\\Command->execute()
#32 D:\\SEMESTER 3 TEKNIK INFORMATIKA\\PROYEK-3-PBO\\APK-MANAJEMEN-DOSEN\\devOps\\devOps\\vendor\\laravel\\framework\\src\\Illuminate\\Console\\Command.php(180): Symfony\\Component\\Console\\Command\\Command->run()
#33 D:\\SEMESTER 3 TEKNIK INFORMATIKA\\PROYEK-3-PBO\\APK-MANAJEMEN-DOSEN\\devOps\\devOps\\vendor\\symfony\\console\\Application.php(1073): Illuminate\\Console\\Command->run()
#34 D:\\SEMESTER 3 TEKNIK INFORMATIKA\\PROYEK-3-PBO\\APK-MANAJEMEN-DOSEN\\devOps\\devOps\\vendor\\symfony\\console\\Application.php(356): Symfony\\Component\\Console\\Application->doRunCommand()
#35 D:\\SEMESTER 3 TEKNIK INFORMATIKA\\PROYEK-3-PBO\\APK-MANAJEMEN-DOSEN\\devOps\\devOps\\vendor\\symfony\\console\\Application.php(195): Symfony\\Component\\Console\\Application->doRun()
#36 D:\\SEMESTER 3 TEKNIK INFORMATIKA\\PROYEK-3-PBO\\APK-MANAJEMEN-DOSEN\\devOps\\devOps\\vendor\\laravel\\framework\\src\\Illuminate\\Foundation\\Console\\Kernel.php(197): Symfony\\Component\\Console\\Application->run()
#37 D:\\SEMESTER 3 TEKNIK INFORMATIKA\\PROYEK-3-PBO\\APK-MANAJEMEN-DOSEN\\devOps\\devOps\\vendor\\laravel\\framework\\src\\Illuminate\\Foundation\\Application.php(1235): Illuminate\\Foundation\\Console\\Kernel->handle()
#38 D:\\SEMESTER 3 TEKNIK INFORMATIKA\\PROYEK-3-PBO\\APK-MANAJEMEN-DOSEN\\devOps\\devOps\\artisan(16): Illuminate\\Foundation\\Application->handleCommand()
#39 {main}
"} 
